Batch,Virus,Replicate,Plate,Well,Sample,Dilution,Neut,DilutionLog2
2,THA22,1,1,A1,837S1007,50,88.374239,-5.643856189774724
2,THA22,2,1,A2,837S1007,50,88.706403,-5.643856189774724
2,THA22,3,1,A3,837S1007,50,89.86898,-5.643856189774724
2,THA22,1,1,A4,837S1024,50,35.06182,-5.643856189774724
2,THA22,2,1,A5,837S1024,50,39.546042,-5.643856189774724
2,THA22,3,1,A6,837S1024,50,49.012733,-5.643856189774724
2,THA22,1,1,A7,837S1030,50,93.467429,-5.643856189774724
2,THA22,2,1,A8,837S1030,50,95.183613,-5.643856189774724
2,THA22,3,1,A9,837S1030,50,95.017531,-5.643856189774724
2,THA22,1,1,A10,837S1035,50,23.491419,-5.643856189774724
2,THA22,2,1,A11,837S1035,50,27.643477,-5.643856189774724
2,THA22,3,1,A12,837S1035,50,13.581842,-5.643856189774724
2,THA22,1,1,B1,837S1007,100,55.32386,-6.643856189774724
2,THA22,2,1,B2,837S1007,100,69.053331,-6.643856189774724
2,THA22,3,1,B3,837S1007,100,67.890755,-6.643856189774724
2,THA22,1,1,B4,837S1024,100,41.317586,-6.643856189774724
2,THA22,2,1,B5,837S1024,100,41.040782,-6.643856189774724
2,THA22,3,1,B6,837S1024,100,36.667282,-6.643856189774724
2,THA22,1,1,B7,837S1030,100,75.364458,-6.643856189774724
2,THA22,2,1,B8,837S1030,100,77.855693,-6.643856189774724
2,THA22,3,1,B9,837S1030,100,74.589408,-6.643856189774724
2,THA22,1,1,B10,837S1035,100,23.380698,-6.643856189774724
2,THA22,2,1,B11,837S1035,100,27.422034,-6.643856189774724
2,THA22,3,1,B12,837S1035,100,-6.514117,-6.643856189774724
2,THA22,1,1,C1,837S1007,200,37.885219,-7.643856189774724
2,THA22,2,1,C2,837S1007,200,42.369441,-7.643856189774724
2,THA22,3,1,C3,837S1007,200,48.348404,-7.643856189774724
2,THA22,1,1,C4,837S1024,200,35.781509,-7.643856189774724
2,THA22,2,1,C5,837S1024,200,32.792028,-7.643856189774724
2,THA22,3,1,C6,837S1024,200,35.615427,-7.643856189774724
2,THA22,1,1,C7,837S1030,200,65.344159,-7.643856189774724
2,THA22,2,1,C8,837S1030,200,58.590146,-7.643856189774724
2,THA22,3,1,C9,837S1030,200,49.677062,-7.643856189774724
2,THA22,1,1,C10,837S1035,200,22.052039,-7.643856189774724
2,THA22,2,1,C11,837S1035,200,19.22864,-7.643856189774724
2,THA22,3,1,C12,837S1035,200,57.815095,-7.643856189774724
2,THA22,1,1,D1,837S1007,400,24.045027,-8.643856189774725
2,THA22,2,1,D2,837S1007,400,36.833364,-8.643856189774725
2,THA22,3,1,D3,837S1007,400,56.541797,-8.643856189774725
2,THA22,1,1,D4,837S1024,400,32.625946,-8.643856189774725
2,THA22,2,1,D5,837S1024,400,33.6778,-8.643856189774725
2,THA22,3,1,D6,837S1024,400,60.029526,-8.643856189774725
2,THA22,1,1,D7,837S1030,400,63.794058,-8.643856189774725
2,THA22,2,1,D8,837S1030,400,28.750692,-8.643856189774725
2,THA22,3,1,D9,837S1030,400,42.203359,-8.643856189774725
2,THA22,1,1,D10,837S1035,400,38.383466,-8.643856189774725
2,THA22,2,1,D11,837S1035,400,11.810297,-8.643856189774725
2,THA22,3,1,D12,837S1035,400,-4.521129,-8.643856189774725
2,THA22,1,1,E1,837S1007,800,2.398967,-9.643856189774723
2,THA22,2,1,E2,837S1007,800,32.23842,-9.643856189774723
2,THA22,3,1,E3,837S1007,800,26.591622,-9.643856189774723
2,THA22,1,1,E4,837S1024,800,33.456357,-9.643856189774723
2,THA22,2,1,E5,837S1024,800,34.729655,-9.643856189774723
2,THA22,3,1,E6,837S1024,800,61.911792,-9.643856189774723
2,THA22,1,1,E7,837S1030,800,30.74368,-9.643856189774723
2,THA22,2,1,E8,837S1030,800,34.176047,-9.643856189774723
2,THA22,3,1,E9,837S1030,800,36.611921,-9.643856189774723
2,THA22,1,1,E10,837S1035,800,17.78926,-9.643856189774723
2,THA22,2,1,E11,837S1035,800,28.58461,-9.643856189774723
2,THA22,3,1,E12,837S1035,800,-0.535154,-9.643856189774723
2,THA22,1,1,F1,837S1007,1600,19.616165,-10.643856189774723
2,THA22,2,1,F2,837S1007,1600,39.712124,-10.643856189774723
2,THA22,3,1,F3,837S1007,1600,25.650489,-10.643856189774723
2,THA22,1,1,F4,837S1024,1600,26.591622,-10.643856189774723
2,THA22,2,1,F5,837S1024,1600,25.429046,-10.643856189774723
2,THA22,3,1,F6,837S1024,1600,49.898505,-10.643856189774723
2,THA22,1,1,F7,837S1030,1600,26.370179,-10.643856189774723
2,THA22,2,1,F8,837S1030,1600,29.027496,-10.643856189774723
2,THA22,3,1,F9,837S1030,1600,15.187304,-10.643856189774723
2,THA22,3,1,F10,837S1035,1600,20.003691,-10.643856189774723
2,THA22,3,1,F11,837S1035,1600,28.031002,-10.643856189774723
2,THA22,3,1,F12,837S1035,1600,-12.603801,-10.643856189774723
2,THA22,1,1,G1,837S1007,3200,37.165529,-11.643856189774723
2,THA22,2,1,G2,837S1007,3200,27.422034,-11.643856189774723
2,THA22,3,1,G3,837S1007,3200,32.18306,-11.643856189774723
2,THA22,1,1,G4,837S1024,3200,19.007197,-11.643856189774723
2,THA22,2,1,G5,837S1024,3200,21.609153,-11.643856189774723
2,THA22,3,1,G6,837S1024,3200,10.260196,-11.643856189774723
2,THA22,1,1,G7,837S1030,3200,18.785754,-11.643856189774723
2,THA22,2,1,G8,837S1030,3200,19.117918,-11.643856189774723
2,THA22,3,1,G9,837S1030,3200,12.253183,-11.643856189774723
2,THA22,1,1,G10,837S1035,3200,48.016239,-11.643856189774723
2,THA22,2,1,G11,837S1035,3200,15.63019,-11.643856189774723
2,THA22,3,1,G12,837S1035,3200,6.93855,-11.643856189774723
1,THA22,1,2,A1,837S1036,50,73.136866,-5.643856189774724
1,THA22,2,2,A2,837S1036,50,75.177104,-5.643856189774724
1,THA22,3,2,A3,837S1036,50,75.687163,-5.643856189774724
1,THA22,1,2,A4,837S1054,50,94.474355,-5.643856189774724
1,THA22,2,2,A5,837S1054,50,94.814395,-5.643856189774724
1,THA22,3,2,A6,837S1054,50,95.154435,-5.643856189774724
1,THA22,1,2,A7,837S1065,50,92.689147,-5.643856189774724
1,THA22,2,2,A8,837S1065,50,90.05384,-5.643856189774724
1,THA22,3,2,A9,837S1065,50,87.928592,-5.643856189774724
1,THA22,1,2,A10,837S1070,50,30.631907000000002,-5.643856189774724
1,THA22,2,2,A11,837S1070,50,18.815528,-5.643856189774724
1,THA22,3,2,A12,837S1070,50,21.450836,-5.643856189774724
1,THA22,1,2,B1,837S1036,100,59.535279,-6.643856189774724
1,THA22,2,2,B2,837S1036,100,55.369793,-6.643856189774724
1,THA22,3,2,B3,837S1036,100,52.649476,-6.643856189774724
1,THA22,1,2,B4,837S1054,100,84.528195,-6.643856189774724
1,THA22,2,2,B5,837S1054,100,76.622273,-6.643856189774724
1,THA22,3,2,B6,837S1054,100,79.937659,-6.643856189774724
1,THA22,1,2,B7,837S1065,100,80.702749,-6.643856189774724
1,THA22,2,2,B8,837S1065,100,87.163502,-6.643856189774724
1,THA22,3,2,B9,837S1065,100,74.837064,-6.643856189774724
1,THA22,1,2,B10,837S1070,100,40.918107,-6.643856189774724
1,THA22,2,2,B11,837S1070,100,20.260697,-6.643856189774724
1,THA22,3,2,B12,837S1070,100,33.437234,-6.643856189774724
1,THA22,1,2,C1,837S1036,200,34.287334,-7.643856189774724
1,THA22,2,2,C2,837S1036,200,39.217909,-7.643856189774724
1,THA22,3,2,C3,837S1036,200,44.998583000000004,-7.643856189774724
1,THA22,1,2,C4,837S1054,200,59.960329,-7.643856189774724
1,THA22,2,2,C5,837S1054,200,59.790309,-7.643856189774724
1,THA22,3,2,C6,837S1054,200,64.635874,-7.643856189774724
1,THA22,1,2,C7,837S1065,200,79.51261,-7.643856189774724
1,THA22,2,2,C8,837S1065,200,67.101162,-7.643856189774724
1,THA22,3,2,C9,837S1065,200,66.336073,-7.643856189774724
1,THA22,1,2,C10,837S1070,200,20.770757,-7.643856189774724
1,THA22,2,2,C11,837S1070,200,21.705866,-7.643856189774724
1,THA22,3,2,C12,837S1070,200,23.406064,-7.643856189774724
1,THA22,1,2,D1,837S1036,400,26.721451,-8.643856189774725
1,THA22,2,2,D2,837S1036,400,30.971947,-8.643856189774725
1,THA22,3,2,D3,837S1036,400,32.842165,-8.643856189774725
1,THA22,1,2,D4,837S1054,400,43.213375,-8.643856189774725
1,THA22,2,2,D5,837S1054,400,34.797393,-8.643856189774725
1,THA22,3,2,D6,837S1054,400,43.553415,-8.643856189774725
1,THA22,1,2,D7,837S1065,400,56.049872,-8.643856189774725
1,THA22,2,2,D8,837S1065,400,58.77019,-8.643856189774725
1,THA22,3,2,D9,837S1065,400,43.553415,-8.643856189774725
1,THA22,1,2,D10,837S1070,400,29.356758,-8.643856189774725
1,THA22,2,2,D11,837S1070,400,-10.767923,-8.643856189774725
1,THA22,3,2,D12,837S1070,400,8.869368,-8.643856189774725
1,THA22,1,2,E1,837S1036,800,22.810995,-9.643856189774723
1,THA22,2,2,E2,837S1036,800,28.591669,-9.643856189774723
1,THA22,3,2,E3,837S1036,800,28.336639,-9.643856189774723
1,THA22,1,2,E4,837S1054,800,30.971947,-9.643856189774723
1,THA22,2,2,E5,837S1054,800,27.23151,-9.643856189774723
1,THA22,3,2,E6,837S1054,800,37.007651,-9.643856189774723
1,THA22,1,2,E7,837S1065,800,71.436668,-9.643856189774723
1,THA22,2,2,E8,837S1065,800,54.859734,-9.643856189774723
1,THA22,3,2,E9,837S1065,800,41.683196,-9.643856189774723
1,THA22,1,2,E10,837S1070,800,21.025786,-9.643856189774723
1,THA22,2,2,E11,837S1070,800,-1.586852,-9.643856189774723
1,THA22,3,2,E12,837S1070,800,-15.698498,-9.643856189774723
1,THA22,1,2,F1,837S1036,1600,21.875886,-10.643856189774723
1,THA22,2,2,F2,837S1036,1600,19.325588,-10.643856189774723
1,THA22,3,2,F3,837S1036,1600,19.580618,-10.643856189774723
1,THA22,1,2,F4,837S1054,1600,23.236044,-10.643856189774723
1,THA22,2,2,F5,837S1054,1600,14.395013,-10.643856189774723
1,THA22,3,2,F6,837S1054,1600,26.126381,-10.643856189774723
1,THA22,1,2,F7,837S1065,1600,47.548881,-10.643856189774723
1,THA22,2,2,F8,837S1065,1600,31.056957,-10.643856189774723
1,THA22,3,2,F9,837S1065,1600,32.757155,-10.643856189774723
1,THA22,3,2,F10,837S1070,1600,34.712383,-10.643856189774723
1,THA22,3,2,F11,837S1070,1600,29.866818,-10.643856189774723
1,THA22,3,2,F12,837S1070,1600,22.215925,-10.643856189774723
1,THA22,1,2,G1,837S1036,3200,19.240578,-11.643856189774723
1,THA22,2,2,G2,837S1036,3200,13.799943,-11.643856189774723
1,THA22,3,2,G3,837S1036,3200,15.330122,-11.643856189774723
1,THA22,1,2,G4,837S1054,3200,7.849249,-11.643856189774723
1,THA22,2,2,G5,837S1054,3200,-0.991782,-11.643856189774723
1,THA22,3,2,G6,837S1054,3200,-2.181921,-11.643856189774723
1,THA22,1,2,G7,837S1065,3200,27.48654,-11.643856189774723
1,THA22,2,2,G8,837S1065,3200,16.8603,-11.643856189774723
1,THA22,3,2,G9,837S1065,3200,-31.255313,-11.643856189774723
1,THA22,1,2,G10,837S1070,3200,18.220459,-11.643856189774723
1,THA22,2,2,G11,837S1070,3200,24.596203,-11.643856189774723
1,THA22,3,2,G12,837S1070,3200,20.770757,-11.643856189774723
1,THA22,1,3,A1,837S1081,50,99.651028,-5.643856189774724
1,THA22,2,3,A2,837S1081,50,99.767352,-5.643856189774724
1,THA22,3,3,A3,837S1081,50,99.651028,-5.643856189774724
1,THA22,1,3,A4,837S1088,50,99.767352,-5.643856189774724
1,THA22,2,3,A5,837S1088,50,99.418379,-5.643856189774724
1,THA22,3,3,A6,837S1088,50,99.534703,-5.643856189774724
1,THA22,1,3,A7,837S1089,50,99.767352,-5.643856189774724
1,THA22,2,3,A8,837S1089,50,99.767352,-5.643856189774724
1,THA22,3,3,A9,837S1089,50,100,-5.643856189774724
1,THA22,1,3,A10,837S1090,50,96.742924,-5.643856189774724
1,THA22,2,3,A11,837S1090,50,95.696006,-5.643856189774724
1,THA22,3,3,A12,837S1090,50,96.510275,-5.643856189774724
1,THA22,1,3,B1,837S1081,100,95.463358,-6.643856189774724
1,THA22,2,3,B2,837S1081,100,95.463358,-6.643856189774724
1,THA22,3,3,B3,837S1081,100,96.859248,-6.643856189774724
1,THA22,1,3,B4,837S1088,100,99.651028,-6.643856189774724
1,THA22,2,3,B5,837S1088,100,99.767352,-6.643856189774724
1,THA22,3,3,B6,837S1088,100,98.487786,-6.643856189774724
1,THA22,1,3,B7,837S1089,100,98.836758,-6.643856189774724
1,THA22,2,3,B8,837S1089,100,98.953083,-6.643856189774724
1,THA22,3,3,B9,837S1089,100,98.836758,-6.643856189774724
1,THA22,1,3,B10,837S1090,100,91.159364,-6.643856189774724
1,THA22,2,3,B11,837S1090,100,86.390074,-6.643856189774724
1,THA22,3,3,B12,837S1090,100,89.763474,-6.643856189774724
1,THA22,1,3,C1,837S1081,200,82.202404,-7.643856189774724
1,THA22,2,3,C2,837S1081,200,86.041101,-7.643856189774724
1,THA22,3,3,C3,837S1081,200,85.808453,-7.643856189774724
1,THA22,1,3,C4,837S1088,200,99.185731,-7.643856189774724
1,THA22,2,3,C5,837S1088,200,99.185731,-7.643856189774724
1,THA22,3,3,C6,837S1088,200,99.069407,-7.643856189774724
1,THA22,1,3,C7,837S1089,200,96.510275,-7.643856189774724
1,THA22,2,3,C8,837S1089,200,94.300116,-7.643856189774724
1,THA22,3,3,C9,837S1089,200,92.904226,-7.643856189774724
1,THA22,1,3,C10,837S1090,200,71.384257,-7.643856189774724
1,THA22,2,3,C11,837S1090,200,68.476154,-7.643856189774724
1,THA22,3,3,C12,837S1090,200,65.102753,-7.643856189774724
1,THA22,1,3,D1,837S1081,400,56.145793,-8.643856189774725
1,THA22,2,3,D2,837S1081,400,66.033346,-8.643856189774725
1,THA22,3,3,D3,837S1081,400,67.661884,-8.643856189774725
1,THA22,1,3,D4,837S1088,400,96.161303,-8.643856189774725
1,THA22,2,3,D5,837S1088,400,95.81233,-8.643856189774725
1,THA22,3,3,D6,837S1088,400,95.928655,-8.643856189774725
1,THA22,1,3,D7,837S1089,400,80.457542,-8.643856189774725
1,THA22,2,3,D8,837S1089,400,84.528887,-8.643856189774725
1,THA22,3,3,D9,837S1089,400,80.69019,-8.643856189774725
1,THA22,1,3,D10,837S1090,400,66.847615,-8.643856189774725
1,THA22,2,3,D11,837S1090,400,49.398992,-8.643856189774725
1,THA22,3,3,D12,837S1090,400,43.699108,-8.643856189774725
1,THA22,1,3,E1,837S1081,800,40.791004,-9.643856189774723
1,THA22,2,3,E2,837S1081,800,48.584723,-9.643856189774723
1,THA22,3,3,E3,837S1081,800,42.535867,-9.643856189774723
1,THA22,1,3,E4,837S1088,800,85.575805,-9.643856189774723
1,THA22,2,3,E5,837S1088,800,84.528887,-9.643856189774723
1,THA22,3,3,E6,837S1088,800,86.622722,-9.643856189774723
1,THA22,1,3,E7,837S1089,800,76.735169,-9.643856189774723
1,THA22,2,3,E8,837S1089,800,70.918961,-9.643856189774723
1,THA22,3,3,E9,837S1089,800,56.029469,-9.643856189774723
1,THA22,1,3,E10,837S1090,800,44.86235,-9.643856189774723
1,THA22,2,3,E11,837S1090,800,31.601396,-9.643856189774723
1,THA22,3,3,E12,837S1090,800,36.254362,-9.643856189774723
1,THA22,1,3,F1,837S1081,1600,20.317953,-10.643856189774723
1,THA22,2,3,F2,837S1081,1600,30.089182,-10.643856189774723
1,THA22,3,3,F3,837S1081,1600,28.693292,-10.643856189774723
1,THA22,1,3,F4,837S1088,1600,62.659946,-10.643856189774723
1,THA22,2,3,F5,837S1088,1600,66.14967,-10.643856189774723
1,THA22,3,3,F6,837S1088,1600,69.174098,-10.643856189774723
1,THA22,1,3,F7,837S1089,1600,54.284606,-10.643856189774723
1,THA22,2,3,F8,837S1089,1600,52.42342,-10.643856189774723
1,THA22,3,3,F9,837S1089,1600,43.931756,-10.643856189774723
1,THA22,3,3,F10,837S1090,1600,58.704924,-10.643856189774723
1,THA22,3,3,F11,837S1090,1600,54.400931,-10.643856189774723
1,THA22,3,3,F12,837S1090,1600,39.046142,-10.643856189774723
1,THA22,1,3,G1,837S1081,3200,16.944552,-11.643856189774723
1,THA22,2,3,G2,837S1081,3200,35.789066,-11.643856189774723
1,THA22,3,3,G3,837S1081,3200,38.697169,-11.643856189774723
1,THA22,1,3,G4,837S1088,3200,30.089182,-11.643856189774723
1,THA22,2,3,G5,837S1088,3200,36.48701,-11.643856189774723
1,THA22,3,3,G6,837S1088,3200,52.307096,-11.643856189774723
1,THA22,1,3,G7,837S1089,3200,39.162466,-11.643856189774723
1,THA22,2,3,G8,837S1089,3200,42.419542,-11.643856189774723
1,THA22,3,3,G9,837S1089,3200,38.348197,-11.643856189774723
1,THA22,1,3,G10,837S1090,3200,46.374564,-11.643856189774723
1,THA22,2,3,G11,837S1090,3200,28.34432,-11.643856189774723
1,THA22,3,3,G12,837S1090,3200,7.522295,-11.643856189774723
1,THA22,1,4,A1,837S1100,50,98.892246,-5.643856189774724
1,THA22,2,4,A2,837S1100,50,98.992951,-5.643856189774724
1,THA22,3,4,A3,837S1100,50,99.194361,-5.643856189774724
1,THA22,1,4,A4,837S1101,50,92.346425,-5.643856189774724
1,THA22,2,4,A5,837S1101,50,91.64149,-5.643856189774724
1,THA22,3,4,A6,837S1101,50,92.44713,-5.643856189774724
1,THA22,1,4,A7,837S1106,50,81.671702,-5.643856189774724
1,THA22,2,4,A8,837S1106,50,84.189325,-5.643856189774724
1,THA22,3,4,A9,837S1106,50,82.477341,-5.643856189774724
1,THA22,1,4,A10,837S1109,50,85.196375,-5.643856189774724
1,THA22,2,4,A11,837S1109,50,84.592145,-5.643856189774724
1,THA22,3,4,A12,837S1109,50,91.540785,-5.643856189774724
1,THA22,1,4,B1,837S1100,100,91.943605,-6.643856189774724
1,THA22,2,4,B2,837S1100,100,94.561934,-6.643856189774724
1,THA22,3,4,B3,837S1100,100,92.04431,-6.643856189774724
1,THA22,1,4,B4,837S1101,100,83.786506,-6.643856189774724
1,THA22,2,4,B5,837S1101,100,77.442095,-6.643856189774724
1,THA22,3,4,B6,837S1101,100,77.240685,-6.643856189774724
1,THA22,1,4,B7,837S1106,100,69.486405,-6.643856189774724
1,THA22,2,4,B8,837S1106,100,73.514602,-6.643856189774724
1,THA22,3,4,B9,837S1106,100,70.594159,-6.643856189774724
1,THA22,1,4,B10,837S1109,100,69.889225,-6.643856189774724
1,THA22,2,4,B11,837S1109,100,61.732125,-6.643856189774724
1,THA22,3,4,B12,837S1109,100,65.659617,-6.643856189774724
1,THA22,1,4,C1,837S1100,200,83.282981,-7.643856189774724
1,THA22,2,4,C2,837S1100,200,82.376636,-7.643856189774724
1,THA22,3,4,C3,837S1100,200,76.636455,-7.643856189774724
1,THA22,1,4,C4,837S1101,200,55.186304,-7.643856189774724
1,THA22,2,4,C5,837S1101,200,61.2286,-7.643856189774724
1,THA22,3,4,C6,837S1101,200,58.006042,-7.643856189774724
1,THA22,1,4,C7,837S1106,200,77.13998,-7.643856189774724
1,THA22,2,4,C8,837S1106,200,69.3857,-7.643856189774724
1,THA22,3,4,C9,837S1106,200,66.062437,-7.643856189774724
1,THA22,1,4,C10,837S1109,200,55.287009,-7.643856189774724
1,THA22,2,4,C11,837S1109,200,44.914401,-7.643856189774724
1,THA22,3,4,C12,837S1109,200,56.092649,-7.643856189774724
1,THA22,1,4,D1,837S1100,400,65.861027000000007,-8.643856189774725
1,THA22,2,4,D2,837S1100,400,74.622356,-8.643856189774725
1,THA22,3,4,D3,837S1100,400,80.966767,-8.643856189774725
1,THA22,1,4,D4,837S1101,400,51.158107,-8.643856189774725
1,THA22,2,4,D5,837S1101,400,47.129909,-8.643856189774725
1,THA22,3,4,D6,837S1101,400,69.687815,-8.643856189774725
1,THA22,1,4,D7,837S1106,400,70.694864,-8.643856189774725
1,THA22,2,4,D8,837S1106,400,63.947633,-8.643856189774725
1,THA22,3,4,D9,837S1106,400,37.361531,-8.643856189774725
1,THA22,1,4,D10,837S1109,400,34.038268,-8.643856189774725
1,THA22,2,4,D11,837S1109,400,45.820745,-8.643856189774725
1,THA22,3,4,D12,837S1109,400,13.192346,-8.643856189774725
1,THA22,1,4,E1,837S1100,800,37.562941,-9.643856189774723
1,THA22,2,4,E2,837S1100,800,51.963746,-9.643856189774723
1,THA22,3,4,E3,837S1100,800,48.539778,-9.643856189774723
1,THA22,1,4,E4,837S1101,800,49.446123,-9.643856189774723
1,THA22,2,4,E5,837S1101,800,44.612286,-9.643856189774723
1,THA22,3,4,E6,837S1101,800,60.624371,-9.643856189774723
1,THA22,1,4,E7,837S1106,800,55.186304,-9.643856189774723
1,THA22,2,4,E8,837S1106,800,55.891239,-9.643856189774723
1,THA22,3,4,E9,837S1106,800,45.51863,-9.643856189774723
1,THA22,1,4,E10,837S1109,800,43.202417,-9.643856189774723
1,THA22,2,4,E11,837S1109,800,23.06143,-9.643856189774723
1,THA22,3,4,E12,837S1109,800,56.898288,-9.643856189774723
1,THA22,1,4,F1,837S1100,1600,41.289023,-10.643856189774723
1,THA22,2,4,F2,837S1100,1600,33.434038,-10.643856189774723
1,THA22,3,4,F3,837S1100,1600,14.501511,-10.643856189774723
1,THA22,1,4,F4,837S1101,1600,31.21853,-10.643856189774723
1,THA22,2,4,F5,837S1101,1600,29.808661,-10.643856189774723
1,THA22,3,4,F6,837S1101,1600,57.905337,-10.643856189774723
1,THA22,1,4,F7,837S1106,1600,41.389728,-10.643856189774723
1,THA22,2,4,F8,837S1106,1600,43.202417,-10.643856189774723
1,THA22,3,4,F9,837S1106,1600,40.181269,-10.643856189774723
1,THA22,3,4,F10,837S1109,1600,54.783484,-10.643856189774723
1,THA22,3,4,F11,837S1109,1600,16.11279,-10.643856189774723
1,THA22,3,4,F12,837S1109,1600,-4.934542,-10.643856189774723
1,THA22,1,4,G1,837S1100,3200,15.810675,-11.643856189774723
1,THA22,2,4,G2,837S1100,3200,15.70997,-11.643856189774723
1,THA22,3,4,G3,837S1100,3200,27.693857,-11.643856189774723
1,THA22,1,4,G4,837S1101,3200,19.939577,-11.643856189774723
1,THA22,2,4,G5,837S1101,3200,19.637462,-11.643856189774723
1,THA22,3,4,G6,837S1101,3200,25.780463,-11.643856189774723
1,THA22,1,4,G7,837S1106,3200,29.607251,-11.643856189774723
1,THA22,2,4,G8,837S1106,3200,33.232628,-11.643856189774723
1,THA22,3,4,G9,837S1106,3200,-40.281974,-11.643856189774723
1,THA22,1,4,G10,837S1109,3200,32.930514,-11.643856189774723
1,THA22,2,4,G11,837S1109,3200,40.080564,-11.643856189774723
1,THA22,3,4,G12,837S1109,3200,55.991944,-11.643856189774723
1,THA22,1,5,A1,837S1147,50,88.925511,-5.643856189774724
1,THA22,2,5,A2,837S1147,50,88.529993,-5.643856189774724
1,THA22,3,5,A3,837S1147,50,90.309822,-5.643856189774724
1,THA22,1,5,A4,837S1152,50,20.698748,-5.643856189774724
1,THA22,2,5,A5,837S1152,50,20.500989,-5.643856189774724
1,THA22,3,5,A6,837S1152,50,31.17996,-5.643856189774724
1,THA22,1,5,A7,837S1154,50,80.520765,-5.643856189774724
1,THA22,2,5,A8,837S1154,50,85.069216,-5.643856189774724
1,THA22,3,5,A9,837S1154,50,79.037574,-5.643856189774724
1,THA22,1,5,A10,837S1158,50,52.834542,-5.643856189774724
1,THA22,2,5,A11,837S1158,50,50.560316,-5.643856189774724
1,THA22,3,5,A12,837S1158,50,53.922215,-5.643856189774724
1,THA22,1,5,B1,837S1147,100,81.015162,-6.643856189774724
1,THA22,2,5,B2,837S1147,100,78.246539,-6.643856189774724
1,THA22,3,5,B3,837S1147,100,74.489123,-6.643856189774724
1,THA22,1,5,B4,837S1152,100,23.36849,-6.643856189774724
1,THA22,2,5,B5,837S1152,100,21.687541,-6.643856189774724
1,THA22,3,5,B6,837S1152,100,24.851681,-6.643856189774724
1,THA22,1,5,B7,837S1154,100,67.17205,-6.643856189774724
1,THA22,2,5,B8,837S1154,100,78.938695,-6.643856189774724
1,THA22,3,5,B9,837S1154,100,70.039552,-6.643856189774724
1,THA22,1,5,B10,837S1158,100,59.459459,-6.643856189774724
1,THA22,2,5,B11,837S1158,100,39.485827,-6.643856189774724
1,THA22,3,5,B12,837S1158,100,46.704021,-6.643856189774724
1,THA22,1,5,C1,837S1147,200,65.58998,-7.643856189774724
1,THA22,2,5,C2,837S1147,200,60.843771,-7.643856189774724
1,THA22,3,5,C3,837S1147,200,61.634806,-7.643856189774724
1,THA22,1,5,C4,837S1152,200,19.017798,-7.643856189774724
1,THA22,2,5,C5,837S1152,200,27.323665,-7.643856189774724
1,THA22,3,5,C6,837S1152,200,18.424522,-7.643856189774724
1,THA22,1,5,C7,837S1154,200,67.270929,-7.643856189774724
1,THA22,2,5,C8,837S1154,200,62.030323,-7.643856189774724
1,THA22,3,5,C9,837S1154,200,66.776533,-7.643856189774724
1,THA22,1,5,C10,837S1158,200,38.892551,-7.643856189774724
1,THA22,2,5,C11,837S1158,200,43.638761,-7.643856189774724
1,THA22,3,5,C12,837S1158,200,25.543837,-7.643856189774724
1,THA22,1,5,D1,837S1147,400,46.011866,-8.643856189774725
1,THA22,2,5,D2,837S1147,400,36.914964,-8.643856189774725
1,THA22,3,5,D3,837S1147,400,41.562294,-8.643856189774725
1,THA22,1,5,D4,837S1152,400,13.480554,-8.643856189774725
1,THA22,2,5,D5,837S1152,400,26.433751,-8.643856189774725
1,THA22,3,5,D6,837S1152,400,26.928148,-8.643856189774725
1,THA22,1,5,D7,837S1154,400,51.746869,-8.643856189774725
1,THA22,2,5,D8,837S1154,400,50.560316,-8.643856189774725
1,THA22,3,5,D9,837S1154,400,52.636783,-8.643856189774725
1,THA22,1,5,D10,837S1158,400,48.681608,-8.643856189774725
1,THA22,2,5,D11,837S1158,400,36.618326,-8.643856189774725
1,THA22,3,5,D12,837S1158,400,10.118655,-8.643856189774725
1,THA22,1,5,E1,837S1147,800,38.595913,-9.643856189774723
1,THA22,2,5,E2,837S1147,800,37.903757,-9.643856189774723
1,THA22,3,5,E3,837S1147,800,32.168754,-9.643856189774723
1,THA22,1,5,E4,837S1152,800,24.95056,-9.643856189774723
1,THA22,2,5,E5,837S1152,800,40.969018,-9.643856189774723
1,THA22,3,5,E6,837S1152,800,44.825313,-9.643856189774723
1,THA22,1,5,E7,837S1154,800,74.192485,-9.643856189774723
1,THA22,2,5,E8,837S1154,800,59.756098,-9.643856189774723
1,THA22,3,5,E9,837S1154,800,33.750824,-9.643856189774723
1,THA22,1,5,E10,837S1158,800,25.04944,-9.643856189774723
1,THA22,2,5,E11,837S1158,800,30.388926,-9.643856189774723
1,THA22,3,5,E12,837S1158,800,18.029005,-9.643856189774723
1,THA22,1,5,F1,837S1147,1600,31.476599,-10.643856189774723
1,THA22,2,5,F2,837S1147,1600,30.487805,-10.643856189774723
1,THA22,3,5,F3,837S1147,1600,26.137113,-10.643856189774723
1,THA22,1,5,F4,837S1152,1600,32.267633,-10.643856189774723
1,THA22,2,5,F5,837S1152,1600,23.764008,-10.643856189774723
1,THA22,3,5,F6,837S1152,1600,21.193144,-10.643856189774723
1,THA22,1,5,F7,837S1154,1600,24.258405,-10.643856189774723
1,THA22,2,5,F8,837S1154,1600,37.50824,-10.643856189774723
1,THA22,3,5,F9,837S1154,1600,38.002637,-10.643856189774723
1,THA22,3,5,F10,837S1158,1600,28.707976,-10.643856189774723
1,THA22,3,5,F11,837S1158,1600,35.530653,-10.643856189774723
1,THA22,3,5,F12,837S1158,1600,8.141068,-10.643856189774723
1,THA22,1,5,G1,837S1147,3200,16.446935,-11.643856189774723
1,THA22,2,5,G2,837S1147,3200,21.292024,-11.643856189774723
1,THA22,3,5,G3,837S1147,3200,18.523401,-11.643856189774723
1,THA22,1,5,G4,837S1152,3200,27.027027,-11.643856189774723
1,THA22,2,5,G5,837S1152,3200,24.357284,-11.643856189774723
1,THA22,3,5,G6,837S1152,3200,33.750824,-11.643856189774723
1,THA22,1,5,G7,837S1154,3200,12.590639,-11.643856189774723
1,THA22,2,5,G8,837S1154,3200,31.17996,-11.643856189774723
1,THA22,3,5,G9,837S1154,3200,-7.185234,-11.643856189774723
1,THA22,1,5,G10,837S1158,3200,22.379697,-11.643856189774723
1,THA22,2,5,G11,837S1158,3200,17.13909,-11.643856189774723
1,THA22,3,5,G12,837S1158,3200,17.040211,-11.643856189774723
1,THA22,1,6,A1,837S1165,50,99.500167,-5.643856189774724
1,THA22,2,6,A2,837S1165,50,99.600133,-5.643856189774724
1,THA22,3,6,A3,837S1165,50,98.8004,-5.643856189774724
1,THA22,1,6,A4,837S1171,50,31.122959,-5.643856189774724
1,THA22,2,6,A5,837S1171,50,34.521826,-5.643856189774724
1,THA22,3,6,A6,837S1171,50,41.719427,-5.643856189774724
1,THA22,1,6,A7,837S1183,50,99.7001,-5.643856189774724
1,THA22,2,6,A8,837S1183,50,99.800067,-5.643856189774724
1,THA22,3,6,A9,837S1183,50,99.900033,-5.643856189774724
1,THA22,1,6,A10,837S1187,50,48.117294,-5.643856189774724
1,THA22,2,6,A11,837S1187,50,47.717428,-5.643856189774724
1,THA22,3,6,A12,837S1187,50,65.111629,-5.643856189774724
1,THA22,1,6,B1,837S1165,100,97.001,-6.643856189774724
1,THA22,2,6,B2,837S1165,100,96.901033,-6.643856189774724
1,THA22,3,6,B3,837S1165,100,95.8014,-6.643856189774724
1,THA22,1,6,B4,837S1171,100,42.619127,-6.643856189774724
1,THA22,2,6,B5,837S1171,100,34.621793,-6.643856189774724
1,THA22,3,6,B6,837S1171,100,9.13029,-6.643856189774724
1,THA22,1,6,B7,837S1183,100,99.500167,-6.643856189774724
1,THA22,2,6,B8,837S1183,100,100,-6.643856189774724
1,THA22,3,6,B9,837S1183,100,99.900033,-6.643856189774724
1,THA22,1,6,B10,837S1187,100,34.121959,-6.643856189774724
1,THA22,2,6,B11,837S1187,100,18.027324,-6.643856189774724
1,THA22,3,6,B12,837S1187,100,28.923692,-6.643856189774724
1,THA22,1,6,C1,837S1165,200,80.306564,-7.643856189774724
1,THA22,2,6,C2,837S1165,200,86.804399,-7.643856189774724
1,THA22,3,6,C3,837S1165,200,83.805398,-7.643856189774724
1,THA22,1,6,C4,837S1171,200,20.426524,-7.643856189774724
1,THA22,2,6,C5,837S1171,200,9.13029,-7.643856189774724
1,THA22,3,6,C6,837S1171,200,19.226924,-7.643856189774724
1,THA22,1,6,C7,837S1183,200,99.500167,-7.643856189774724
1,THA22,2,6,C8,837S1183,200,99.900033,-7.643856189774724
1,THA22,3,6,C9,837S1183,200,99.900033,-7.643856189774724
1,THA22,1,6,C10,837S1187,200,23.325558,-7.643856189774724
1,THA22,2,6,C11,837S1187,200,17.227591,-7.643856189774724
1,THA22,3,6,C12,837S1187,200,14.928357,-7.643856189774724
1,THA22,1,6,D1,837S1165,400,75.208264,-8.643856189774725
1,THA22,2,6,D2,837S1165,400,71.40953,-8.643856189774725
1,THA22,3,6,D3,837S1165,400,72.00933,-8.643856189774725
1,THA22,1,6,D4,837S1171,400,44.718427,-8.643856189774725
1,THA22,2,6,D5,837S1171,400,43.71876,-8.643856189774725
1,THA22,3,6,D6,837S1171,400,50.316561,-8.643856189774725
1,THA22,1,6,D7,837S1183,400,99.300233,-8.643856189774725
1,THA22,2,6,D8,837S1183,400,99.900033,-8.643856189774725
1,THA22,3,6,D9,837S1183,400,99.7001,-8.643856189774725
1,THA22,1,6,D10,837S1187,400,25.424858,-8.643856189774725
1,THA22,2,6,D11,837S1187,400,34.221926,-8.643856189774725
1,THA22,3,6,D12,837S1187,400,3.632123,-8.643856189774725
1,THA22,1,6,E1,837S1165,800,43.018994,-9.643856189774723
1,THA22,2,6,E2,837S1165,800,52.915695,-9.643856189774723
1,THA22,3,6,E3,837S1165,800,7.230923,-9.643856189774723
1,THA22,1,6,E4,837S1171,800,42.319227,-9.643856189774723
1,THA22,2,6,E5,837S1171,800,45.118294,-9.643856189774723
1,THA22,3,6,E6,837S1171,800,57.514162,-9.643856189774723
1,THA22,1,6,E7,837S1183,800,100,-9.643856189774723
1,THA22,2,6,E8,837S1183,800,99.7001,-9.643856189774723
1,THA22,3,6,E9,837S1183,800,97.400866,-9.643856189774723
1,THA22,1,6,E10,837S1187,800,32.522492,-9.643856189774723
1,THA22,2,6,E11,837S1187,800,9.030323,-9.643856189774723
1,THA22,3,6,E12,837S1187,800,46.717761,-9.643856189774723
1,THA22,1,6,F1,837S1165,1600,48.717094,-10.643856189774723
1,THA22,2,6,F2,837S1165,1600,34.221926,-10.643856189774723
1,THA22,3,6,F3,837S1165,1600,33.022326,-10.643856189774723
1,THA22,1,6,F4,837S1171,1600,16.427857,-10.643856189774723
1,THA22,2,6,F5,837S1171,1600,4.431856,-10.643856189774723
1,THA22,3,6,F6,837S1171,1600,42.81906,-10.643856189774723
1,THA22,1,6,F7,837S1183,1600,98.5005,-10.643856189774723
1,THA22,2,6,F8,837S1183,1600,99.600133,-10.643856189774723
1,THA22,3,6,F9,837S1183,1600,99.500167,-10.643856189774723
1,THA22,3,6,F10,837S1187,1600,33.922026,-10.643856189774723
1,THA22,3,6,F11,837S1187,1600,12.12929,-10.643856189774723
1,THA22,3,6,F12,837S1187,1600,2.032656,-10.643856189774723
1,THA22,1,6,G1,837S1165,3200,36.52116,-11.643856189774723
1,THA22,2,6,G2,837S1165,3200,22.025991,-11.643856189774723
1,THA22,3,6,G3,837S1165,3200,31.222926,-11.643856189774723
1,THA22,1,6,G4,837S1171,3200,27.224259,-11.643856189774723
1,THA22,2,6,G5,837S1171,3200,17.827391,-11.643856189774723
1,THA22,3,6,G6,837S1171,3200,0.633122,-11.643856189774723
1,THA22,1,6,G7,837S1183,3200,94.301899,-11.643856189774723
1,THA22,2,6,G8,837S1183,3200,96.601133,-11.643856189774723
1,THA22,3,6,G9,837S1183,3200,93.202266,-11.643856189774723
1,THA22,1,6,G10,837S1187,3200,13.528824,-11.643856189774723
1,THA22,2,6,G11,837S1187,3200,24.025325,-11.643856189774723
1,THA22,3,6,G12,837S1187,3200,26.424525,-11.643856189774723
1,THA22,1,7,A1,837S1197,50,99.428753,-5.643856189774724
1,THA22,2,7,A2,837S1197,50,99.714376,-5.643856189774724
1,THA22,3,7,A3,837S1197,50,99.714376,-5.643856189774724
1,THA22,1,7,A4,837S1214,50,89.907966,-5.643856189774724
1,THA22,2,7,A5,837S1214,50,89.622342,-5.643856189774724
1,THA22,3,7,A6,837S1214,50,93.430657,-5.643856189774724
1,THA22,1,7,A7,837S1216,50,80.76801,-5.643856189774724
1,THA22,2,7,A8,837S1216,50,83.433831,-5.643856189774724
1,THA22,3,7,A9,837S1216,50,74.96033,-5.643856189774724
1,THA22,1,7,A10,837S1218,50,88.38464,-5.643856189774724
1,THA22,2,7,A11,837S1218,50,88.860679,-5.643856189774724
1,THA22,3,7,A12,837S1218,50,94.477944,-5.643856189774724
1,THA22,1,7,B1,837S1197,100,99.523961,-6.643856189774724
1,THA22,2,7,B2,837S1197,100,99.333545,-6.643856189774724
1,THA22,3,7,B3,837S1197,100,98.476674,-6.643856189774724
1,THA22,1,7,B4,837S1214,100,81.148842,-6.643856189774724
1,THA22,2,7,B5,837S1214,100,72.389718,-6.643856189774724
1,THA22,3,7,B6,837S1214,100,75.531577,-6.643856189774724
1,THA22,1,7,B7,837S1216,100,42.494446,-6.643856189774724
1,THA22,2,7,B8,837S1216,100,53.157728,-6.643856189774724
1,THA22,3,7,B9,837S1216,100,42.208823,-6.643856189774724
1,THA22,1,7,B10,837S1218,100,73.62742,-6.643856189774724
1,THA22,2,7,B11,837S1218,100,65.249127,-6.643856189774724
1,THA22,3,7,B12,837S1218,100,75.055538,-6.643856189774724
1,THA22,1,7,C1,837S1197,200,95.906062,-7.643856189774724
1,THA22,2,7,C2,837S1197,200,94.573151,-7.643856189774724
1,THA22,3,7,C3,837S1197,200,92.097747,-7.643856189774724
1,THA22,1,7,C4,837S1214,200,55.442717,-7.643856189774724
1,THA22,2,7,C5,837S1214,200,58.108537,-7.643856189774724
1,THA22,3,7,C6,837S1214,200,54.585846,-7.643856189774724
1,THA22,1,7,C7,837S1216,200,48.968581,-7.643856189774724
1,THA22,2,7,C8,837S1216,200,38.686131,-7.643856189774724
1,THA22,3,7,C9,837S1216,200,22.024754,-7.643856189774724
1,THA22,1,7,C10,837S1218,200,59.251031,-7.643856189774724
1,THA22,2,7,C11,837S1218,200,46.302761,-7.643856189774724
1,THA22,3,7,C12,837S1218,200,55.918756,-7.643856189774724
1,THA22,1,7,D1,837S1197,400,83.90987,-8.643856189774725
1,THA22,2,7,D2,837S1197,400,80.291971,-8.643856189774725
1,THA22,3,7,D3,837S1197,400,83.814662,-8.643856189774725
1,THA22,1,7,D4,837S1214,400,32.307204,-8.643856189774725
1,THA22,2,7,D5,837S1214,400,48.968581,-8.643856189774725
1,THA22,3,7,D6,837S1214,400,66.201206,-8.643856189774725
1,THA22,1,7,D7,837S1216,400,36.877182,-8.643856189774725
1,THA22,2,7,D8,837S1216,400,17.359568,-8.643856189774725
1,THA22,3,7,D9,837S1216,400,7.362742,-8.643856189774725
1,THA22,1,7,D10,837S1218,400,29.070136,-8.643856189774725
1,THA22,2,7,D11,837S1218,400,43.732149,-8.643856189774725
1,THA22,3,7,D12,837S1218,400,34.877817,-8.643856189774725
1,THA22,1,7,E1,837S1197,800,56.680419,-9.643856189774723
1,THA22,2,7,E2,837S1197,800,56.490003,-9.643856189774723
1,THA22,3,7,E3,837S1197,800,56.109172,-9.643856189774723
1,THA22,1,7,E4,837S1214,800,23.072041,-9.643856189774723
1,THA22,2,7,E5,837S1214,800,23.357664,-9.643856189774723
1,THA22,3,7,E6,837S1214,800,55.442717,-9.643856189774723
1,THA22,1,7,E7,837S1216,800,9.362107,-9.643856189774723
1,THA22,2,7,E8,837S1216,800,21.643923,-9.643856189774723
1,THA22,3,7,E9,837S1216,800,4.601714,-9.643856189774723
1,THA22,1,7,E10,837S1218,800,11.551888,-9.643856189774723
1,THA22,2,7,E11,837S1218,800,18.121231,-9.643856189774723
1,THA22,3,7,E12,837S1218,800,37.448429,-9.643856189774723
1,THA22,1,7,F1,837S1197,1600,28.784513,-10.643856189774723
1,THA22,2,7,F2,837S1197,1600,29.927007,-10.643856189774723
1,THA22,3,7,F3,837S1197,1600,4.030467,-10.643856189774723
1,THA22,1,7,F4,837S1214,1600,9.266899,-10.643856189774723
1,THA22,2,7,F5,837S1214,1600,3.649635,-10.643856189774723
1,THA22,3,7,F6,837S1214,1600,35.258648,-10.643856189774723
1,THA22,1,7,F7,837S1216,1600,4.030467,-10.643856189774723
1,THA22,2,7,F8,837S1216,1600,5.839416,-10.643856189774723
1,THA22,3,7,F9,837S1216,1600,14.693748,-10.643856189774723
1,THA22,3,7,F10,837S1218,1600,29.450968,-10.643856189774723
1,THA22,3,7,F11,837S1218,1600,12.599175,-10.643856189774723
1,THA22,3,7,F12,837S1218,1600,0.31736,-10.643856189774723
1,THA22,1,7,G1,837S1197,3200,29.641384,-11.643856189774723
1,THA22,2,7,G2,837S1197,3200,11.171057,-11.643856189774723
1,THA22,3,7,G3,837S1197,3200,24.690574,-11.643856189774723
1,THA22,1,7,G4,837S1214,3200,3.840051,-11.643856189774723
1,THA22,2,7,G5,837S1214,3200,-18.724215,-11.643856189774723
1,THA22,3,7,G6,837S1214,3200,14.503332,-11.643856189774723
1,THA22,1,7,G7,837S1216,3200,6.791495,-11.643856189774723
1,THA22,2,7,G8,837S1216,3200,9.838147,-11.643856189774723
1,THA22,3,7,G9,837S1216,3200,8.219613,-11.643856189774723
1,THA22,1,7,G10,837S1218,3200,14.884164,-11.643856189774723
1,THA22,2,7,G11,837S1218,3200,22.310378,-11.643856189774723
1,THA22,3,7,G12,837S1218,3200,35.353856,-11.643856189774723
1,THA22,1,8,A1,837S1225,50,58.26596,-5.643856189774724
1,THA22,2,8,A2,837S1225,50,50.822414,-5.643856189774724
1,THA22,3,8,A3,837S1225,50,44.549763,-5.643856189774724
1,THA22,1,8,A4,837S1229,50,50.487873,-5.643856189774724
1,THA22,2,8,A5,837S1229,50,44.047951,-5.643856189774724
1,THA22,3,8,A6,837S1229,50,52.913298,-5.643856189774724
1,THA22,1,8,A7,837S1233,50,66.796766,-5.643856189774724
1,THA22,2,8,A8,837S1233,50,69.473097,-5.643856189774724
1,THA22,3,8,A9,837S1233,50,63.953164,-5.643856189774724
1,THA22,1,8,A10,837S1241,50,31.335378,-5.643856189774724
1,THA22,2,8,A11,837S1241,50,17.45191,-5.643856189774724
1,THA22,3,8,A12,837S1241,50,25.062727,-5.643856189774724
1,THA22,1,8,B1,837S1225,100,44.549763,-6.643856189774724
1,THA22,2,8,B2,837S1225,100,26.651798,-6.643856189774724
1,THA22,3,8,B3,837S1225,100,29.662671,-6.643856189774724
1,THA22,1,8,B4,837S1229,100,41.622526,-6.643856189774724
1,THA22,2,8,B5,837S1229,100,28.993588,-6.643856189774724
1,THA22,3,8,B6,837S1229,100,37.273488,-6.643856189774724
1,THA22,1,8,B7,837S1233,100,50.487873,-6.643856189774724
1,THA22,2,8,B8,837S1233,100,59.520491,-6.643856189774724
1,THA22,3,8,B9,837S1233,100,48.815166,-6.643856189774724
1,THA22,1,8,B10,837S1241,100,32.506273,-6.643856189774724
1,THA22,2,8,B11,837S1241,100,2.063005,-6.643856189774724
1,THA22,3,8,B12,837S1241,100,22.470031,-6.643856189774724
1,THA22,1,8,C1,837S1225,200,30.917201,-7.643856189774724
1,THA22,2,8,C2,837S1225,200,22.470031,-7.643856189774724
1,THA22,3,8,C3,837S1225,200,27.989964,-7.643856189774724
1,THA22,1,8,C4,837S1229,200,32.339002,-7.643856189774724
1,THA22,2,8,C5,837S1229,200,14.02286,-7.643856189774724
1,THA22,3,8,C6,837S1229,200,10.928352,-7.643856189774724
1,THA22,1,8,C7,837S1233,200,50.320602,-7.643856189774724
1,THA22,2,8,C8,837S1233,200,33.677168,-7.643856189774724
1,THA22,3,8,C9,837S1233,200,46.640647,-7.643856189774724
1,THA22,1,8,C10,837S1241,200,21.04823,-7.643856189774724
1,THA22,2,8,C11,837S1241,200,0.557569,-7.643856189774724
1,THA22,3,8,C12,837S1241,200,4.990243,-7.643856189774724
1,THA22,1,8,D1,837S1225,400,52.746027,-8.643856189774725
1,THA22,2,8,D2,837S1225,400,25.229997,-8.643856189774725
1,THA22,3,8,D3,837S1225,400,21.466406,-8.643856189774725
1,THA22,1,8,D4,837S1229,400,23.306384,-8.643856189774725
1,THA22,2,8,D5,837S1229,400,32.088096,-8.643856189774725
1,THA22,3,8,D6,837S1229,400,34.095344,-8.643856189774725
1,THA22,1,8,D7,837S1233,400,38.862559,-8.643856189774725
1,THA22,2,8,D8,837S1233,400,43.629774,-8.643856189774725
1,THA22,3,8,D9,837S1233,400,29.160859,-8.643856189774725
1,THA22,1,8,D10,837S1241,400,27.069975,-8.643856189774725
1,THA22,2,8,D11,837S1241,400,18.204628,-8.643856189774725
1,THA22,3,8,D12,837S1241,400,-0.278784,-8.643856189774725
1,THA22,1,8,E1,837S1225,800,28.073599,-9.643856189774723
1,THA22,2,8,E2,837S1225,800,21.131865,-9.643856189774723
1,THA22,3,8,E3,837S1225,800,18.539169,-9.643856189774723
1,THA22,1,8,E4,837S1229,800,31.335378,-9.643856189774723
1,THA22,2,8,E5,837S1229,800,33.342626,-9.643856189774723
1,THA22,3,8,E6,837S1229,800,36.771675,-9.643856189774723
1,THA22,1,8,E7,837S1233,800,72.065793,-9.643856189774723
1,THA22,2,8,E8,837S1233,800,41.706161,-9.643856189774723
1,THA22,3,8,E9,837S1233,800,14.02286,-9.643856189774723
1,THA22,1,8,E10,837S1241,800,22.637301,-9.643856189774723
1,THA22,2,8,E11,837S1241,800,20.295512,-9.643856189774723
1,THA22,3,8,E12,837S1241,800,22.553666,-9.643856189774723
1,THA22,1,8,F1,837S1225,1600,26.149986,-10.643856189774723
1,THA22,2,8,F2,837S1225,1600,29.997212,-10.643856189774723
1,THA22,3,8,F3,837S1225,1600,18.622805,-10.643856189774723
1,THA22,1,8,F4,837S1229,1600,16.281015,-10.643856189774723
1,THA22,2,8,F5,837S1229,1600,16.782827,-10.643856189774723
1,THA22,3,8,F6,837S1229,1600,21.131865,-10.643856189774723
1,THA22,1,8,F7,837S1233,1600,39.02983,-10.643856189774723
1,THA22,2,8,F8,837S1233,1600,26.651798,-10.643856189774723
1,THA22,3,8,F9,837S1233,1600,23.640926,-10.643856189774723
1,THA22,3,8,F10,837S1241,1600,17.284639,-10.643856189774723
1,THA22,3,8,F11,837S1241,1600,18.371899,-10.643856189774723
1,THA22,3,8,F12,837S1241,1600,25.313633,-10.643856189774723
1,THA22,1,8,G1,837S1225,3200,23.473655,-11.643856189774723
1,THA22,2,8,G2,837S1225,3200,23.39002,-11.643856189774723
1,THA22,3,8,G3,837S1225,3200,21.633677,-11.643856189774723
1,THA22,1,8,G4,837S1229,3200,16.448285,-11.643856189774723
1,THA22,2,8,G5,837S1229,3200,12.684695,-11.643856189774723
1,THA22,3,8,G6,837S1229,3200,17.284639,-11.643856189774723
1,THA22,1,8,G7,837S1233,3200,19.710064,-11.643856189774723
1,THA22,2,8,G8,837S1233,3200,20.797324,-11.643856189774723
1,THA22,3,8,G9,837S1233,3200,19.96097,-11.643856189774723
1,THA22,1,8,G10,837S1241,3200,21.633677,-11.643856189774723
1,THA22,2,8,G11,837S1241,3200,1.728464,-11.643856189774723
1,THA22,3,8,G12,837S1241,3200,17.368274,-11.643856189774723
2,ENG24,1,1,A1,837S1007,50,89.409877,-5.643856189774724
2,ENG24,2,1,A2,837S1007,50,83.47299,-5.643856189774724
2,ENG24,3,1,A3,837S1007,50,82.697451,-5.643856189774724
2,ENG24,1,1,A4,837S1024,3200,-22.454983,-5.643856189774724
2,ENG24,2,1,A5,837S1024,3200,-19.459797,-5.643856189774724
2,ENG24,3,1,A6,837S1024,3200,-24.754858,-5.643856189774724
2,ENG24,1,1,A7,837S1030,50,71.759672,-5.643856189774724
2,ENG24,2,1,A8,837S1030,50,74.728116,-5.643856189774724
2,ENG24,3,1,A9,837S1030,50,76.03851,-5.643856189774724
2,ENG24,1,1,A10,837S1035,3200,-12.266001,-5.643856189774724
2,ENG24,2,1,A11,837S1035,3200,-3.681583,-5.643856189774724
2,ENG24,3,1,A12,837S1035,3200,-16.411125,-5.643856189774724
2,ENG24,1,1,B1,837S1007,100,59.377786,-6.643856189774724
2,ENG24,2,1,B2,837S1007,100,53.146728,-6.643856189774724
2,ENG24,3,1,B3,837S1007,100,54.991977,-6.643856189774724
2,ENG24,1,1,B4,837S1024,1600,-8.094134,-6.643856189774724
2,ENG24,2,1,B5,837S1024,1600,-14.672847,-6.643856189774724
2,ENG24,3,1,B6,837S1024,1600,-11.918346,-6.643856189774724
2,ENG24,1,1,B7,837S1030,100,39.293992,-6.643856189774724
2,ENG24,2,1,B8,837S1030,100,46.354074,-6.643856189774724
2,ENG24,3,1,B9,837S1030,100,38.919594,-6.643856189774724
2,ENG24,1,1,B10,837S1035,1600,-10.768408,-6.643856189774724
2,ENG24,2,1,B11,837S1035,1600,-6.141915,-6.643856189774724
2,ENG24,3,1,B12,837S1035,1600,-12.693885,-6.643856189774724
2,ENG24,1,1,C1,837S1007,200,26.698164,-7.643856189774724
2,ENG24,2,1,C2,837S1007,200,25.120342,-7.643856189774724
2,ENG24,3,1,C3,837S1007,200,23.809948,-7.643856189774724
2,ENG24,1,1,C4,837S1024,800,4.448208,-7.643856189774724
2,ENG24,2,1,C5,837S1024,800,-6.275628,-7.643856189774724
2,ENG24,3,1,C6,837S1024,800,-5.286147,-7.643856189774724
2,ENG24,1,1,C7,837S1030,200,11.642004,-7.643856189774724
2,ENG24,2,1,C8,837S1030,200,15.787128,-7.643856189774724
2,ENG24,3,1,C9,837S1030,200,7.684079,-7.643856189774724
2,ENG24,1,1,C10,837S1035,800,-0.071314,-7.643856189774724
2,ENG24,2,1,C11,837S1035,800,5.197005,-7.643856189774724
2,ENG24,3,1,C12,837S1035,800,-5.526832,-7.643856189774724
2,ENG24,1,1,D1,837S1007,400,9.850241,-8.643856189774725
2,ENG24,2,1,D2,837S1007,400,0.115885,-8.643856189774725
2,ENG24,3,1,D3,837S1007,400,0.757711,-8.643856189774725
2,ENG24,1,1,D4,837S1024,400,2.870387,-8.643856189774725
2,ENG24,2,1,D5,837S1024,400,2.12159,-8.643856189774725
2,ENG24,3,1,D6,837S1024,400,6.855054,-8.643856189774725
2,ENG24,1,1,D7,837S1030,400,5.223748,-8.643856189774725
2,ENG24,2,1,D8,837S1030,400,14.075593,-8.643856189774725
2,ENG24,3,1,D9,837S1030,400,1.346051,-8.643856189774725
2,ENG24,1,1,D10,837S1035,400,9.368871,-8.643856189774725
2,ENG24,2,1,D11,837S1035,400,4.849349,-8.643856189774725
2,ENG24,3,1,D12,837S1035,400,1.586736,-8.643856189774725
2,ENG24,1,1,E1,837S1007,800,0.0624,-9.643856189774723
2,ENG24,2,1,E2,837S1007,800,-2.77233,-9.643856189774723
2,ENG24,3,1,E3,837S1007,800,-2.585131,-9.643856189774723
2,ENG24,1,1,E4,837S1024,200,9.342129,-9.643856189774723
2,ENG24,2,1,E5,837S1024,200,6.828312,-9.643856189774723
2,ENG24,3,1,E6,837S1024,200,13.888394,-9.643856189774723
2,ENG24,1,1,E7,837S1030,800,1.559993,-9.643856189774723
2,ENG24,2,1,E8,837S1030,800,-0.686397,-9.643856189774723
2,ENG24,3,1,E9,837S1030,800,0.008914,-9.643856189774723
2,ENG24,1,1,E10,837S1035,200,7.978249,-9.643856189774723
2,ENG24,2,1,E11,837S1035,200,12.257087,-9.643856189774723
2,ENG24,3,1,E12,837S1035,200,5.598146,-9.643856189774723
2,ENG24,1,1,F1,837S1007,1600,0.757711,-10.643856189774723
2,ENG24,2,1,F2,837S1007,1600,-3.440899,-10.643856189774723
2,ENG24,3,1,F3,837S1007,1600,-5.927973,-10.643856189774723
2,ENG24,1,1,F4,837S1024,100,6.159743,-10.643856189774723
2,ENG24,2,1,F5,837S1024,100,6.828312,-10.643856189774723
2,ENG24,3,1,F6,837S1024,100,0.0624,-10.643856189774723
2,ENG24,1,1,F7,837S1030,1600,20.333393,-10.643856189774723
2,ENG24,2,1,F8,837S1030,1600,-1.328223,-10.643856189774723
2,ENG24,3,1,F9,837S1030,1600,0.570512,-10.643856189774723
2,ENG24,3,1,F10,837S1035,100,9.636299,-10.643856189774723
2,ENG24,3,1,F11,837S1035,100,7.550365,-10.643856189774723
2,ENG24,3,1,F12,837S1035,100,7.523623,-10.643856189774723
2,ENG24,1,1,G1,837S1007,3200,5.945801,-11.643856189774723
2,ENG24,2,1,G2,837S1007,3200,5.25049,-11.643856189774723
2,ENG24,3,1,G3,837S1007,3200,1.961134,-11.643856189774723
2,ENG24,1,1,G4,837S1024,50,10.545552,-11.643856189774723
2,ENG24,2,1,G5,837S1024,50,6.3202,-11.643856189774723
2,ENG24,3,1,G6,837S1024,50,14.182564,-11.643856189774723
2,ENG24,1,1,G7,837S1030,3200,4.020324,-11.643856189774723
2,ENG24,2,1,G8,837S1030,3200,3.458727,-11.643856189774723
2,ENG24,3,1,G9,837S1030,3200,4.95632,-11.643856189774723
2,ENG24,1,1,G10,837S1035,50,12.337315,-11.643856189774723
2,ENG24,2,1,G11,837S1035,50,11.107149,-11.643856189774723
2,ENG24,3,1,G12,837S1035,50,1.53325,-11.643856189774723
1,ENG24,1,2,A1,837S1036,50,35.217133,-5.643856189774724
1,ENG24,2,2,A2,837S1036,50,22.278406,-5.643856189774724
1,ENG24,3,2,A3,837S1036,50,20.761452,-5.643856189774724
1,ENG24,1,2,A4,837S1054,50,87.239738,-5.643856189774724
1,ENG24,2,2,A5,837S1054,50,86.97204,-5.643856189774724
1,ENG24,3,2,A6,837S1054,50,89.649018,-5.643856189774724
1,ENG24,1,2,A7,837S1065,50,76.799524,-5.643856189774724
1,ENG24,2,2,A8,837S1065,50,71.624033,-5.643856189774724
1,ENG24,3,2,A9,837S1065,50,76.977989,-5.643856189774724
1,ENG24,1,2,A10,837S1070,3200,-25.193337,-5.643856189774724
1,ENG24,2,2,A11,837S1070,3200,-32.064247,-5.643856189774724
1,ENG24,3,2,A12,837S1070,3200,-14.485425,-5.643856189774724
1,ENG24,1,2,B1,837S1036,100,26.20464,-6.643856189774724
1,ENG24,2,2,B2,837S1036,100,27.007733,-6.643856189774724
1,ENG24,3,2,B3,837S1036,100,-10.737656,-6.643856189774724
1,ENG24,1,2,B4,837S1054,100,66.537775,-6.643856189774724
1,ENG24,2,2,B5,837S1054,100,67.162403,-6.643856189774724
1,ENG24,3,2,B6,837S1054,100,61.719215,-6.643856189774724
1,ENG24,1,2,B7,837S1065,100,59.399167,-6.643856189774724
1,ENG24,2,2,B8,837S1065,100,63.146936,-6.643856189774724
1,ENG24,3,2,B9,837S1065,100,71.802499,-6.643856189774724
1,ENG24,1,2,B10,837S1070,1600,-2.439024,-6.643856189774724
1,ENG24,2,2,B11,837S1070,1600,-16.091612,-6.643856189774724
1,ENG24,3,2,B12,837S1070,1600,21.207615,-6.643856189774724
1,ENG24,1,2,C1,837S1036,200,41.99881,-7.643856189774724
1,ENG24,2,2,C2,837S1036,200,-4.491374,-7.643856189774724
1,ENG24,3,2,C3,837S1036,200,-20.374777,-7.643856189774724
1,ENG24,1,2,C4,837S1054,200,43.872695,-7.643856189774724
1,ENG24,2,2,C5,837S1054,200,37.447948,-7.643856189774724
1,ENG24,3,2,C6,837S1054,200,40.481856,-7.643856189774724
1,ENG24,1,2,C7,837S1065,200,71.891731,-7.643856189774724
1,ENG24,2,2,C8,837S1065,200,51.457466,-7.643856189774724
1,ENG24,3,2,C9,837S1065,200,47.441999,-7.643856189774724
1,ENG24,1,2,C10,837S1070,800,8.447353,-7.643856189774724
1,ENG24,2,2,C11,837S1070,800,-15.377751,-7.643856189774724
1,ENG24,3,2,C12,837S1070,800,42.891136,-7.643856189774724
1,ENG24,1,2,D1,837S1036,400,12.552052,-8.643856189774725
1,ENG24,2,2,D2,837S1036,400,26.472338,-8.643856189774725
1,ENG24,3,2,D3,837S1036,400,28.167757,-8.643856189774725
1,ENG24,1,2,D4,837S1054,400,13.265913,-8.643856189774725
1,ENG24,2,2,D5,837S1054,400,33.610946,-8.643856189774725
1,ENG24,3,2,D6,837S1054,400,65.913147,-8.643856189774725
1,ENG24,1,2,D7,837S1065,400,72.784057,-8.643856189774725
1,ENG24,2,2,D8,837S1065,400,45.657347,-8.643856189774725
1,ENG24,3,2,D9,837S1065,400,46.995836,-8.643856189774725
1,ENG24,1,2,D10,837S1070,400,25.936942,-8.643856189774725
1,ENG24,2,2,D11,837S1070,400,15.585961,-8.643856189774725
1,ENG24,3,2,D12,837S1070,400,16.567519,-8.643856189774725
1,ENG24,1,2,E1,837S1036,800,15.853659,-9.643856189774723
1,ENG24,2,2,E2,837S1036,800,22.546104,-9.643856189774723
1,ENG24,3,2,E3,837S1036,800,26.383105,-9.643856189774723
1,ENG24,1,2,E4,837S1054,800,40.571089,-9.643856189774723
1,ENG24,2,2,E5,837S1054,800,40.928019,-9.643856189774723
1,ENG24,3,2,E6,837S1054,800,68.41166,-9.643856189774723
1,ENG24,1,2,E7,837S1065,800,48.602023,-9.643856189774723
1,ENG24,2,2,E8,837S1065,800,48.423557,-9.643856189774723
1,ENG24,3,2,E9,837S1065,800,43.961927,-9.643856189774723
1,ENG24,1,2,E10,837S1070,200,-0.118977,-9.643856189774723
1,ENG24,2,2,E11,837S1070,200,8.268888,-9.643856189774723
1,ENG24,3,2,E12,837S1070,200,16.389054,-9.643856189774723
1,ENG24,1,2,F1,837S1036,1600,24.866151,-10.643856189774723
1,ENG24,2,2,F2,837S1036,1600,33.07555,-10.643856189774723
1,ENG24,3,2,F3,837S1036,1600,17.370613,-10.643856189774723
1,ENG24,1,2,F4,837S1054,1600,15.318263,-10.643856189774723
1,ENG24,2,2,F5,837S1054,1600,12.730518,-10.643856189774723
1,ENG24,3,2,F6,837S1054,1600,48.423557,-10.643856189774723
1,ENG24,1,2,F7,837S1065,1600,29.238548,-10.643856189774723
1,ENG24,2,2,F8,837S1065,1600,28.61392,-10.643856189774723
1,ENG24,3,2,F9,837S1065,1600,17.638311,-10.643856189774723
1,ENG24,3,2,F10,837S1070,100,12.552052,-10.643856189774723
1,ENG24,3,2,F11,837S1070,100,27.632362,-10.643856189774723
1,ENG24,3,2,F12,837S1070,100,3.361095,-10.643856189774723
1,ENG24,1,2,G1,837S1036,3200,11.481261,-11.643856189774723
1,ENG24,2,2,G2,837S1036,3200,14.247472,-11.643856189774723
1,ENG24,3,2,G3,837S1036,3200,22.099941,-11.643856189774723
1,ENG24,1,2,G4,837S1054,3200,4.967281,-11.643856189774723
1,ENG24,2,2,G5,837S1054,3200,-0.029744,-11.643856189774723
1,ENG24,3,2,G6,837S1054,3200,20.136823,-11.643856189774723
1,ENG24,1,2,G7,837S1065,3200,26.650803,-11.643856189774723
1,ENG24,2,2,G8,837S1065,3200,21.832243,-11.643856189774723
1,ENG24,3,2,G9,837S1065,3200,8.447353,-11.643856189774723
1,ENG24,1,2,G10,837S1070,50,25.223081,-11.643856189774723
1,ENG24,2,2,G11,837S1070,50,12.195122,-11.643856189774723
1,ENG24,3,2,G12,837S1070,50,27.543129,-11.643856189774723
1,ENG24,1,3,A1,837S1081,50,99.430277,-5.643856189774724
1,ENG24,2,3,A2,837S1081,50,99.023332,-5.643856189774724
1,ENG24,3,3,A3,837S1081,50,98.860553,-5.643856189774724
1,ENG24,1,3,A4,837S1088,50,99.837222,-5.643856189774724
1,ENG24,2,3,A5,837S1088,50,99.755833,-5.643856189774724
1,ENG24,3,3,A6,837S1088,50,99.837222,-5.643856189774724
1,ENG24,1,3,A7,837S1089,50,99.674444,-5.643856189774724
1,ENG24,2,3,A8,837S1089,50,99.674444,-5.643856189774724
1,ENG24,3,3,A9,837S1089,50,99.755833,-5.643856189774724
1,ENG24,1,3,A10,837S1090,50,95.76777,-5.643856189774724
1,ENG24,2,3,A11,837S1090,50,96.093326,-5.643856189774724
1,ENG24,3,3,A12,837S1090,50,97.069995,-5.643856189774724
1,ENG24,1,3,B1,837S1081,100,95.035269,-6.643856189774724
1,ENG24,2,3,B2,837S1081,100,94.465545,-6.643856189774724
1,ENG24,3,3,B3,837S1081,100,91.698318,-6.643856189774724
1,ENG24,1,3,B4,837S1088,100,99.755833,-6.643856189774724
1,ENG24,2,3,B5,837S1088,100,99.674444,-6.643856189774724
1,ENG24,3,3,B6,837S1088,100,99.267499,-6.643856189774724
1,ENG24,1,3,B7,837S1089,100,97.395551,-6.643856189774724
1,ENG24,2,3,B8,837S1089,100,97.802496,-6.643856189774724
1,ENG24,3,3,B9,837S1089,100,96.174715,-6.643856189774724
1,ENG24,1,3,B10,837S1090,100,79.734129,-6.643856189774724
1,ENG24,2,3,B11,837S1090,100,78.106348,-6.643856189774724
1,ENG24,3,3,B12,837S1090,100,82.826913,-6.643856189774724
1,ENG24,1,3,C1,837S1081,200,82.826913,-7.643856189774724
1,ENG24,2,3,C2,837S1081,200,79.978296,-7.643856189774724
1,ENG24,3,3,C3,837S1081,200,73.141617,-7.643856189774724
1,ENG24,1,3,C4,837S1088,200,96.58166,-7.643856189774724
1,ENG24,2,3,C5,837S1088,200,97.069995,-7.643856189774724
1,ENG24,3,3,C6,837S1088,200,97.151384,-7.643856189774724
1,ENG24,1,3,C7,837S1089,200,90.64026,-7.643856189774724
1,ENG24,2,3,C8,837S1089,200,87.30331,-7.643856189774724
1,ENG24,3,3,C9,837S1089,200,84.861639,-7.643856189774724
1,ENG24,1,3,C10,837S1090,200,66.06077,-7.643856189774724
1,ENG24,2,3,C11,837S1090,200,54.584916,-7.643856189774724
1,ENG24,3,3,C12,837S1090,200,80.46663,-7.643856189774724
1,ENG24,1,3,D1,837S1081,400,59.386869,-8.643856189774725
1,ENG24,2,3,D2,837S1081,400,62.072708,-8.643856189774725
1,ENG24,3,3,D3,837S1081,400,72.083559,-8.643856189774725
1,ENG24,1,3,D4,837S1088,400,84.943028,-8.643856189774725
1,ENG24,2,3,D5,837S1088,400,87.954422,-8.643856189774725
1,ENG24,3,3,D6,837S1088,400,95.035269,-8.643856189774725
1,ENG24,1,3,D7,837S1089,400,85.675529,-8.643856189774725
1,ENG24,2,3,D8,837S1089,400,77.292458,-8.643856189774725
1,ENG24,3,3,D9,837S1089,400,70.537168,-8.643856189774725
1,ENG24,1,3,D10,837S1090,400,60.363538,-8.643856189774725
1,ENG24,2,3,D11,837S1090,400,39.934889,-8.643856189774725
1,ENG24,3,3,D12,837S1090,400,34.563212,-8.643856189774725
1,ENG24,1,3,E1,837S1081,800,38.469886,-9.643856189774723
1,ENG24,2,3,E2,837S1081,800,39.690722,-9.643856189774723
1,ENG24,3,3,E3,837S1081,800,35.051546,-9.643856189774723
1,ENG24,1,3,E4,837S1088,800,63.944655,-9.643856189774723
1,ENG24,2,3,E5,837S1088,800,70.618557,-9.643856189774723
1,ENG24,3,3,E6,837S1088,800,86.896365,-9.643856189774723
1,ENG24,1,3,E7,837S1089,800,62.316875,-9.643856189774723
1,ENG24,2,3,E8,837S1089,800,62.072708,-9.643856189774723
1,ENG24,3,3,E9,837S1089,800,60.119371,-9.643856189774723
1,ENG24,1,3,E10,837S1090,800,36.190993,-9.643856189774723
1,ENG24,2,3,E11,837S1090,800,40.66739,-9.643856189774723
1,ENG24,3,3,E12,837S1090,800,37.900163,-9.643856189774723
1,ENG24,1,3,F1,837S1081,1600,46.120456,-10.643856189774723
1,ENG24,2,3,F2,837S1081,1600,40.179056,-10.643856189774723
1,ENG24,3,3,F3,837S1081,1600,20.889854,-10.643856189774723
1,ENG24,1,3,F4,837S1088,1600,46.852957,-10.643856189774723
1,ENG24,2,3,F5,837S1088,1600,47.341291,-10.643856189774723
1,ENG24,3,3,F6,837S1088,1600,71.18828,-10.643856189774723
1,ENG24,1,3,F7,837S1089,1600,47.666848,-10.643856189774723
1,ENG24,2,3,F8,837S1089,1600,44.492675,-10.643856189774723
1,ENG24,3,3,F9,837S1089,1600,40.423223,-10.643856189774723
1,ENG24,3,3,F10,837S1090,1600,26.912642,-10.643856189774723
1,ENG24,3,3,F11,837S1090,1600,40.504612,-10.643856189774723
1,ENG24,3,3,F12,837S1090,1600,39.365165,-10.643856189774723
1,ENG24,1,3,G1,837S1081,3200,15.27401,-11.643856189774723
1,ENG24,2,3,G2,837S1081,3200,13.890396,-11.643856189774723
1,ENG24,3,3,G3,837S1081,3200,34.644601,-11.643856189774723
1,ENG24,1,3,G4,837S1088,3200,23.901248,-11.643856189774723
1,ENG24,2,3,G5,837S1088,3200,24.064026,-11.643856189774723
1,ENG24,3,3,G6,837S1088,3200,26.424308,-11.643856189774723
1,ENG24,1,3,G7,837S1089,3200,22.517634,-11.643856189774723
1,ENG24,2,3,G8,837S1089,3200,31.958763,-11.643856189774723
1,ENG24,3,3,G9,837S1089,3200,0.705372,-11.643856189774723
1,ENG24,1,3,G10,837S1090,3200,38.307108,-11.643856189774723
1,ENG24,2,3,G11,837S1090,3200,26.912642,-11.643856189774723
1,ENG24,3,3,G12,837S1090,3200,45.143787,-11.643856189774723
1,ENG24,1,4,A1,837S1100,50,89.934679,-5.643856189774724
1,ENG24,2,4,A2,837S1100,50,90.2019,-5.643856189774724
1,ENG24,3,4,A3,837S1100,50,90.558195,-5.643856189774724
1,ENG24,1,4,A4,837S1101,50,88.954869,-5.643856189774724
1,ENG24,2,4,A5,837S1101,50,86.28266,-5.643856189774724
1,ENG24,3,4,A6,837S1101,50,85.837292,-5.643856189774724
1,ENG24,1,4,A7,837S1106,50,33.105701,-5.643856189774724
1,ENG24,2,4,A8,837S1106,50,34.263658,-5.643856189774724
1,ENG24,3,4,A9,837S1106,50,30.344418,-5.643856189774724
1,ENG24,1,4,A10,837S1109,50,73.990499,-5.643856189774724
1,ENG24,2,4,A11,837S1109,50,72.654394,-5.643856189774724
1,ENG24,3,4,A12,837S1109,50,73.27791,-5.643856189774724
1,ENG24,1,4,B1,837S1100,100,74.703088,-6.643856189774724
1,ENG24,2,4,B2,837S1100,100,74.614014,-6.643856189774724
1,ENG24,3,4,B3,837S1100,100,74.25772,-6.643856189774724
1,ENG24,1,4,B4,837S1101,100,69.893112,-6.643856189774724
1,ENG24,2,4,B5,837S1101,100,66.775534,-6.643856189774724
1,ENG24,3,4,B6,837S1101,100,72.030879,-6.643856189774724
1,ENG24,1,4,B7,837S1106,100,33.016627,-6.643856189774724
1,ENG24,2,4,B8,837S1106,100,34.976247,-6.643856189774724
1,ENG24,3,4,B9,837S1106,100,25.712589,-6.643856189774724
1,ENG24,1,4,B10,837S1109,100,52.7019,-6.643856189774724
1,ENG24,2,4,B11,837S1109,100,46.644893,-6.643856189774724
1,ENG24,3,4,B12,837S1109,100,57.155582,-6.643856189774724
1,ENG24,1,4,C1,837S1100,200,52.7019,-7.643856189774724
1,ENG24,2,4,C2,837S1100,200,54.038005,-7.643856189774724
1,ENG24,3,4,C3,837S1100,200,52.078385,-7.643856189774724
1,ENG24,1,4,C4,837S1101,200,46.82304,-7.643856189774724
1,ENG24,2,4,C5,837S1101,200,47.713777,-7.643856189774724
1,ENG24,3,4,C6,837S1101,200,55.374109,-7.643856189774724
1,ENG24,1,4,C7,837S1106,200,56.175772,-7.643856189774724
1,ENG24,2,4,C8,837S1106,200,33.194774,-7.643856189774724
1,ENG24,3,4,C9,837S1106,200,31.146081,-7.643856189774724
1,ENG24,1,4,C10,837S1109,200,35.599762,-7.643856189774724
1,ENG24,2,4,C11,837S1109,200,32.304038,-7.643856189774724
1,ENG24,3,4,C12,837S1109,200,57.690024,-7.643856189774724
1,ENG24,1,4,D1,837S1100,400,29.89905,-8.643856189774725
1,ENG24,2,4,D2,837S1100,400,40.142518,-8.643856189774725
1,ENG24,3,4,D3,837S1100,400,28.117577,-8.643856189774725
1,ENG24,1,4,D4,837S1101,400,36.223278,-8.643856189774725
1,ENG24,2,4,D5,837S1101,400,39.073634,-8.643856189774725
1,ENG24,3,4,D6,837S1101,400,48.248219,-8.643856189774725
1,ENG24,1,4,D7,837S1106,400,47.891924,-8.643856189774725
1,ENG24,2,4,D8,837S1106,400,47.090261,-8.643856189774725
1,ENG24,3,4,D9,837S1106,400,33.81829,-8.643856189774725
1,ENG24,1,4,D10,837S1109,400,43.349169,-8.643856189774725
1,ENG24,2,4,D11,837S1109,400,29.631829,-8.643856189774725
1,ENG24,3,4,D12,837S1109,400,40.053444,-8.643856189774725
1,ENG24,1,4,E1,837S1100,800,14.22209,-9.643856189774723
1,ENG24,2,4,E2,837S1100,800,20.368171,-9.643856189774723
1,ENG24,3,4,E3,837S1100,800,26.247031,-9.643856189774723
1,ENG24,1,4,E4,837S1101,800,32.83848,-9.643856189774723
1,ENG24,2,4,E5,837S1101,800,27.404988,-9.643856189774723
1,ENG24,3,4,E6,837S1101,800,58.046318,-9.643856189774723
1,ENG24,1,4,E7,837S1106,800,77.553444,-9.643856189774723
1,ENG24,2,4,E8,837S1106,800,64.281473,-9.643856189774723
1,ENG24,3,4,E9,837S1106,800,33.016627,-9.643856189774723
1,ENG24,1,4,E10,837S1109,800,40.944181,-9.643856189774723
1,ENG24,2,4,E11,837S1109,800,26.95962,-9.643856189774723
1,ENG24,3,4,E12,837S1109,800,34.441805,-9.643856189774723
1,ENG24,1,4,F1,837S1100,1600,16.18171,-10.643856189774723
1,ENG24,2,4,F2,837S1100,1600,21.882423,-10.643856189774723
1,ENG24,3,4,F3,837S1100,1600,22.595012,-10.643856189774723
1,ENG24,1,4,F4,837S1101,1600,33.461995,-10.643856189774723
1,ENG24,2,4,F5,837S1101,1600,18.497625,-10.643856189774723
1,ENG24,3,4,F6,837S1101,1600,22.416865,-10.643856189774723
1,ENG24,1,4,F7,837S1106,1600,57.60095,-10.643856189774723
1,ENG24,2,4,F8,837S1106,1600,32.83848,-10.643856189774723
1,ENG24,3,4,F9,837S1106,1600,42.63658,-10.643856189774723
1,ENG24,3,4,F10,837S1109,1600,41.122328,-10.643856189774723
1,ENG24,3,4,F11,837S1109,1600,30.700713,-10.643856189774723
1,ENG24,3,4,F12,837S1109,1600,24.376485,-10.643856189774723
1,ENG24,1,4,G1,837S1100,3200,21.08076,-11.643856189774723
1,ENG24,2,4,G2,837S1100,3200,30.967933,-11.643856189774723
1,ENG24,3,4,G3,837S1100,3200,6.027316,-11.643856189774723
1,ENG24,1,4,G4,837S1101,3200,17.16152,-11.643856189774723
1,ENG24,2,4,G5,837S1101,3200,6.294537,-11.643856189774723
1,ENG24,3,4,G6,837S1101,3200,32.125891,-11.643856189774723
1,ENG24,1,4,G7,837S1106,3200,22.951306,-11.643856189774723
1,ENG24,2,4,G8,837S1106,3200,30.255344,-11.643856189774723
1,ENG24,3,4,G9,837S1106,3200,29.275534,-11.643856189774723
1,ENG24,1,4,G10,837S1109,3200,32.83848,-11.643856189774723
1,ENG24,2,4,G11,837S1109,3200,13.153207,-11.643856189774723
1,ENG24,3,4,G12,837S1109,3200,23.752969,-11.643856189774723
1,ENG24,1,5,A1,837S1147,50,55.808016,-5.643856189774724
1,ENG24,2,5,A2,837S1147,50,52.821037,-5.643856189774724
1,ENG24,3,5,A3,837S1147,50,43.400562,-5.643856189774724
1,ENG24,1,5,A4,837S1152,3200,-9.675772,-5.643856189774724
1,ENG24,2,5,A5,837S1152,3200,-5.769722,-5.643856189774724
1,ENG24,3,5,A6,837S1152,3200,-6.841971,-5.643856189774724
1,ENG24,1,5,A7,837S1154,50,46.004595,-5.643856189774724
1,ENG24,2,5,A8,837S1154,50,47.459791,-5.643856189774724
1,ENG24,3,5,A9,837S1154,50,48.685218,-5.643856189774724
1,ENG24,1,5,A10,837S1158,50,18.126117,-5.643856189774724
1,ENG24,2,5,A11,837S1158,50,3.95711,-5.643856189774724
1,ENG24,3,5,A12,837S1158,50,14.679602,-5.643856189774724
1,ENG24,1,5,B1,837S1147,100,36.354353,-6.643856189774724
1,ENG24,2,5,B2,837S1147,100,13.683942,-6.643856189774724
1,ENG24,3,5,B3,837S1147,100,13.224406,-6.643856189774724
1,ENG24,1,5,B4,837S1152,1600,-1.557314,-6.643856189774724
1,ENG24,2,5,B5,837S1152,1600,8.169517,-6.643856189774724
1,ENG24,3,5,B6,837S1152,1600,6.101608,-6.643856189774724
1,ENG24,1,5,B7,837S1154,100,26.933878,-6.643856189774724
1,ENG24,2,5,B8,837S1154,100,32.065356,-6.643856189774724
1,ENG24,3,5,B9,837S1154,100,24.100077,-6.643856189774724
1,ENG24,1,5,B10,837S1158,100,28.695430000000002,-6.643856189774724
1,ENG24,2,5,B11,837S1158,100,6.484555,-6.643856189774724
1,ENG24,3,5,B12,837S1158,100,16.747511,-6.643856189774724
1,ENG24,1,5,C1,837S1147,200,40.56676,-7.643856189774724
1,ENG24,2,5,C2,837S1147,200,5.718662,-7.643856189774724
1,ENG24,3,5,C3,837S1147,200,3.344396,-7.643856189774724
1,ENG24,1,5,C4,837S1152,800,-6.765382,-7.643856189774724
1,ENG24,2,5,C5,837S1152,800,-5.386776,-7.643856189774724
1,ENG24,3,5,C6,837S1152,800,5.642073,-7.643856189774724
1,ENG24,1,5,C7,837S1154,200,47.612969,-7.643856189774724
1,ENG24,2,5,C8,837S1154,200,25.325504,-7.643856189774724
1,ENG24,3,5,C9,837S1154,200,19.734491,-7.643856189774724
1,ENG24,1,5,C10,837S1158,200,23.640541,-7.643856189774724
1,ENG24,2,5,C11,837S1158,200,10.85014,-7.643856189774724
1,ENG24,3,5,C12,837S1158,200,51.212663,-7.643856189774724
1,ENG24,1,5,D1,837S1147,400,25.478683,-8.643856189774725
1,ENG24,2,5,D2,837S1147,400,14.373245,-8.643856189774725
1,ENG24,3,5,D3,837S1147,400,36.58412,-8.643856189774725
1,ENG24,1,5,D4,837S1152,400,-6.841971,-8.643856189774725
1,ENG24,2,5,D5,837S1152,400,22.721471,-8.643856189774725
1,ENG24,3,5,D6,837S1152,400,49.5277,-8.643856189774725
1,ENG24,1,5,D7,837S1154,400,48.608629,-8.643856189774725
1,ENG24,2,5,D8,837S1154,400,20.883329,-8.643856189774725
1,ENG24,3,5,D9,837S1154,400,-5.386776,-8.643856189774725
1,ENG24,1,5,D10,837S1158,400,41.868777,-8.643856189774725
1,ENG24,2,5,D11,837S1158,400,16.287975,-8.643856189774725
1,ENG24,3,5,D12,837S1158,400,32.984427,-8.643856189774725
1,ENG24,1,5,E1,837S1147,800,4.799592,-9.643856189774723
1,ENG24,2,5,E2,837S1147,800,16.517743,-9.643856189774723
1,ENG24,3,5,E3,837S1147,800,14.603013,-9.643856189774723
1,ENG24,1,5,E4,837S1152,200,22.338524,-9.643856189774723
1,ENG24,2,5,E5,837S1152,200,23.027827,-9.643856189774723
1,ENG24,3,5,E6,837S1152,200,51.212663,-9.643856189774723
1,ENG24,1,5,E7,837S1154,800,15.981619,-9.643856189774723
1,ENG24,2,5,E8,837S1154,800,35.66505,-9.643856189774723
1,ENG24,3,5,E9,837S1154,800,22.415114,-9.643856189774723
1,ENG24,1,5,E10,837S1158,800,13.913709,-9.643856189774723
1,ENG24,2,5,E11,837S1158,800,15.368905,-9.643856189774723
1,ENG24,3,5,E12,837S1158,800,18.892009,-9.643856189774723
1,ENG24,1,5,F1,837S1147,1600,22.032167,-10.643856189774723
1,ENG24,2,5,F2,837S1147,1600,27.546592,-10.643856189774723
1,ENG24,3,5,F3,837S1147,1600,-8.220577,-10.643856189774723
1,ENG24,1,5,F4,837S1152,100,-3.089099,-10.643856189774723
1,ENG24,2,5,F5,837S1152,100,7.097268,-10.643856189774723
1,ENG24,3,5,F6,837S1152,100,53.586929,-10.643856189774723
1,ENG24,1,5,F7,837S1154,1600,2.425326,-10.643856189774723
1,ENG24,2,5,F8,837S1154,1600,24.253255,-10.643856189774723
1,ENG24,3,5,F9,837S1154,1600,14.603013,-10.643856189774723
1,ENG24,3,5,F10,837S1158,1600,24.865969,-10.643856189774723
1,ENG24,3,5,F11,837S1158,1600,26.167986,-10.643856189774723
1,ENG24,3,5,F12,837S1158,1600,42.481491,-10.643856189774723
1,ENG24,1,5,G1,837S1147,3200,22.032167,-11.643856189774723
1,ENG24,2,5,G2,837S1147,3200,13.147817,-11.643856189774723
1,ENG24,3,5,G3,837S1147,3200,30.993107,-11.643856189774723
1,ENG24,1,5,G4,837S1152,50,23.946898,-11.643856189774723
1,ENG24,2,5,G5,837S1152,50,24.176666,-11.643856189774723
1,ENG24,3,5,G6,837S1152,50,15.82844,-11.643856189774723
1,ENG24,1,5,G7,837S1154,3200,14.449834,-11.643856189774723
1,ENG24,2,5,G8,837S1154,3200,25.172326,-11.643856189774723
1,ENG24,3,5,G9,837S1154,3200,1.353076,-11.643856189774723
1,ENG24,1,5,G10,837S1158,3200,14.83278,-11.643856189774723
1,ENG24,2,5,G11,837S1158,3200,5.335716,-11.643856189774723
1,ENG24,3,5,G12,837S1158,3200,19.964258,-11.643856189774723
1,ENG24,1,6,A1,837S1165,50,98.684211,-5.643856189774724
1,ENG24,2,6,A2,837S1165,50,98.333333,-5.643856189774724
1,ENG24,3,6,A3,837S1165,50,98.157895,-5.643856189774724
1,ENG24,1,6,A4,837S1171,50,2.45614,-5.643856189774724
1,ENG24,2,6,A5,837S1171,50,4.035088,-5.643856189774724
1,ENG24,3,6,A6,837S1171,50,11.666667,-5.643856189774724
1,ENG24,1,6,A7,837S1183,50,100,-5.643856189774724
1,ENG24,2,6,A8,837S1183,50,99.912281,-5.643856189774724
1,ENG24,3,6,A9,837S1183,50,99.736842,-5.643856189774724
1,ENG24,1,6,A10,837S1187,50,35.526316,-5.643856189774724
1,ENG24,2,6,A11,837S1187,50,35.964912,-5.643856189774724
1,ENG24,3,6,A12,837S1187,50,36.315789,-5.643856189774724
1,ENG24,1,6,B1,837S1165,100,90.701754,-6.643856189774724
1,ENG24,2,6,B2,837S1165,100,93.859649,-6.643856189774724
1,ENG24,3,6,B3,837S1165,100,91.491228,-6.643856189774724
1,ENG24,1,6,B4,837S1171,100,5.350877,-6.643856189774724
1,ENG24,2,6,B5,837S1171,100,-11.929825,-6.643856189774724
1,ENG24,3,6,B6,837S1171,100,-2.719298,-6.643856189774724
1,ENG24,1,6,B7,837S1183,100,100,-6.643856189774724
1,ENG24,2,6,B8,837S1183,100,100,-6.643856189774724
1,ENG24,3,6,B9,837S1183,100,100,-6.643856189774724
1,ENG24,1,6,B10,837S1187,100,13.421053,-6.643856189774724
1,ENG24,2,6,B11,837S1187,100,4.210526,-6.643856189774724
1,ENG24,3,6,B12,837S1187,100,15.087719,-6.643856189774724
1,ENG24,1,6,C1,837S1165,200,68.596491,-7.643856189774724
1,ENG24,2,6,C2,837S1165,200,61.315789,-7.643856189774724
1,ENG24,3,6,C3,837S1165,200,64.649123,-7.643856189774724
1,ENG24,1,6,C4,837S1171,200,-2.807018,-7.643856189774724
1,ENG24,2,6,C5,837S1171,200,-26.754386,-7.643856189774724
1,ENG24,3,6,C6,837S1171,200,-19.298246,-7.643856189774724
1,ENG24,1,6,C7,837S1183,200,99.824561,-7.643856189774724
1,ENG24,2,6,C8,837S1183,200,99.912281,-7.643856189774724
1,ENG24,3,6,C9,837S1183,200,99.561404,-7.643856189774724
1,ENG24,1,6,C10,837S1187,200,5.175439,-7.643856189774724
1,ENG24,2,6,C11,837S1187,200,3.421053,-7.643856189774724
1,ENG24,3,6,C12,837S1187,200,37.894737,-7.643856189774724
1,ENG24,1,6,D1,837S1165,400,41.666667,-8.643856189774725
1,ENG24,2,6,D2,837S1165,400,38.333333,-8.643856189774725
1,ENG24,3,6,D3,837S1165,400,47.54386,-8.643856189774725
1,ENG24,1,6,D4,837S1171,400,11.052632,-8.643856189774725
1,ENG24,2,6,D5,837S1171,400,11.491228,-8.643856189774725
1,ENG24,3,6,D6,837S1171,400,29.561404,-8.643856189774725
1,ENG24,1,6,D7,837S1183,400,99.824561,-8.643856189774725
1,ENG24,2,6,D8,837S1183,400,100,-8.643856189774725
1,ENG24,3,6,D9,837S1183,400,99.736842,-8.643856189774725
1,ENG24,1,6,D10,837S1187,400,8.947368,-8.643856189774725
1,ENG24,2,6,D11,837S1187,400,4.210526,-8.643856189774725
1,ENG24,3,6,D12,837S1187,400,5.701754,-8.643856189774725
1,ENG24,1,6,E1,837S1165,800,11.140351,-9.643856189774723
1,ENG24,2,6,E2,837S1165,800,20.438596,-9.643856189774723
1,ENG24,3,6,E3,837S1165,800,27.368421,-9.643856189774723
1,ENG24,1,6,E4,837S1171,800,14.035088,-9.643856189774723
1,ENG24,2,6,E5,837S1171,800,26.140351,-9.643856189774723
1,ENG24,3,6,E6,837S1171,800,36.666667,-9.643856189774723
1,ENG24,1,6,E7,837S1183,800,99.912281,-9.643856189774723
1,ENG24,2,6,E8,837S1183,800,100,-9.643856189774723
1,ENG24,3,6,E9,837S1183,800,99.912281,-9.643856189774723
1,ENG24,1,6,E10,837S1187,800,20.877193,-9.643856189774723
1,ENG24,2,6,E11,837S1187,800,13.596491,-9.643856189774723
1,ENG24,3,6,E12,837S1187,800,22.982456,-9.643856189774723
1,ENG24,1,6,F1,837S1165,1600,9.473684,-10.643856189774723
1,ENG24,2,6,F2,837S1165,1600,-14.298246,-10.643856189774723
1,ENG24,3,6,F3,837S1165,1600,-16.929825,-10.643856189774723
1,ENG24,1,6,F4,837S1171,1600,1.491228,-10.643856189774723
1,ENG24,2,6,F5,837S1171,1600,5.350877,-10.643856189774723
1,ENG24,3,6,F6,837S1171,1600,9.561404,-10.643856189774723
1,ENG24,1,6,F7,837S1183,1600,99.298246,-10.643856189774723
1,ENG24,2,6,F8,837S1183,1600,99.736842,-10.643856189774723
1,ENG24,3,6,F9,837S1183,1600,99.736842,-10.643856189774723
1,ENG24,3,6,F10,837S1187,1600,10.614035,-10.643856189774723
1,ENG24,3,6,F11,837S1187,1600,-0.175439,-10.643856189774723
1,ENG24,3,6,F12,837S1187,1600,5.350877,-10.643856189774723
1,ENG24,1,6,G1,837S1165,3200,9.473684,-11.643856189774723
1,ENG24,2,6,G2,837S1165,3200,2.982456,-11.643856189774723
1,ENG24,3,6,G3,837S1165,3200,0,-11.643856189774723
1,ENG24,1,6,G4,837S1171,3200,0.964912,-11.643856189774723
1,ENG24,2,6,G5,837S1171,3200,15.263158,-11.643856189774723
1,ENG24,3,6,G6,837S1171,3200,9.385965,-11.643856189774723
1,ENG24,1,6,G7,837S1183,3200,92.807018,-11.643856189774723
1,ENG24,2,6,G8,837S1183,3200,96.754386,-11.643856189774723
1,ENG24,3,6,G9,837S1183,3200,93.596491,-11.643856189774723
1,ENG24,1,6,G10,837S1187,3200,7.982456,-11.643856189774723
1,ENG24,2,6,G11,837S1187,3200,10.701754,-11.643856189774723
1,ENG24,3,6,G12,837S1187,3200,24.473684,-11.643856189774723
1,ENG24,1,7,A1,837S1197,50,99.634948,-5.643856189774724
1,ENG24,2,7,A2,837S1197,50,99.415916,-5.643856189774724
1,ENG24,3,7,A3,837S1197,50,99.780969,-5.643856189774724
1,ENG24,1,7,A4,837S1214,50,69.700657,-5.643856189774724
1,ENG24,2,7,A5,837S1214,50,61.377464,-5.643856189774724
1,ENG24,3,7,A6,837S1214,50,67.656364,-5.643856189774724
1,ENG24,1,7,A7,837S1216,50,62.545632,-5.643856189774724
1,ENG24,2,7,A8,837S1216,50,68.459479,-5.643856189774724
1,ENG24,3,7,A9,837S1216,50,62.180579,-5.643856189774724
1,ENG24,1,7,A10,837S1218,50,82.477488,-5.643856189774724
1,ENG24,2,7,A11,837S1218,50,84.813823,-5.643856189774724
1,ENG24,3,7,A12,837S1218,50,87.4422,-5.643856189774724
1,ENG24,1,7,B1,837S1197,100,96.495498,-6.643856189774724
1,ENG24,2,7,B2,837S1197,100,96.495498,-6.643856189774724
1,ENG24,3,7,B3,837S1197,100,96.495498,-6.643856189774724
1,ENG24,1,7,B4,837S1214,100,40.27744,-6.643856189774724
1,ENG24,2,7,B5,837S1214,100,29.836943,-6.643856189774724
1,ENG24,3,7,B6,837S1214,100,35.239718,-6.643856189774724
1,ENG24,1,7,B7,837S1216,100,12.898515,-6.643856189774724
1,ENG24,2,7,B8,837S1216,100,22.754928,-6.643856189774724
1,ENG24,3,7,B9,837S1216,100,22.389876,-6.643856189774724
1,ENG24,1,7,B10,837S1218,100,60.647359,-6.643856189774724
1,ENG24,2,7,B11,837S1218,100,55.682648,-6.643856189774724
1,ENG24,3,7,B12,837S1218,100,65.027987,-6.643856189774724
1,ENG24,1,7,C1,837S1197,200,87.807252,-7.643856189774724
1,ENG24,2,7,C2,837S1197,200,85.178876,-7.643856189774724
1,ENG24,3,7,C3,837S1197,200,82.76953,-7.643856189774724
1,ENG24,1,7,C4,837S1214,200,20.710635,-7.643856189774724
1,ENG24,2,7,C5,837S1214,200,16.037965,-7.643856189774724
1,ENG24,3,7,C6,837S1214,200,19.83451,-7.643856189774724
1,ENG24,1,7,C7,837S1216,200,-8.858603,-7.643856189774724
1,ENG24,2,7,C8,837S1216,200,-0.973473,-7.643856189774724
1,ENG24,3,7,C9,837S1216,200,-0.973473,-7.643856189774724
1,ENG24,1,7,C10,837S1218,200,31.297153,-7.643856189774724
1,ENG24,2,7,C11,837S1218,200,35.385739,-7.643856189774724
1,ENG24,3,7,C12,837S1218,200,35.896812,-7.643856189774724
1,ENG24,1,7,D1,837S1197,400,61.596496,-8.643856189774725
1,ENG24,2,7,D2,837S1197,400,58.018983,-8.643856189774725
1,ENG24,3,7,D3,837S1197,400,64.735945,-8.643856189774725
1,ENG24,1,7,D4,837S1214,400,17.498175,-8.643856189774725
1,ENG24,2,7,D5,837S1214,400,-3.67486,-8.643856189774725
1,ENG24,3,7,D6,837S1214,400,17.863227,-8.643856189774725
1,ENG24,1,7,D7,837S1216,400,13.55561,-8.643856189774725
1,ENG24,2,7,D8,837S1216,400,-4.258944,-8.643856189774725
1,ENG24,3,7,D9,837S1216,400,-4.843028,-8.643856189774725
1,ENG24,1,7,D10,837S1218,400,-3.163787,-8.643856189774725
1,ENG24,2,7,D11,837S1218,400,8.371867,-8.643856189774725
1,ENG24,3,7,D12,837S1218,400,4.13726,-8.643856189774725
1,ENG24,1,7,E1,837S1197,800,39.839377,-9.643856189774723
1,ENG24,2,7,E2,837S1197,800,33.195425,-9.643856189774723
1,ENG24,3,7,E3,837S1197,800,37.211,-9.643856189774723
1,ENG24,1,7,E4,837S1214,800,23.558043,-9.643856189774723
1,ENG24,2,7,E5,837S1214,800,20.418593,-9.643856189774723
1,ENG24,3,7,E6,837S1214,800,34.07155,-9.643856189774723
1,ENG24,1,7,E7,837S1216,800,27.281577,-9.643856189774723
1,ENG24,2,7,E8,837S1216,800,39.620346,-9.643856189774723
1,ENG24,3,7,E9,837S1216,800,15.307861,-9.643856189774723
1,ENG24,1,7,E10,837S1218,800,13.920662,-9.643856189774723
1,ENG24,2,7,E11,837S1218,800,3.480165,-9.643856189774723
1,ENG24,3,7,E12,837S1218,800,1.581893,-9.643856189774723
1,ENG24,1,7,F1,837S1197,1600,22.681918,-10.643856189774723
1,ENG24,2,7,F2,837S1197,1600,13.482599,-10.643856189774723
1,ENG24,3,7,F3,837S1197,1600,14.358725,-10.643856189774723
1,ENG24,1,7,F4,837S1214,1600,23.777075,-10.643856189774723
1,ENG24,2,7,F5,837S1214,1600,12.460453,-10.643856189774723
1,ENG24,3,7,F6,837S1214,1600,30.85909,-10.643856189774723
1,ENG24,1,7,F7,837S1216,1600,20.053541,-10.643856189774723
1,ENG24,2,7,F8,837S1216,1600,20.856656,-10.643856189774723
1,ENG24,3,7,F9,837S1216,1600,10.270139,-10.643856189774723
1,ENG24,3,7,F10,837S1218,1600,24.6532,-10.643856189774723
1,ENG24,3,7,F11,837S1218,1600,-4.989048,-10.643856189774723
1,ENG24,3,7,F12,837S1218,1600,16.841081,-10.643856189774723
1,ENG24,1,7,G1,837S1197,3200,8.736919,-11.643856189774723
1,ENG24,2,7,G2,837S1197,3200,4.13726,-11.643856189774723
1,ENG24,3,7,G3,837S1197,3200,11.365296,-11.643856189774723
1,ENG24,1,7,G4,837S1214,3200,9.247992,-11.643856189774723
1,ENG24,2,7,G5,837S1214,3200,13.117547,-11.643856189774723
1,ENG24,3,7,G6,837S1214,3200,14.577756,-11.643856189774723
1,ENG24,1,7,G7,837S1216,3200,3.991239,-11.643856189774723
1,ENG24,2,7,G8,837S1216,3200,13.263568,-11.643856189774723
1,ENG24,3,7,G9,837S1216,3200,0.267705,-11.643856189774723
1,ENG24,1,7,G10,837S1218,3200,15.599903,-11.643856189774723
1,ENG24,2,7,G11,837S1218,3200,4.429302,-11.643856189774723
1,ENG24,3,7,G12,837S1218,3200,13.263568,-11.643856189774723
1,ENG24,1,8,A1,837S1225,3200,-12.548512,-5.643856189774724
1,ENG24,2,8,A2,837S1225,3200,-33.505821,-5.643856189774724
1,ENG24,3,8,A3,837S1225,3200,-13.227684,-5.643856189774724
1,ENG24,1,8,A4,837S1229,3200,-20.019405,-5.643856189774724
1,ENG24,2,8,A5,837S1229,3200,-36.610608,-5.643856189774724
1,ENG24,3,8,A6,837S1229,3200,-32.438551,-5.643856189774724
1,ENG24,1,8,A7,837S1233,3200,16.364812,-5.643856189774724
1,ENG24,2,8,A8,837S1233,3200,24.223803,-5.643856189774724
1,ENG24,3,8,A9,837S1233,3200,18.790427,-5.643856189774724
1,ENG24,1,8,A10,837S1241,3200,-26.034929,-5.643856189774724
1,ENG24,2,8,A11,837S1241,3200,-33.408797,-5.643856189774724
1,ENG24,3,8,A12,837S1241,3200,-15.45925,-5.643856189774724
1,ENG24,1,8,B1,837S1225,1600,2.97542,-6.643856189774724
1,ENG24,2,8,B2,837S1225,1600,25.388098,-6.643856189774724
1,ENG24,3,8,B3,837S1225,1600,29.65718,-6.643856189774724
1,ENG24,1,8,B4,837S1229,1600,21.701164,-6.643856189774724
1,ENG24,2,8,B5,837S1229,1600,12.871928,-6.643856189774724
1,ENG24,3,8,B6,837S1229,1600,4.333765,-6.643856189774724
1,ENG24,1,8,B7,837S1233,1600,27.619664,-6.643856189774724
1,ENG24,2,8,B8,837S1233,1600,31.306598,-6.643856189774724
1,ENG24,3,8,B9,837S1233,1600,1.714101,-6.643856189774724
1,ENG24,1,8,B10,837S1241,1600,11.319534,-6.643856189774724
1,ENG24,2,8,B11,837S1241,1600,-24.094437,-6.643856189774724
1,ENG24,3,8,B12,837S1241,1600,-27.102199,-6.643856189774724
1,ENG24,1,8,C1,837S1225,800,18.208279,-7.643856189774724
1,ENG24,2,8,C2,837S1225,800,38.874515,-7.643856189774724
1,ENG24,3,8,C3,837S1225,800,27.716688,-7.643856189774724
1,ENG24,1,8,C4,837S1229,800,63.324709,-7.643856189774724
1,ENG24,2,8,C5,837S1229,800,37.322122,-7.643856189774724
1,ENG24,3,8,C6,837S1229,800,38.77749,-7.643856189774724
1,ENG24,1,8,C7,837S1233,800,44.890039,-7.643856189774724
1,ENG24,2,8,C8,837S1233,800,48.285899,-7.643856189774724
1,ENG24,3,8,C9,837S1233,800,23.156533,-7.643856189774724
1,ENG24,1,8,C10,837S1241,800,22.477361,-7.643856189774724
1,ENG24,2,8,C11,837S1241,800,-8.376455,-7.643856189774724
1,ENG24,3,8,C12,837S1241,800,-8.47348,-7.643856189774724
1,ENG24,1,8,D1,837S1225,400,47.218629,-8.643856189774725
1,ENG24,2,8,D2,837S1225,400,37.225097,-8.643856189774725
1,ENG24,3,8,D3,837S1225,400,39.165589,-8.643856189774725
1,ENG24,1,8,D4,837S1229,400,52.457956,-8.643856189774725
1,ENG24,2,8,D5,837S1229,400,34.411384,-8.643856189774725
1,ENG24,3,8,D6,837S1229,400,26.164295,-8.643856189774725
1,ENG24,1,8,D7,837S1233,400,48.285899,-8.643856189774725
1,ENG24,2,8,D8,837S1233,400,59.928849,-8.643856189774725
1,ENG24,3,8,D9,837S1233,400,41.591203,-8.643856189774725
1,ENG24,1,8,D10,837S1241,400,40.135834,-8.643856189774725
1,ENG24,2,8,D11,837S1241,400,42.3674,-8.643856189774725
1,ENG24,3,8,D12,837S1241,400,-0.129366,-8.643856189774725
1,ENG24,1,8,E1,837S1225,200,24.126779,-9.643856189774723
1,ENG24,2,8,E2,837S1225,200,36.060802,-9.643856189774723
1,ENG24,3,8,E3,837S1225,200,35.866753,-9.643856189774723
1,ENG24,1,8,E4,837S1229,200,51.390686,-9.643856189774723
1,ENG24,2,8,E5,837S1229,200,69.825356,-9.643856189774723
1,ENG24,3,8,E6,837S1229,200,54.204398,-9.643856189774723
1,ENG24,1,8,E7,837S1233,200,52.360931,-9.643856189774723
1,ENG24,2,8,E8,837S1233,200,51.681759,-9.643856189774723
1,ENG24,3,8,E9,837S1233,200,41.10608,-9.643856189774723
1,ENG24,1,8,E10,837S1241,200,55.07762,-9.643856189774723
1,ENG24,2,8,E11,837S1241,200,9.379043,-9.643856189774723
1,ENG24,3,8,E12,837S1241,200,-1.196636,-9.643856189774723
1,ENG24,1,8,F1,837S1225,100,16.94696,-10.643856189774723
1,ENG24,2,8,F2,837S1225,100,18.208279,-10.643856189774723
1,ENG24,3,8,F3,837S1225,100,33.247089,-10.643856189774723
1,ENG24,1,8,F4,837S1229,100,31.015524,-10.643856189774723
1,ENG24,2,8,F5,837S1229,100,32.470893,-10.643856189774723
1,ENG24,3,8,F6,837S1229,100,13.939198,-10.643856189774723
1,ENG24,1,8,F7,837S1233,100,74.094437,-10.643856189774723
1,ENG24,2,8,F8,837S1233,100,17.820181,-10.643856189774723
1,ENG24,3,8,F9,837S1233,100,48.673997,-10.643856189774723
1,ENG24,3,8,F10,837S1241,100,47.412678,-10.643856189774723
1,ENG24,3,8,F11,837S1241,100,-7.40621,-10.643856189774723
1,ENG24,3,8,F12,837S1241,100,-11.384217,-10.643856189774723
1,ENG24,1,8,G1,837S1225,50,-0.614489,-11.643856189774723
1,ENG24,2,8,G2,837S1225,50,-1.390686,-11.643856189774723
1,ENG24,3,8,G3,837S1225,50,26.06727,-11.643856189774723
1,ENG24,1,8,G4,837S1229,50,30.045278,-11.643856189774723
1,ENG24,2,8,G5,837S1229,50,22.089263,-11.643856189774723
1,ENG24,3,8,G6,837S1229,50,45.957309,-11.643856189774723
1,ENG24,1,8,G7,837S1233,50,34.605433,-11.643856189774723
1,ENG24,2,8,G8,837S1233,50,39.165589,-11.643856189774723
1,ENG24,3,8,G9,837S1233,50,15.588616,-11.643856189774723
1,ENG24,1,8,G10,837S1241,50,36.060802,-11.643856189774723
1,ENG24,2,8,G11,837S1241,50,28.104787,-11.643856189774723
1,ENG24,3,8,G12,837S1241,50,1.90815,-11.643856189774723
2,ENG25,1,1,A1,837S1007,3200,5.747297,-5.643856189774724
2,ENG25,2,1,A2,837S1007,3200,-2.273737,-5.643856189774724
2,ENG25,3,1,A3,837S1007,3200,-0.051844,-5.643856189774724
2,ENG25,1,1,A4,837S1024,50,23.100281,-5.643856189774724
2,ENG25,2,1,A5,837S1024,50,23.144719,-5.643856189774724
2,ENG25,3,1,A6,837S1024,50,32.987706,-5.643856189774724
2,ENG25,1,1,A7,837S1030,50,23.300252,-5.643856189774724
2,ENG25,2,1,A8,837S1030,50,7.524811,-5.643856189774724
2,ENG25,3,1,A9,837S1030,50,14.19049,-5.643856189774724
2,ENG25,1,1,A10,837S1035,50,50.162939,-5.643856189774724
2,ENG25,2,1,A11,837S1035,50,48.27433,-5.643856189774724
2,ENG25,3,1,A12,837S1035,50,45.541401,-5.643856189774724
2,ENG25,1,1,B1,837S1007,1600,4.125315,-6.643856189774724
2,ENG25,2,1,B2,837S1007,1600,-4.362317,-6.643856189774724
2,ENG25,3,1,B3,837S1007,1600,-7.695156,-6.643856189774724
2,ENG25,1,1,B4,837S1024,100,13.212857,-6.643856189774724
2,ENG25,2,1,B5,837S1024,100,12.279662,-6.643856189774724
2,ENG25,3,1,B6,837S1024,100,19.211969,-6.643856189774724
2,ENG25,1,1,B7,837S1030,100,7.34706,-6.643856189774724
2,ENG25,2,1,B8,837S1030,100,12.924011,-6.643856189774724
2,ENG25,3,1,B9,837S1030,100,12.257443,-6.643856189774724
2,ENG25,1,1,B10,837S1035,100,31.254629,-6.643856189774724
2,ENG25,2,1,B11,837S1035,100,26.544216,-6.643856189774724
2,ENG25,3,1,B12,837S1035,100,20.945045,-6.643856189774724
2,ENG25,1,1,C1,837S1007,800,13.546141,-7.643856189774724
2,ENG25,2,1,C2,837S1007,800,-5.96208,-7.643856189774724
2,ENG25,3,1,C3,837S1007,800,-10.872463,-7.643856189774724
2,ENG25,1,1,C4,837S1024,200,5.369575,-7.643856189774724
2,ENG25,2,1,C5,837S1024,200,2.414457,-7.643856189774724
2,ENG25,3,1,C6,837S1024,200,-1.096134,-7.643856189774724
2,ENG25,1,1,C7,837S1030,200,7.213746,-7.643856189774724
2,ENG25,2,1,C8,837S1030,200,7.280403,-7.643856189774724
2,ENG25,3,1,C9,837S1030,200,5.725078,-7.643856189774724
2,ENG25,1,1,C10,837S1035,200,15.190342,-7.643856189774724
2,ENG25,2,1,C11,837S1035,200,12.101911,-7.643856189774724
2,ENG25,3,1,C12,837S1035,200,17.967708,-7.643856189774724
2,ENG25,1,1,D1,837S1007,400,11.346467,-8.643856189774725
2,ENG25,2,1,D2,837S1007,400,-5.11776,-8.643856189774725
2,ENG25,3,1,D3,837S1007,400,3.480966,-8.643856189774725
2,ENG25,1,1,D4,837S1024,400,-11.183528,-8.643856189774725
2,ENG25,2,1,D5,837S1024,400,-0.34069,-8.643856189774725
2,ENG25,3,1,D6,837S1024,400,4.125315,-8.643856189774725
2,ENG25,1,1,D7,837S1030,400,4.21419,-8.643856189774725
2,ENG25,2,1,D8,837S1030,400,11.768627,-8.643856189774725
2,ENG25,3,1,D9,837S1030,400,8.835728,-8.643856189774725
2,ENG25,1,1,D10,837S1035,400,6.258332,-8.643856189774725
2,ENG25,2,1,D11,837S1035,400,6.413865,-8.643856189774725
2,ENG25,3,1,D12,837S1035,400,12.146349,-8.643856189774725
2,ENG25,1,1,E1,837S1007,200,13.923863,-9.643856189774723
2,ENG25,2,1,E2,837S1007,200,6.013924,-9.643856189774723
2,ENG25,3,1,E3,837S1007,200,5.102948,-9.643856189774723
2,ENG25,1,1,E4,837S1024,800,0.703599,-9.643856189774723
2,ENG25,2,1,E5,837S1024,800,2.125611,-9.643856189774723
2,ENG25,3,1,E6,837S1024,800,20.456229,-9.643856189774723
2,ENG25,1,1,E7,837S1030,800,11.946378,-9.643856189774723
2,ENG25,2,1,E8,837S1030,800,25.699896,-9.643856189774723
2,ENG25,3,1,E9,837S1030,800,4.769664,-9.643856189774723
2,ENG25,1,1,E10,837S1035,800,10.835432,-9.643856189774723
2,ENG25,2,1,E11,837S1035,800,-2.42927,-9.643856189774723
2,ENG25,3,1,E12,837S1035,800,2.903274,-9.643856189774723
2,ENG25,1,1,F1,837S1007,100,14.790401,-10.643856189774723
2,ENG25,2,1,F2,837S1007,100,4.547474,-10.643856189774723
2,ENG25,3,1,F3,837S1007,100,-4.651163,-10.643856189774723
2,ENG25,1,1,F4,837S1024,1600,1.147978,-10.643856189774723
2,ENG25,2,1,F5,837S1024,1600,6.30277,-10.643856189774723
2,ENG25,3,1,F6,837S1024,1600,5.813953,-10.643856189774723
2,ENG25,1,1,F7,837S1030,1600,-0.074063,-10.643856189774723
2,ENG25,2,1,F8,837S1030,1600,9.21345,-10.643856189774723
2,ENG25,3,1,F9,837S1030,1600,12.901792,-10.643856189774723
2,ENG25,3,1,F10,837S1035,1600,19.078655,-10.643856189774723
2,ENG25,3,1,F11,837S1035,1600,17.812176,-10.643856189774723
2,ENG25,3,1,F12,837S1035,1600,11.057621,-10.643856189774723
2,ENG25,1,1,G1,837S1007,50,12.057473,-11.643856189774723
2,ENG25,2,1,G2,837S1007,50,6.1028,-11.643856189774723
2,ENG25,3,1,G3,837S1007,50,2.192268,-11.643856189774723
2,ENG25,1,1,G4,837S1024,3200,3.325433,-11.643856189774723
2,ENG25,2,1,G5,837S1024,3200,5.769516,-11.643856189774723
2,ENG25,3,1,G6,837S1024,3200,5.836172,-11.643856189774723
2,ENG25,1,1,G7,837S1030,3200,7.635906,-11.643856189774723
2,ENG25,2,1,G8,837S1030,3200,14.790401,-11.643856189774723
2,ENG25,3,1,G9,837S1030,3200,8.880166,-11.643856189774723
2,ENG25,1,1,G10,837S1035,3200,8.79129,-11.643856189774723
2,ENG25,2,1,G11,837S1035,3200,10.435491,-11.643856189774723
2,ENG25,3,1,G12,837S1035,3200,5.858391,-11.643856189774723
1,ENG25,1,2,A1,837S1036,50,58.488098,-5.643856189774724
1,ENG25,2,2,A2,837S1036,50,40.517918,-5.643856189774724
1,ENG25,3,2,A3,837S1036,50,19.644258,-5.643856189774724
1,ENG25,1,2,A4,837S1054,50,63.11797,-5.643856189774724
1,ENG25,2,2,A5,837S1054,50,69.945069,-5.643856189774724
1,ENG25,3,2,A6,837S1054,50,77.243003,-5.643856189774724
1,ENG25,1,2,A7,837S1065,50,68.846456,-5.643856189774724
1,ENG25,2,2,A8,837S1065,50,71.514517,-5.643856189774724
1,ENG25,3,2,A9,837S1065,50,63.039498,-5.643856189774724
1,ENG25,1,2,A10,837S1070,3200,29.139419,-5.643856189774724
1,ENG25,2,2,A11,837S1070,3200,19.408841,-5.643856189774724
1,ENG25,3,2,A12,837S1070,3200,47.188072,-5.643856189774724
1,ENG25,1,2,B1,837S1036,100,34.867905,-6.643856189774724
1,ENG25,2,2,B2,837S1036,100,26.23594,-6.643856189774724
1,ENG25,3,2,B3,837S1036,100,23.175517,-6.643856189774724
1,ENG25,1,2,B4,837S1054,100,52.602668,-6.643856189774724
1,ENG25,2,2,B5,837S1054,100,55.035313,-6.643856189774724
1,ENG25,3,2,B6,837S1054,100,40.753335,-6.643856189774724
1,ENG25,1,2,B7,837S1065,100,52.367251,-6.643856189774724
1,ENG25,2,2,B8,837S1065,100,68.689511,-6.643856189774724
1,ENG25,3,2,B9,837S1065,100,53.465865,-6.643856189774724
1,ENG25,1,2,B10,837S1070,1600,18.938007,-6.643856189774724
1,ENG25,2,2,B11,837S1070,1600,34.789432,-6.643856189774724
1,ENG25,3,2,B12,837S1070,1600,26.86372,-6.643856189774724
1,ENG25,1,2,C1,837S1036,200,45.775569,-7.643856189774724
1,ENG25,2,2,C2,837S1036,200,1.517133,-7.643856189774724
1,ENG25,3,2,C3,837S1036,200,-3.348156,-7.643856189774724
1,ENG25,1,2,C4,837S1054,200,28.354695,-7.643856189774724
1,ENG25,2,2,C5,837S1054,200,17.917866,-7.643856189774724
1,ENG25,3,2,C6,837S1054,200,15.014387,-7.643856189774724
1,ENG25,1,2,C7,837S1065,200,64.295056,-7.643856189774724
1,ENG25,2,2,C8,837S1065,200,48.75752,-7.643856189774724
1,ENG25,3,2,C9,837S1065,200,57.703374,-7.643856189774724
1,ENG25,1,2,C10,837S1070,800,27.334554,-7.643856189774724
1,ENG25,2,2,C11,837S1070,800,36.594298,-7.643856189774724
1,ENG25,3,2,C12,837S1070,800,35.417212,-7.643856189774724
1,ENG25,1,2,D1,837S1036,400,32.74915,-8.643856189774725
1,ENG25,2,2,D2,837S1036,400,33.141512,-8.643856189774725
1,ENG25,3,2,D3,837S1036,400,45.932514,-8.643856189774725
1,ENG25,1,2,D4,837S1054,400,21.684541,-8.643856189774725
1,ENG25,2,2,D5,837S1054,400,17.054669,-8.643856189774725
1,ENG25,3,2,D6,837S1054,400,49.463772,-8.643856189774725
1,ENG25,1,2,D7,837S1065,400,60.449908,-8.643856189774725
1,ENG25,2,2,D8,837S1065,400,53.936699,-8.643856189774725
1,ENG25,3,2,D9,837S1065,400,54.250589,-8.643856189774725
1,ENG25,1,2,D10,837S1070,400,49.3853,-8.643856189774725
1,ENG25,2,2,D11,837S1070,400,61.47005,-8.643856189774725
1,ENG25,3,2,D12,837S1070,400,30.002616,-8.643856189774725
1,ENG25,1,2,E1,837S1036,800,20.193565,-9.643856189774723
1,ENG25,2,2,E2,837S1036,800,29.767199,-9.643856189774723
1,ENG25,3,2,E3,837S1036,800,17.760921,-9.643856189774723
1,ENG25,1,2,E4,837S1054,800,29.767199,-9.643856189774723
1,ENG25,2,2,E5,837S1054,800,28.040806,-9.643856189774723
1,ENG25,3,2,E6,837S1054,800,50.405441,-9.643856189774723
1,ENG25,1,2,E7,837S1065,800,43.18598,-9.643856189774723
1,ENG25,2,2,E8,837S1065,800,46.324876,-9.643856189774723
1,ENG25,3,2,E9,837S1065,800,40.047083,-9.643856189774723
1,ENG25,1,2,E10,837S1070,200,33.298457,-9.643856189774723
1,ENG25,2,2,E11,837S1070,200,17.603976,-9.643856189774723
1,ENG25,3,2,E12,837S1070,200,50.326968,-9.643856189774723
1,ENG25,1,2,F1,837S1036,1600,42.636673,-10.643856189774723
1,ENG25,2,2,F2,837S1036,1600,40.282501,-10.643856189774723
1,ENG25,3,2,F3,837S1036,1600,22.233848,-10.643856189774723
1,ENG25,1,2,F4,837S1054,1600,26.942192,-10.643856189774723
1,ENG25,2,2,F5,837S1054,1600,12.032435,-10.643856189774723
1,ENG25,3,2,F6,837S1054,1600,52.916558,-10.643856189774723
1,ENG25,1,2,F7,837S1065,1600,23.332461,-10.643856189774723
1,ENG25,2,2,F8,837S1065,1600,35.417212,-10.643856189774723
1,ENG25,3,2,F9,837S1065,1600,49.306827,-10.643856189774723
1,ENG25,3,2,F10,837S1070,100,59.586712,-10.643856189774723
1,ENG25,3,2,F11,837S1070,100,35.338739,-10.643856189774723
1,ENG25,3,2,F12,837S1070,100,26.157468,-10.643856189774723
1,ENG25,1,2,G1,837S1036,3200,22.076903,-11.643856189774723
1,ENG25,2,2,G2,837S1036,3200,20.585927,-11.643856189774723
1,ENG25,3,2,G3,837S1036,3200,38.242218,-11.643856189774723
1,ENG25,1,2,G4,837S1054,3200,30.551923,-11.643856189774723
1,ENG25,2,2,G5,837S1054,3200,18.938007,-11.643856189774723
1,ENG25,3,2,G6,837S1054,3200,33.376929,-11.643856189774723
1,ENG25,1,2,G7,837S1065,3200,40.91028,-11.643856189774723
1,ENG25,2,2,G8,837S1065,3200,38.791525,-11.643856189774723
1,ENG25,3,2,G9,837S1065,3200,28.119278,-11.643856189774723
1,ENG25,1,2,G10,837S1070,50,39.733194,-11.643856189774723
1,ENG25,2,2,G11,837S1070,50,58.645043,-11.643856189774723
1,ENG25,3,2,G12,837S1070,50,70.415904,-11.643856189774723
1,ENG25,1,3,A1,837S1081,50,99.831461,-5.643856189774724
1,ENG25,2,3,A2,837S1081,50,99.91573,-5.643856189774724
1,ENG25,3,3,A3,837S1081,50,99.662921,-5.643856189774724
1,ENG25,1,3,A4,837S1088,50,70,-5.643856189774724
1,ENG25,2,3,A5,837S1088,50,69.91573,-5.643856189774724
1,ENG25,3,3,A6,837S1088,50,74.297753,-5.643856189774724
1,ENG25,1,3,A7,837S1089,50,48.764045,-5.643856189774724
1,ENG25,2,3,A8,837S1089,50,62.078652,-5.643856189774724
1,ENG25,3,3,A9,837S1089,50,52.47191,-5.643856189774724
1,ENG25,1,3,A10,837S1090,50,60.983146,-5.643856189774724
1,ENG25,2,3,A11,837S1090,50,45.814607,-5.643856189774724
1,ENG25,3,3,A12,837S1090,50,65.870787000000007,-5.643856189774724
1,ENG25,1,3,B1,837S1081,100,99.410112,-6.643856189774724
1,ENG25,2,3,B2,837S1081,100,99.578652,-6.643856189774724
1,ENG25,3,3,B3,837S1081,100,99.662921,-6.643856189774724
1,ENG25,1,3,B4,837S1088,100,60.140449,-6.643856189774724
1,ENG25,2,3,B5,837S1088,100,56.516854,-6.643856189774724
1,ENG25,3,3,B6,837S1088,100,53.230337,-6.643856189774724
1,ENG25,1,3,B7,837S1089,100,34.775281,-6.643856189774724
1,ENG25,2,3,B8,837S1089,100,43.117978,-6.643856189774724
1,ENG25,3,3,B9,837S1089,100,33.595506,-6.643856189774724
1,ENG25,1,3,B10,837S1090,100,41.011236,-6.643856189774724
1,ENG25,2,3,B11,837S1090,100,35.449438,-6.643856189774724
1,ENG25,3,3,B12,837S1090,100,20.11236,-6.643856189774724
1,ENG25,1,3,C1,837S1081,200,97.640449,-7.643856189774724
1,ENG25,2,3,C2,837S1081,200,96.544944,-7.643856189774724
1,ENG25,3,3,C3,837S1081,200,95.280899,-7.643856189774724
1,ENG25,1,3,C4,837S1088,200,26.179775,-7.643856189774724
1,ENG25,2,3,C5,837S1088,200,29.719101,-7.643856189774724
1,ENG25,3,3,C6,837S1088,200,31.657303,-7.643856189774724
1,ENG25,1,3,C7,837S1089,200,51.039326,-7.643856189774724
1,ENG25,2,3,C8,837S1089,200,37.050562,-7.643856189774724
1,ENG25,3,3,C9,837S1089,200,40.168539,-7.643856189774724
1,ENG25,1,3,C10,837S1090,200,58.455056,-7.643856189774724
1,ENG25,2,3,C11,837S1090,200,37.134831,-7.643856189774724
1,ENG25,3,3,C12,837S1090,200,46.320225,-7.643856189774724
1,ENG25,1,3,D1,837S1081,400,90.393258,-8.643856189774725
1,ENG25,2,3,D2,837S1081,400,88.033708,-8.643856189774725
1,ENG25,3,3,D3,837S1081,400,91.741573,-8.643856189774725
1,ENG25,1,3,D4,837S1088,400,37.050562,-8.643856189774725
1,ENG25,2,3,D5,837S1088,400,30.898876,-8.643856189774725
1,ENG25,3,3,D6,837S1088,400,55.08427,-8.643856189774725
1,ENG25,1,3,D7,837S1089,400,58.623596,-8.643856189774725
1,ENG25,2,3,D8,837S1089,400,48.679775,-8.643856189774725
1,ENG25,3,3,D9,837S1089,400,27.275281,-8.643856189774725
1,ENG25,1,3,D10,837S1090,400,25.758427,-8.643856189774725
1,ENG25,2,3,D11,837S1090,400,35.449438,-8.643856189774725
1,ENG25,3,3,D12,837S1090,400,1.235955,-8.643856189774725
1,ENG25,1,3,E1,837S1081,800,67.808989,-9.643856189774723
1,ENG25,2,3,E2,837S1081,800,60.224719,-9.643856189774723
1,ENG25,3,3,E3,837S1081,800,54.410112,-9.643856189774723
1,ENG25,1,3,E4,837S1088,800,31.151685,-9.643856189774723
1,ENG25,2,3,E5,837S1088,800,28.876404,-9.643856189774723
1,ENG25,3,3,E6,837S1088,800,50.617978,-9.643856189774723
1,ENG25,1,3,E7,837S1089,800,43.876404,-9.643856189774723
1,ENG25,2,3,E8,837S1089,800,39.494382,-9.643856189774723
1,ENG25,3,3,E9,837S1089,800,32.247191,-9.643856189774723
1,ENG25,1,3,E10,837S1090,800,40.674157,-9.643856189774723
1,ENG25,2,3,E11,837S1090,800,32.41573,-9.643856189774723
1,ENG25,3,3,E12,837S1090,800,65.786517,-9.643856189774723
1,ENG25,1,3,F1,837S1081,1600,67.303371,-10.643856189774723
1,ENG25,2,3,F2,837S1081,1600,52.219101,-10.643856189774723
1,ENG25,3,3,F3,837S1081,1600,35.280899,-10.643856189774723
1,ENG25,1,3,F4,837S1088,1600,29.719101,-10.643856189774723
1,ENG25,2,3,F5,837S1088,1600,23.567416,-10.643856189774723
1,ENG25,3,3,F6,837S1088,1600,44.88764,-10.643856189774723
1,ENG25,1,3,F7,837S1089,1600,36.797753,-10.643856189774723
1,ENG25,2,3,F8,837S1089,1600,38.820225,-10.643856189774723
1,ENG25,3,3,F9,837S1089,1600,43.033708,-10.643856189774723
1,ENG25,3,3,F10,837S1090,1600,54.241573,-10.643856189774723
1,ENG25,3,3,F11,837S1090,1600,42.106742,-10.643856189774723
1,ENG25,3,3,F12,837S1090,1600,38.567416,-10.643856189774723
1,ENG25,1,3,G1,837S1081,3200,43.792135,-11.643856189774723
1,ENG25,2,3,G2,837S1081,3200,31.657303,-11.643856189774723
1,ENG25,3,3,G3,837S1081,3200,50.786517,-11.643856189774723
1,ENG25,1,3,G4,837S1088,3200,37.893258,-11.643856189774723
1,ENG25,2,3,G5,837S1088,3200,22.808989,-11.643856189774723
1,ENG25,3,3,G6,837S1088,3200,24.91573,-11.643856189774723
1,ENG25,1,3,G7,837S1089,3200,44.382022,-11.643856189774723
1,ENG25,2,3,G8,837S1089,3200,41.348315,-11.643856189774723
1,ENG25,3,3,G9,837S1089,3200,5.280899,-11.643856189774723
1,ENG25,1,3,G10,837S1090,3200,34.775281,-11.643856189774723
1,ENG25,2,3,G11,837S1090,3200,36.966292,-11.643856189774723
1,ENG25,3,3,G12,837S1090,3200,64.691011,-11.643856189774723
1,ENG25,1,4,A1,837S1100,50,85.264664,-5.643856189774724
1,ENG25,2,4,A2,837S1100,50,88.197425,-5.643856189774724
1,ENG25,3,4,A3,837S1100,50,83.619456,-5.643856189774724
1,ENG25,1,4,A4,837S1101,50,87.267525,-5.643856189774724
1,ENG25,2,4,A5,837S1101,50,88.412017,-5.643856189774724
1,ENG25,3,4,A6,837S1101,50,86.051502,-5.643856189774724
1,ENG25,1,4,A7,837S1106,50,70.028612,-5.643856189774724
1,ENG25,2,4,A8,837S1106,50,76.537911,-5.643856189774724
1,ENG25,3,4,A9,837S1106,50,77.32475,-5.643856189774724
1,ENG25,1,4,A10,837S1109,3200,23.676681,-5.643856189774724
1,ENG25,2,4,A11,837S1109,3200,26.180258,-5.643856189774724
1,ENG25,3,4,A12,837S1109,3200,24.678112,-5.643856189774724
1,ENG25,1,4,B1,837S1100,100,75.321888,-6.643856189774724
1,ENG25,2,4,B2,837S1100,100,69.384835,-6.643856189774724
1,ENG25,3,4,B3,837S1100,100,63.733906,-6.643856189774724
1,ENG25,1,4,B4,837S1101,100,74.606581,-6.643856189774724
1,ENG25,2,4,B5,837S1101,100,73.533619,-6.643856189774724
1,ENG25,3,4,B6,837S1101,100,77.682403,-6.643856189774724
1,ENG25,1,4,B7,837S1106,100,62.160229,-6.643856189774724
1,ENG25,2,4,B8,837S1106,100,69.384835,-6.643856189774724
1,ENG25,3,4,B9,837S1106,100,63.662375,-6.643856189774724
1,ENG25,1,4,B10,837S1109,1600,52.002861,-6.643856189774724
1,ENG25,2,4,B11,837S1109,1600,38.841202,-6.643856189774724
1,ENG25,3,4,B12,837S1109,1600,34.334764,-6.643856189774724
1,ENG25,1,4,C1,837S1100,200,56.723891,-7.643856189774724
1,ENG25,2,4,C2,837S1100,200,60.944206,-7.643856189774724
1,ENG25,3,4,C3,837S1100,200,63.090129,-7.643856189774724
1,ENG25,1,4,C4,837S1101,200,66.523605,-7.643856189774724
1,ENG25,2,4,C5,837S1101,200,57.439199,-7.643856189774724
1,ENG25,3,4,C6,837S1101,200,63.447783,-7.643856189774724
1,ENG25,1,4,C7,837S1106,200,69.885551,-7.643856189774724
1,ENG25,2,4,C8,837S1106,200,55.579399,-7.643856189774724
1,ENG25,3,4,C9,837S1106,200,58.082976,-7.643856189774724
1,ENG25,1,4,C10,837S1109,800,37.911302,-7.643856189774724
1,ENG25,2,4,C11,837S1109,800,27.610873,-7.643856189774724
1,ENG25,3,4,C12,837S1109,800,33.547926,-7.643856189774724
1,ENG25,1,4,D1,837S1100,400,58.655222,-8.643856189774725
1,ENG25,2,4,D2,837S1100,400,59.298999,-8.643856189774725
1,ENG25,3,4,D3,837S1100,400,60.658083,-8.643856189774725
1,ENG25,1,4,D4,837S1101,400,60.228898,-8.643856189774725
1,ENG25,2,4,D5,837S1101,400,56.938484,-8.643856189774725
1,ENG25,3,4,D6,837S1101,400,70.672389,-8.643856189774725
1,ENG25,1,4,D7,837S1106,400,59.585122,-8.643856189774725
1,ENG25,2,4,D8,837S1106,400,68.240343,-8.643856189774725
1,ENG25,3,4,D9,837S1106,400,47.067239,-8.643856189774725
1,ENG25,1,4,D10,837S1109,400,62.804006,-8.643856189774725
1,ENG25,2,4,D11,837S1109,400,45.922747,-8.643856189774725
1,ENG25,3,4,D12,837S1109,400,43.991416,-8.643856189774725
1,ENG25,1,4,E1,837S1100,800,32.97568,-9.643856189774723
1,ENG25,2,4,E2,837S1100,800,37.911302,-9.643856189774723
1,ENG25,3,4,E3,837S1100,800,33.476395,-9.643856189774723
1,ENG25,1,4,E4,837S1101,800,35.622318,-9.643856189774723
1,ENG25,2,4,E5,837S1101,800,35.193133,-9.643856189774723
1,ENG25,3,4,E6,837S1101,800,48.783977,-9.643856189774723
1,ENG25,1,4,E7,837S1106,800,75.321888,-9.643856189774723
1,ENG25,2,4,E8,837S1106,800,64.091559,-9.643856189774723
1,ENG25,3,4,E9,837S1106,800,39.556509,-9.643856189774723
1,ENG25,1,4,E10,837S1109,200,59.084406,-9.643856189774723
1,ENG25,2,4,E11,837S1109,200,40.343348,-9.643856189774723
1,ENG25,3,4,E12,837S1109,200,50.500715,-9.643856189774723
1,ENG25,1,4,F1,837S1100,1600,21.959943,-10.643856189774723
1,ENG25,2,4,F2,837S1100,1600,28.254649,-10.643856189774723
1,ENG25,3,4,F3,837S1100,1600,24.320458,-10.643856189774723
1,ENG25,1,4,F4,837S1101,1600,40.772532,-10.643856189774723
1,ENG25,2,4,F5,837S1101,1600,28.32618,-10.643856189774723
1,ENG25,3,4,F6,837S1101,1600,29.470672,-10.643856189774723
1,ENG25,1,4,F7,837S1106,1600,51.359084,-10.643856189774723
1,ENG25,2,4,F8,837S1106,1600,38.340486,-10.643856189774723
1,ENG25,3,4,F9,837S1106,1600,44.635193,-10.643856189774723
1,ENG25,3,4,F10,837S1109,100,46.423462,-10.643856189774723
1,ENG25,3,4,F11,837S1109,100,47.854077,-10.643856189774723
1,ENG25,3,4,F12,837S1109,100,39.055794,-10.643856189774723
1,ENG25,1,4,G1,837S1100,3200,24.320458,-11.643856189774723
1,ENG25,2,4,G2,837S1100,3200,19.384835,-11.643856189774723
1,ENG25,3,4,G3,837S1100,3200,20.672389,-11.643856189774723
1,ENG25,1,4,G4,837S1101,3200,33.547926,-11.643856189774723
1,ENG25,2,4,G5,837S1101,3200,20.815451,-11.643856189774723
1,ENG25,3,4,G6,837S1101,3200,35.693848,-11.643856189774723
1,ENG25,1,4,G7,837S1106,3200,41.48784,-11.643856189774723
1,ENG25,2,4,G8,837S1106,3200,52.074392,-11.643856189774723
1,ENG25,3,4,G9,837S1106,3200,31.902718,-11.643856189774723
1,ENG25,1,4,G10,837S1109,50,50.286123,-11.643856189774723
1,ENG25,2,4,G11,837S1109,50,43.347639,-11.643856189774723
1,ENG25,3,4,G12,837S1109,50,41.917024,-11.643856189774723
1,ENG25,1,5,A1,837S1147,50,79.417014,-5.643856189774724
1,ENG25,2,5,A2,837S1147,50,80.071386,-5.643856189774724
1,ENG25,3,5,A3,837S1147,50,79.357525,-5.643856189774724
1,ENG25,1,5,A4,837S1152,50,40.749554,-5.643856189774724
1,ENG25,2,5,A5,837S1152,50,37.120761,-5.643856189774724
1,ENG25,3,5,A6,837S1152,50,50.148721,-5.643856189774724
1,ENG25,1,5,A7,837S1154,50,75.252826,-5.643856189774724
1,ENG25,2,5,A8,837S1154,50,77.453896,-5.643856189774724
1,ENG25,3,5,A9,837S1154,50,75.966686,-5.643856189774724
1,ENG25,1,5,A10,837S1158,50,59.012493,-5.643856189774724
1,ENG25,2,5,A11,837S1158,50,50.981559,-5.643856189774724
1,ENG25,3,5,A12,837S1158,50,35.752528,-5.643856189774724
1,ENG25,1,5,B1,837S1147,100,67.935753,-6.643856189774724
1,ENG25,2,5,B2,837S1147,100,69.958358,-6.643856189774724
1,ENG25,3,5,B3,837S1147,100,64.128495,-6.643856189774724
1,ENG25,1,5,B4,837S1152,100,24.806663,-6.643856189774724
1,ENG25,2,5,B5,837S1152,100,28.435455,-6.643856189774724
1,ENG25,3,5,B6,837S1152,100,28.792385,-6.643856189774724
1,ENG25,1,5,B7,837S1154,100,59.250446,-6.643856189774724
1,ENG25,2,5,B8,837S1154,100,74.71743,-6.643856189774724
1,ENG25,3,5,B9,837S1154,100,60.083284,-6.643856189774724
1,ENG25,1,5,B10,837S1158,100,63.593099,-6.643856189774724
1,ENG25,2,5,B11,837S1158,100,61.154075,-6.643856189774724
1,ENG25,3,5,B12,837S1158,100,45.925045,-6.643856189774724
1,ENG25,1,5,C1,837S1147,200,52.171327,-7.643856189774724
1,ENG25,2,5,C2,837S1147,200,26.531826,-7.643856189774724
1,ENG25,3,5,C3,837S1147,200,58.179655,-7.643856189774724
1,ENG25,1,5,C4,837S1152,200,24.985128,-7.643856189774724
1,ENG25,2,5,C5,837S1152,200,29.149316,-7.643856189774724
1,ENG25,3,5,C6,837S1152,200,33.07555,-7.643856189774724
1,ENG25,1,5,C7,837S1154,200,69.066032,-7.643856189774724
1,ENG25,2,5,C8,837S1154,200,63.236169,-7.643856189774724
1,ENG25,3,5,C9,837S1154,200,60.678168,-7.643856189774724
1,ENG25,1,5,C10,837S1158,200,49.494349,-7.643856189774724
1,ENG25,2,5,C11,837S1158,200,41.344438,-7.643856189774724
1,ENG25,3,5,C12,837S1158,200,4.4021420000000004,-7.643856189774724
1,ENG25,1,5,D1,837S1147,400,34.265318,-8.643856189774725
1,ENG25,2,5,D2,837S1147,400,45.389649,-8.643856189774725
1,ENG25,3,5,D3,837S1147,400,37.001785,-8.643856189774725
1,ENG25,1,5,D4,837S1152,400,28.61392,-8.643856189774725
1,ENG25,2,5,D5,837S1152,400,26.293873,-8.643856189774725
1,ENG25,3,5,D6,837S1152,400,42.296252,-8.643856189774725
1,ENG25,1,5,D7,837S1154,400,43.723974,-8.643856189774725
1,ENG25,2,5,D8,837S1154,400,56.216538,-8.643856189774725
1,ENG25,3,5,D9,837S1154,400,47.888162,-8.643856189774725
1,ENG25,1,5,D10,837S1158,400,56.632957,-8.643856189774725
1,ENG25,2,5,D11,837S1158,400,49.732302,-8.643856189774725
1,ENG25,3,5,D12,837S1158,400,9.101725,-8.643856189774725
1,ENG25,1,5,E1,837S1147,800,35.098156,-9.643856189774723
1,ENG25,2,5,E2,837S1147,800,26.76978,-9.643856189774723
1,ENG25,3,5,E3,837S1147,800,23.616895,-9.643856189774723
1,ENG25,1,5,E4,837S1152,800,24.211779,-9.643856189774723
1,ENG25,2,5,E5,837S1152,800,23.914337,-9.643856189774723
1,ENG25,3,5,E6,837S1152,800,48.483046,-9.643856189774723
1,ENG25,1,5,E7,837S1154,800,71.505057,-9.643856189774723
1,ENG25,2,5,E8,837S1154,800,61.392029,-9.643856189774723
1,ENG25,3,5,E9,837S1154,800,36.04997,-9.643856189774723
1,ENG25,1,5,E10,837S1158,800,43.664485,-9.643856189774723
1,ENG25,2,5,E11,837S1158,800,37.596669,-9.643856189774723
1,ENG25,3,5,E12,837S1158,800,37.239738,-9.643856189774723
1,ENG25,1,5,F1,837S1147,1600,23.557406,-10.643856189774723
1,ENG25,2,5,F2,837S1147,1600,-3.271862,-10.643856189774723
1,ENG25,3,5,F3,837S1147,1600,13.02796,-10.643856189774723
1,ENG25,1,5,F4,837S1152,1600,38.786437,-10.643856189774723
1,ENG25,2,5,F5,837S1152,1600,24.687686,-10.643856189774723
1,ENG25,3,5,F6,837S1152,1600,39.321832,-10.643856189774723
1,ENG25,1,5,F7,837S1154,1600,57.822725,-10.643856189774723
1,ENG25,2,5,F8,837S1154,1600,35.395598,-10.643856189774723
1,ENG25,3,5,F9,837S1154,1600,33.372992000000004,-10.643856189774723
1,ENG25,3,5,F10,837S1158,1600,40.273647,-10.643856189774723
1,ENG25,3,5,F11,837S1158,1600,29.387269,-10.643856189774723
1,ENG25,3,5,F12,837S1158,1600,42.950625,-10.643856189774723
1,ENG25,1,5,G1,837S1147,3200,28.197501,-11.643856189774723
1,ENG25,2,5,G2,837S1147,3200,36.347412,-11.643856189774723
1,ENG25,3,5,G3,837S1147,3200,25.28257,-11.643856189774723
1,ENG25,1,5,G4,837S1152,3200,33.372992000000004,-11.643856189774723
1,ENG25,2,5,G5,837S1152,3200,29.089827,-11.643856189774723
1,ENG25,3,5,G6,837S1152,3200,31.23141,-11.643856189774723
1,ENG25,1,5,G7,837S1154,3200,45.627603,-11.643856189774723
1,ENG25,2,5,G8,837S1154,3200,46.936347,-11.643856189774723
1,ENG25,3,5,G9,837S1154,3200,34.384295,-11.643856189774723
1,ENG25,1,5,G10,837S1158,3200,41.522903,-11.643856189774723
1,ENG25,2,5,G11,837S1158,3200,62.879239,-11.643856189774723
1,ENG25,3,5,G12,837S1158,3200,50.386675,-11.643856189774723
1,ENG25,1,6,A1,837S1165,50,86.303564,-5.643856189774724
1,ENG25,2,6,A2,837S1165,50,88.646376,-5.643856189774724
1,ENG25,3,6,A3,837S1165,50,87.805366,-5.643856189774724
1,ENG25,1,6,A4,837S1171,50,49.058871,-5.643856189774724
1,ENG25,2,6,A5,837S1171,50,48.037645,-5.643856189774724
1,ENG25,3,6,A6,837S1171,50,57.228674,-5.643856189774724
1,ENG25,1,6,A7,837S1183,50,99.879856,-5.643856189774724
1,ENG25,2,6,A8,837S1183,50,99.939928,-5.643856189774724
1,ENG25,3,6,A9,837S1183,50,99.759712,-5.643856189774724
1,ENG25,1,6,A10,837S1187,50,46.956348,-5.643856189774724
1,ENG25,2,6,A11,837S1187,50,44.313176,-5.643856189774724
1,ENG25,3,6,A12,837S1187,50,60.833,-5.643856189774724
1,ENG25,1,6,B1,837S1165,100,57.829395,-6.643856189774724
1,ENG25,2,6,B2,837S1165,100,54.705647,-6.643856189774724
1,ENG25,3,6,B3,837S1165,100,42.090509,-6.643856189774724
1,ENG25,1,6,B4,837S1171,100,45.634762,-6.643856189774724
1,ENG25,2,6,B5,837S1171,100,41.309571,-6.643856189774724
1,ENG25,3,6,B6,837S1171,100,32.659191,-6.643856189774724
1,ENG25,1,6,B7,837S1183,100,99.939928,-6.643856189774724
1,ENG25,2,6,B8,837S1183,100,99.879856,-6.643856189774724
1,ENG25,3,6,B9,837S1183,100,99.819784,-6.643856189774724
1,ENG25,1,6,B10,837S1187,100,19.68362,-6.643856189774724
1,ENG25,2,6,B11,837S1187,100,33.259912,-6.643856189774724
1,ENG25,3,6,B12,837S1187,100,24.249099,-6.643856189774724
1,ENG25,1,6,C1,837S1165,200,54.285142,-7.643856189774724
1,ENG25,2,6,C2,837S1165,200,50.020024,-7.643856189774724
1,ENG25,3,6,C3,837S1165,200,56.80817,-7.643856189774724
1,ENG25,1,6,C4,837S1171,200,34.64157,-7.643856189774724
1,ENG25,2,6,C5,837S1171,200,32.178614,-7.643856189774724
1,ENG25,3,6,C6,837S1171,200,39.387265,-7.643856189774724
1,ENG25,1,6,C7,837S1183,200,100,-7.643856189774724
1,ENG25,2,6,C8,837S1183,200,99.819784,-7.643856189774724
1,ENG25,3,6,C9,837S1183,200,99.519423,-7.643856189774724
1,ENG25,1,6,C10,837S1187,200,24.549459,-7.643856189774724
1,ENG25,2,6,C11,837S1187,200,10.432519,-7.643856189774724
1,ENG25,3,6,C12,837S1187,200,32.238686,-7.643856189774724
1,ENG25,1,6,D1,837S1165,400,45.754906,-8.643856189774725
1,ENG25,2,6,D2,837S1165,400,51.461754,-8.643856189774725
1,ENG25,3,6,D3,837S1165,400,62.27473,-8.643856189774725
1,ENG25,1,6,D4,837S1171,400,29.355226,-8.643856189774725
1,ENG25,2,6,D5,837S1171,400,30.31638,-8.643856189774725
1,ENG25,3,6,D6,837S1171,400,60.953144,-8.643856189774725
1,ENG25,1,6,D7,837S1183,400,99.879856,-8.643856189774725
1,ENG25,2,6,D8,837S1183,400,99.879856,-8.643856189774725
1,ENG25,3,6,D9,837S1183,400,99.939928,-8.643856189774725
1,ENG25,1,6,D10,837S1187,400,19.743692,-8.643856189774725
1,ENG25,2,6,D11,837S1187,400,44.072887,-8.643856189774725
1,ENG25,3,6,D12,837S1187,400,15.238286,-8.643856189774725
1,ENG25,1,6,E1,837S1165,800,29.355226,-9.643856189774723
1,ENG25,2,6,E2,837S1165,800,51.101322,-9.643856189774723
1,ENG25,3,6,E3,837S1165,800,33.740489,-9.643856189774723
1,ENG25,1,6,E4,837S1171,800,38.546256,-9.643856189774723
1,ENG25,2,6,E5,837S1171,800,48.45815,-9.643856189774723
1,ENG25,3,6,E6,837S1171,800,63.536243,-9.643856189774723
1,ENG25,1,6,E7,837S1183,800,99.879856,-9.643856189774723
1,ENG25,2,6,E8,837S1183,800,99.819784,-9.643856189774723
1,ENG25,3,6,E9,837S1183,800,99.69964,-9.643856189774723
1,ENG25,1,6,E10,837S1187,800,37.585102,-9.643856189774723
1,ENG25,2,6,E11,837S1187,800,32.539047,-9.643856189774723
1,ENG25,3,6,E12,837S1187,800,58.069684,-9.643856189774723
1,ENG25,1,6,F1,837S1165,1600,43.051662,-10.643856189774723
1,ENG25,2,6,F2,837S1165,1600,16.319584,-10.643856189774723
1,ENG25,3,6,F3,837S1165,1600,17.220665,-10.643856189774723
1,ENG25,1,6,F4,837S1171,1600,26.59191,-10.643856189774723
1,ENG25,2,6,F5,837S1171,1600,16.259511,-10.643856189774723
1,ENG25,3,6,F6,837S1171,1600,55.847016000000004,-10.643856189774723
1,ENG25,1,6,F7,837S1183,1600,97.176612,-10.643856189774723
1,ENG25,2,6,F8,837S1183,1600,98.678414,-10.643856189774723
1,ENG25,3,6,F9,837S1183,1600,98.618342,-10.643856189774723
1,ENG25,3,6,F10,837S1187,1600,59.271125,-10.643856189774723
1,ENG25,3,6,F11,837S1187,1600,37.464958,-10.643856189774723
1,ENG25,3,6,F12,837S1187,1600,20.464557,-10.643856189774723
1,ENG25,1,6,G1,837S1165,3200,30.436524,-11.643856189774723
1,ENG25,2,6,G2,837S1165,3200,36.684021,-11.643856189774723
1,ENG25,3,6,G3,837S1165,3200,40.468562,-11.643856189774723
1,ENG25,1,6,G4,837S1171,3200,38.546256,-11.643856189774723
1,ENG25,2,6,G5,837S1171,3200,17.100521,-11.643856189774723
1,ENG25,3,6,G6,837S1171,3200,34.100921,-11.643856189774723
1,ENG25,1,6,G7,837S1183,3200,87.745294,-11.643856189774723
1,ENG25,2,6,G8,837S1183,3200,92.731278,-11.643856189774723
1,ENG25,3,6,G9,837S1183,3200,88.646376,-11.643856189774723
1,ENG25,1,6,G10,837S1187,3200,36.924309,-11.643856189774723
1,ENG25,2,6,G11,837S1187,3200,53.804565,-11.643856189774723
1,ENG25,3,6,G12,837S1187,3200,51.942331,-11.643856189774723
1,ENG25,1,7,A1,837S1197,50,80.390738,-5.643856189774724
1,ENG25,2,7,A2,837S1197,50,76.555716,-5.643856189774724
1,ENG25,3,7,A3,837S1197,50,79.088278,-5.643856189774724
1,ENG25,1,7,A4,837S1214,50,93.053546,-5.643856189774724
1,ENG25,2,7,A5,837S1214,50,92.547033,-5.643856189774724
1,ENG25,3,7,A6,837S1214,50,92.908828,-5.643856189774724
1,ENG25,1,7,A7,837S1216,3200,20.911722,-5.643856189774724
1,ENG25,2,7,A8,837S1216,3200,28.219971,-5.643856189774724
1,ENG25,3,7,A9,837S1216,3200,24.023155,-5.643856189774724
1,ENG25,1,7,A10,837S1218,50,57.380608,-5.643856189774724
1,ENG25,2,7,A11,837S1218,50,59.768452,-5.643856189774724
1,ENG25,3,7,A12,837S1218,50,64.544139,-5.643856189774724
1,ENG25,1,7,B1,837S1197,100,49.204052,-6.643856189774724
1,ENG25,2,7,B2,837S1197,100,53.97974,-6.643856189774724
1,ENG25,3,7,B3,837S1197,100,48.842258,-6.643856189774724
1,ENG25,1,7,B4,837S1214,100,84.081042,-6.643856189774724
1,ENG25,2,7,B5,837S1214,100,81.837916,-6.643856189774724
1,ENG25,3,7,B6,837S1214,100,78.871201,-6.643856189774724
1,ENG25,1,7,B7,837S1216,1600,3.256151,-6.643856189774724
1,ENG25,2,7,B8,837S1216,1600,20.40521,-6.643856189774724
1,ENG25,3,7,B9,837S1216,1600,-3.97974,-6.643856189774724
1,ENG25,1,7,B10,837S1218,100,60.274964,-6.643856189774724
1,ENG25,2,7,B11,837S1218,100,39.942113,-6.643856189774724
1,ENG25,3,7,B12,837S1218,100,49.131693,-6.643856189774724
1,ENG25,1,7,C1,837S1197,200,36.468886,-7.643856189774724
1,ENG25,2,7,C2,837S1197,200,77.930535,-7.643856189774724
1,ENG25,3,7,C3,837S1197,200,45.007236,-7.643856189774724
1,ENG25,1,7,C4,837S1214,200,72.141823,-7.643856189774724
1,ENG25,2,7,C5,837S1214,200,72.648336,-7.643856189774724
1,ENG25,3,7,C6,837S1214,200,72.575977,-7.643856189774724
1,ENG25,1,7,C7,837S1216,800,50.144718,-7.643856189774724
1,ENG25,2,7,C8,837S1216,800,37.48191,-7.643856189774724
1,ENG25,3,7,C9,837S1216,800,22.214182,-7.643856189774724
1,ENG25,1,7,C10,837S1218,200,57.959479,-7.643856189774724
1,ENG25,2,7,C11,837S1218,200,30.463097,-7.643856189774724
1,ENG25,3,7,C12,837S1218,200,19.681621,-7.643856189774724
1,ENG25,1,7,D1,837S1197,400,28.147612,-8.643856189774725
1,ENG25,2,7,D2,837S1197,400,29.015919,-8.643856189774725
1,ENG25,3,7,D3,837S1197,400,38.350217,-8.643856189774725
1,ENG25,1,7,D4,837S1214,400,58.248915,-8.643856189774725
1,ENG25,2,7,D5,837S1214,400,63.603473,-8.643856189774725
1,ENG25,3,7,D6,837S1214,400,65.412446,-8.643856189774725
1,ENG25,1,7,D7,837S1216,400,36.83068,-8.643856189774725
1,ENG25,2,7,D8,837S1216,400,31.114327,-8.643856189774725
1,ENG25,3,7,D9,837S1216,400,26.628075,-8.643856189774725
1,ENG25,1,7,D10,837S1218,400,47.756874,-8.643856189774725
1,ENG25,2,7,D11,837S1218,400,28.364689,-8.643856189774725
1,ENG25,3,7,D12,837S1218,400,22.286541,-8.643856189774725
1,ENG25,1,7,E1,837S1197,800,5.716353,-9.643856189774723
1,ENG25,2,7,E2,837S1197,800,46.888567,-9.643856189774723
1,ENG25,3,7,E3,837S1197,800,15.557164,-9.643856189774723
1,ENG25,1,7,E4,837S1214,800,50.506512,-9.643856189774723
1,ENG25,2,7,E5,837S1214,800,52.749638,-9.643856189774723
1,ENG25,3,7,E6,837S1214,800,64.327062,-9.643856189774723
1,ENG25,1,7,E7,837S1216,200,81.041968,-9.643856189774723
1,ENG25,2,7,E8,837S1216,200,54.920405,-9.643856189774723
1,ENG25,3,7,E9,837S1216,200,-1.664255,-9.643856189774723
1,ENG25,1,7,E10,837S1218,800,58.465991,-9.643856189774723
1,ENG25,2,7,E11,837S1218,800,19.464544,-9.643856189774723
1,ENG25,3,7,E12,837S1218,800,0.361795,-9.643856189774723
1,ENG25,1,7,F1,837S1197,1600,32.850941,-10.643856189774723
1,ENG25,2,7,F2,837S1197,1600,47.756874,-10.643856189774723
1,ENG25,3,7,F3,837S1197,1600,23.66136,-10.643856189774723
1,ENG25,1,7,F4,837S1214,1600,45.803184,-10.643856189774723
1,ENG25,2,7,F5,837S1214,1600,40.593343,-10.643856189774723
1,ENG25,3,7,F6,837S1214,1600,47.467438,-10.643856189774723
1,ENG25,1,7,F7,837S1216,100,62.011577,-10.643856189774723
1,ENG25,2,7,F8,837S1216,100,49.131693,-10.643856189774723
1,ENG25,3,7,F9,837S1216,100,22.286541,-10.643856189774723
1,ENG25,3,7,F10,837S1218,1600,43.921852,-10.643856189774723
1,ENG25,3,7,F11,837S1218,1600,28.509407,-10.643856189774723
1,ENG25,3,7,F12,837S1218,1600,14.905933,-10.643856189774723
1,ENG25,1,7,G1,837S1197,3200,18.958032,-11.643856189774723
1,ENG25,2,7,G2,837S1197,3200,35.166425,-11.643856189774723
1,ENG25,3,7,G3,837S1197,3200,27.062229,-11.643856189774723
1,ENG25,1,7,G4,837S1214,3200,31.765557,-11.643856189774723
1,ENG25,2,7,G5,837S1214,3200,41.678726,-11.643856189774723
1,ENG25,3,7,G6,837S1214,3200,42.474674,-11.643856189774723
1,ENG25,1,7,G7,837S1216,50,46.309696,-11.643856189774723
1,ENG25,2,7,G8,837S1216,50,42.257598,-11.643856189774723
1,ENG25,3,7,G9,837S1216,50,34.442836,-11.643856189774723
1,ENG25,1,7,G10,837S1218,3200,44.934877,-11.643856189774723
1,ENG25,2,7,G11,837S1218,3200,16.497829,-11.643856189774723
1,ENG25,3,7,G12,837S1218,3200,8.827786,-11.643856189774723
1,ENG25,1,8,A1,837S1225,3200,9.448161,-5.643856189774724
1,ENG25,2,8,A2,837S1225,3200,26.672241,-5.643856189774724
1,ENG25,3,8,A3,837S1225,3200,18.311037,-5.643856189774724
1,ENG25,1,8,A4,837S1229,50,37.959866,-5.643856189774724
1,ENG25,2,8,A5,837S1229,50,29.682274,-5.643856189774724
1,ENG25,3,8,A6,837S1229,50,30.351171,-5.643856189774724
1,ENG25,1,8,A7,837S1233,50,57.35786,-5.643856189774724
1,ENG25,2,8,A8,837S1233,50,56.939799,-5.643856189774724
1,ENG25,3,8,A9,837S1233,50,56.521739,-5.643856189774724
1,ENG25,1,8,A10,837S1241,3200,1.588629,-5.643856189774724
1,ENG25,2,8,A11,837S1241,3200,8.361204,-5.643856189774724
1,ENG25,3,8,A12,837S1241,3200,8.61204,-5.643856189774724
1,ENG25,1,8,B1,837S1225,1600,18.812709,-6.643856189774724
1,ENG25,2,8,B2,837S1225,1600,30.685619,-6.643856189774724
1,ENG25,3,8,B3,837S1225,1600,34.280936,-6.643856189774724
1,ENG25,1,8,B4,837S1229,100,34.698997,-6.643856189774724
1,ENG25,2,8,B5,837S1229,100,42.391304,-6.643856189774724
1,ENG25,3,8,B6,837S1229,100,37.959866,-6.643856189774724
1,ENG25,1,8,B7,837S1233,100,53.010033,-6.643856189774724
1,ENG25,2,8,B8,837S1233,100,53.428094,-6.643856189774724
1,ENG25,3,8,B9,837S1233,100,43.478261,-6.643856189774724
1,ENG25,1,8,B10,837S1241,1600,22.408027,-6.643856189774724
1,ENG25,2,8,B11,837S1241,1600,14.130435,-6.643856189774724
1,ENG25,3,8,B12,837S1241,1600,-29.51505,-6.643856189774724
1,ENG25,1,8,C1,837S1225,800,40.886288,-7.643856189774724
1,ENG25,2,8,C2,837S1225,800,56.020067,-7.643856189774724
1,ENG25,3,8,C3,837S1225,800,53.428094,-7.643856189774724
1,ENG25,1,8,C4,837S1229,200,61.87291,-7.643856189774724
1,ENG25,2,8,C5,837S1229,200,59.782609,-7.643856189774724
1,ENG25,3,8,C6,837S1229,200,60.702341,-7.643856189774724
1,ENG25,1,8,C7,837S1233,200,61.789298,-7.643856189774724
1,ENG25,2,8,C8,837S1233,200,59.364548,-7.643856189774724
1,ENG25,3,8,C9,837S1233,200,59.531773,-7.643856189774724
1,ENG25,1,8,C10,837S1241,800,45.568562,-7.643856189774724
1,ENG25,2,8,C11,837S1241,800,34.698997,-7.643856189774724
1,ENG25,3,8,C12,837S1241,800,19.481605,-7.643856189774724
1,ENG25,1,8,D1,837S1225,400,50.083612,-8.643856189774725
1,ENG25,2,8,D2,837S1225,400,50.668896,-8.643856189774725
1,ENG25,3,8,D3,837S1225,400,55.267559,-8.643856189774725
1,ENG25,1,8,D4,837S1229,400,55.769231,-8.643856189774725
1,ENG25,2,8,D5,837S1229,400,61.705686,-8.643856189774725
1,ENG25,3,8,D6,837S1229,400,56.521739,-8.643856189774725
1,ENG25,1,8,D7,837S1233,400,52.926421,-8.643856189774725
1,ENG25,2,8,D8,837S1233,400,55.936455,-8.643856189774725
1,ENG25,3,8,D9,837S1233,400,41.973244,-8.643856189774725
1,ENG25,1,8,D10,837S1241,400,50.585284,-8.643856189774725
1,ENG25,2,8,D11,837S1241,400,35.284281,-8.643856189774725
1,ENG25,3,8,D12,837S1241,400,-0.752508,-8.643856189774725
1,ENG25,1,8,E1,837S1225,200,38.12709,-9.643856189774723
1,ENG25,2,8,E2,837S1225,200,28.428094,-9.643856189774723
1,ENG25,3,8,E3,837S1225,200,37.040134,-9.643856189774723
1,ENG25,1,8,E4,837S1229,800,55.183946,-9.643856189774723
1,ENG25,2,8,E5,837S1229,800,45.150502,-9.643856189774723
1,ENG25,3,8,E6,837S1229,800,56.521739,-9.643856189774723
1,ENG25,1,8,E7,837S1233,800,54.598662,-9.643856189774723
1,ENG25,2,8,E8,837S1233,800,61.538462,-9.643856189774723
1,ENG25,3,8,E9,837S1233,800,54.347826,-9.643856189774723
1,ENG25,1,8,E10,837S1241,200,57.274247,-9.643856189774723
1,ENG25,2,8,E11,837S1241,200,38.879599,-9.643856189774723
1,ENG25,3,8,E12,837S1241,200,25.083612,-9.643856189774723
1,ENG25,1,8,F1,837S1225,100,45.568562,-10.643856189774723
1,ENG25,2,8,F2,837S1225,100,43.729097,-10.643856189774723
1,ENG25,3,8,F3,837S1225,100,32.692308,-10.643856189774723
1,ENG25,1,8,F4,837S1229,1600,41.638796,-10.643856189774723
1,ENG25,2,8,F5,837S1229,1600,16.80602,-10.643856189774723
1,ENG25,3,8,F6,837S1229,1600,40.886288,-10.643856189774723
1,ENG25,1,8,F7,837S1233,1600,36.705686,-10.643856189774723
1,ENG25,2,8,F8,837S1233,1600,44.983278,-10.643856189774723
1,ENG25,3,8,F9,837S1233,1600,32.608696,-10.643856189774723
1,ENG25,3,8,F10,837S1241,100,42.22408,-10.643856189774723
1,ENG25,3,8,F11,837S1241,100,23.076923,-10.643856189774723
1,ENG25,3,8,F12,837S1241,100,-9.782609,-10.643856189774723
1,ENG25,1,8,G1,837S1225,50,25.919732,-11.643856189774723
1,ENG25,2,8,G2,837S1225,50,32.692308,-11.643856189774723
1,ENG25,3,8,G3,837S1225,50,27.926421,-11.643856189774723
1,ENG25,1,8,G4,837S1229,3200,34.364548,-11.643856189774723
1,ENG25,2,8,G5,837S1229,3200,28.929766,-11.643856189774723
1,ENG25,3,8,G6,837S1229,3200,39.214047,-11.643856189774723
1,ENG25,1,8,G7,837S1233,3200,58.946488,-11.643856189774723
1,ENG25,2,8,G8,837S1233,3200,55.434783,-11.643856189774723
1,ENG25,3,8,G9,837S1233,3200,41.137124,-11.643856189774723
1,ENG25,1,8,G10,837S1241,50,55.434783,-11.643856189774723
1,ENG25,2,8,G11,837S1241,50,44.816054,-11.643856189774723
1,ENG25,3,8,G12,837S1241,50,34.0301,-11.643856189774723
2,THA22,1,1,A1,837S1255,50,99.888992,-5.643856189774724
2,THA22,2,1,A2,837S1255,50,99.944496,-5.643856189774724
2,THA22,3,1,A3,837S1255,50,99.722479,-5.643856189774724
2,THA22,1,1,A4,837S1261,50,99.222942,-5.643856189774724
2,THA22,2,1,A5,837S1261,50,98.945421,-5.643856189774724
2,THA22,3,1,A6,837S1261,50,99.389454,-5.643856189774724
2,THA22,1,1,A7,837S1263,50,99.888992,-5.643856189774724
2,THA22,2,1,A8,837S1263,50,99.888992,-5.643856189774724
2,THA22,3,1,A9,837S1263,50,99.944496,-5.643856189774724
2,THA22,1,1,A10,837S1265,50,99.944496,-5.643856189774724
2,THA22,2,1,A11,837S1265,50,100,-5.643856189774724
2,THA22,3,1,A12,837S1265,50,99.833488,-5.643856189774724
2,THA22,1,1,B1,837S1255,100,99.167438,-6.643856189774724
2,THA22,2,1,B2,837S1255,100,99.833488,-6.643856189774724
2,THA22,3,1,B3,837S1255,100,99.722479,-6.643856189774724
2,THA22,1,1,B4,837S1261,100,97.890842,-6.643856189774724
2,THA22,2,1,B5,837S1261,100,97.613321,-6.643856189774724
2,THA22,3,1,B6,837S1261,100,98.112858,-6.643856189774724
2,THA22,1,1,B7,837S1263,100,99.722479,-6.643856189774724
2,THA22,2,1,B8,837S1263,100,99.833488,-6.643856189774724
2,THA22,3,1,B9,837S1263,100,99.722479,-6.643856189774724
2,THA22,1,1,B10,837S1265,100,99.944496,-6.643856189774724
2,THA22,2,1,B11,837S1265,100,99.777983,-6.643856189774724
2,THA22,3,1,B12,837S1265,100,100,-6.643856189774724
2,THA22,1,1,C1,837S1255,200,98.112858,-7.643856189774724
2,THA22,2,1,C2,837S1255,200,98.390379,-7.643856189774724
2,THA22,3,1,C3,837S1255,200,98.778908,-7.643856189774724
2,THA22,1,1,C4,837S1261,200,93.783534,-7.643856189774724
2,THA22,2,1,C5,837S1261,200,94.449584,-7.643856189774724
2,THA22,3,1,C6,837S1261,200,95.226642,-7.643856189774724
2,THA22,1,1,C7,837S1263,200,98.6679,-7.643856189774724
2,THA22,2,1,C8,837S1263,200,98.501388,-7.643856189774724
2,THA22,3,1,C9,837S1263,200,99.056429,-7.643856189774724
2,THA22,1,1,C10,837S1265,200,99.777983,-7.643856189774724
2,THA22,2,1,C11,837S1265,200,99.888992,-7.643856189774724
2,THA22,3,1,C12,837S1265,200,99.888992,-7.643856189774724
2,THA22,1,1,D1,837S1255,400,94.338575,-8.643856189774725
2,THA22,2,1,D2,837S1255,400,95.393154,-8.643856189774725
2,THA22,3,1,D3,837S1255,400,95.504163,-8.643856189774725
2,THA22,1,1,D4,837S1261,400,86.845513,-8.643856189774725
2,THA22,2,1,D5,837S1261,400,88.177613,-8.643856189774725
2,THA22,3,1,D6,837S1261,400,86.845513,-8.643856189774725
2,THA22,1,1,D7,837S1263,400,96.114709,-8.643856189774725
2,THA22,2,1,D8,837S1263,400,95.33765,-8.643856189774725
2,THA22,3,1,D9,837S1263,400,96.447734,-8.643856189774725
2,THA22,1,1,D10,837S1265,400,99.444958,-8.643856189774725
2,THA22,2,1,D11,837S1265,400,99.611471,-8.643856189774725
2,THA22,3,1,D12,837S1265,400,99.777983,-8.643856189774725
2,THA22,1,1,E1,837S1255,800,85.846438,-9.643856189774723
2,THA22,2,1,E2,837S1255,800,89.454209,-9.643856189774723
2,THA22,3,1,E3,837S1255,800,87.844588,-9.643856189774723
2,THA22,1,1,E4,837S1261,800,73.635523,-9.643856189774723
2,THA22,2,1,E5,837S1261,800,72.80296,-9.643856189774723
2,THA22,3,1,E6,837S1261,800,78.575393,-9.643856189774723
2,THA22,1,1,E7,837S1263,800,87.567068,-9.643856189774723
2,THA22,2,1,E8,837S1263,800,89.343201,-9.643856189774723
2,THA22,3,1,E9,837S1263,800,85.957447,-9.643856189774723
2,THA22,1,1,E10,837S1265,800,97.668825,-9.643856189774723
2,THA22,2,1,E11,837S1265,800,98.057354,-9.643856189774723
2,THA22,3,1,E12,837S1265,800,97.002775,-9.643856189774723
2,THA22,1,1,F1,837S1255,1600,75.134135,-10.643856189774723
2,THA22,2,1,F2,837S1255,1600,78.686401,-10.643856189774723
2,THA22,3,1,F3,837S1255,1600,78.963922,-10.643856189774723
2,THA22,1,1,F4,837S1261,1600,63.755782,-10.643856189774723
2,THA22,2,1,F5,837S1261,1600,61.20259,-10.643856189774723
2,THA22,3,1,F6,837S1261,1600,63.86679,-10.643856189774723
2,THA22,1,1,F7,837S1263,1600,78.630897,-10.643856189774723
2,THA22,2,1,F8,837S1263,1600,76.688252,-10.643856189774723
2,THA22,3,1,F9,837S1263,1600,71.970398,-10.643856189774723
2,THA22,3,1,F10,837S1265,1600,93.395005,-10.643856189774723
2,THA22,3,1,F11,837S1265,1600,89.953747,-10.643856189774723
2,THA22,3,1,F12,837S1265,1600,90.231267,-10.643856189774723
2,THA22,1,1,G1,837S1255,3200,65.920444,-11.643856189774723
2,THA22,2,1,G2,837S1255,3200,65.476411,-11.643856189774723
2,THA22,3,1,G3,837S1255,3200,62.923219,-11.643856189774723
2,THA22,1,1,G4,837S1261,3200,53.043478,-11.643856189774723
2,THA22,2,1,G5,837S1261,3200,45.827937,-11.643856189774723
2,THA22,3,1,G6,837S1261,3200,44.828862,-11.643856189774723
2,THA22,1,1,G7,837S1263,3200,66.364477,-11.643856189774723
2,THA22,2,1,G8,837S1263,3200,63.700278,-11.643856189774723
2,THA22,3,1,G9,837S1263,3200,59.426457,-11.643856189774723
2,THA22,1,1,G10,837S1265,3200,80.296022,-11.643856189774723
2,THA22,2,1,G11,837S1265,3200,77.021277,-11.643856189774723
2,THA22,3,1,G12,837S1265,3200,82.849214,-11.643856189774723
2,THA22,1,2,A1,837S1271,50,99.715438,-5.643856189774724
2,THA22,2,2,A2,837S1271,50,99.644297,-5.643856189774724
2,THA22,3,2,A3,837S1271,50,99.644297,-5.643856189774724
2,THA22,1,2,A4,837S1274,50,99.857719,-5.643856189774724
2,THA22,2,2,A5,837S1274,50,99.928859,-5.643856189774724
2,THA22,3,2,A6,837S1274,50,99.786578,-5.643856189774724
2,THA22,1,2,A7,837S1278,50,73.464548,-5.643856189774724
2,THA22,2,2,A8,837S1278,50,77.163861,-5.643856189774724
2,THA22,3,2,A9,837S1278,50,70.334361,-5.643856189774724
2,THA22,1,2,A10,837S1279,50,64.998814,-5.643856189774724
2,THA22,2,2,A11,837S1279,50,66.77733,-5.643856189774724
2,THA22,3,2,A12,837S1279,50,70.547783,-5.643856189774724
2,THA22,1,2,B1,837S1271,100,99.359734,-6.643856189774724
2,THA22,2,2,B2,837S1271,100,96.51411,-6.643856189774724
2,THA22,3,2,B3,837S1271,100,99.573156,-6.643856189774724
2,THA22,1,2,B4,837S1274,100,99.928859,-6.643856189774724
2,THA22,2,2,B5,837S1274,100,99.928859,-6.643856189774724
2,THA22,3,2,B6,837S1274,100,100,-6.643856189774724
2,THA22,1,2,B7,837S1278,100,67.702158,-6.643856189774724
2,THA22,2,2,B8,837S1278,100,72.966564,-6.643856189774724
2,THA22,3,2,B9,837S1278,100,66.137064,-6.643856189774724
2,THA22,1,2,B10,837S1279,100,53.972018,-6.643856189774724
2,THA22,2,2,B11,837S1279,100,60.445815,-6.643856189774724
2,THA22,3,2,B12,837S1279,100,52.904909,-6.643856189774724
2,THA22,1,2,C1,837S1271,200,98.292625,-7.643856189774724
2,THA22,2,2,C2,837S1271,200,90.965141,-7.643856189774724
2,THA22,3,2,C3,837S1271,200,98.932891,-7.643856189774724
2,THA22,1,2,C4,837S1274,200,99.928859,-7.643856189774724
2,THA22,2,2,C5,837S1274,200,99.928859,-7.643856189774724
2,THA22,3,2,C6,837S1274,200,99.715438,-7.643856189774724
2,THA22,1,2,C7,837S1278,200,53.758596,-7.643856189774724
2,THA22,2,2,C8,837S1278,200,62.722314,-7.643856189774724
2,THA22,3,2,C9,837S1278,200,60.018971,-7.643856189774724
2,THA22,1,2,C10,837S1279,200,47.498221,-7.643856189774724
2,THA22,2,2,C11,837S1279,200,52.691487,-7.643856189774724
2,THA22,3,2,C12,837S1279,200,46.288831,-7.643856189774724
2,THA22,1,2,D1,837S1271,400,95.660422,-8.643856189774725
2,THA22,2,2,D2,837S1271,400,80.365189,-8.643856189774725
2,THA22,3,2,D3,837S1271,400,95.091297,-8.643856189774725
2,THA22,1,2,D4,837S1274,400,99.928859,-8.643856189774725
2,THA22,2,2,D5,837S1274,400,99.857719,-8.643856189774725
2,THA22,3,2,D6,837S1274,400,99.928859,-8.643856189774725
2,THA22,1,2,D7,837S1278,400,60.445815,-8.643856189774725
2,THA22,2,2,D8,837S1278,400,58.880721,-8.643856189774725
2,THA22,3,2,D9,837S1278,400,50.059284,-8.643856189774725
2,THA22,1,2,D10,837S1279,400,46.359972,-8.643856189774725
2,THA22,2,2,D11,837S1279,400,52.193502,-8.643856189774725
2,THA22,3,2,D12,837S1279,400,32.772113,-8.643856189774725
2,THA22,1,2,E1,837S1271,800,87.265829,-9.643856189774723
2,THA22,2,2,E2,837S1271,800,65.212236,-9.643856189774723
2,THA22,3,2,E3,837S1271,800,87.834954,-9.643856189774723
2,THA22,1,2,E4,837S1274,800,100,-9.643856189774723
2,THA22,2,2,E5,837S1274,800,99.786578,-9.643856189774723
2,THA22,3,2,E6,837S1274,800,99.928859,-9.643856189774723
2,THA22,1,2,E7,837S1278,800,53.545174,-9.643856189774723
2,THA22,2,2,E8,837S1278,800,48.49419,-9.643856189774723
2,THA22,3,2,E9,837S1278,800,50.628409,-9.643856189774723
2,THA22,1,2,E10,837S1279,800,40.099597,-9.643856189774723
2,THA22,2,2,E11,837S1279,800,44.723737,-9.643856189774723
2,THA22,3,2,E12,837S1279,800,35.333175,-9.643856189774723
2,THA22,1,2,F1,837S1271,1600,78.159829,-10.643856189774723
2,THA22,2,2,F2,837S1271,1600,50.557268,-10.643856189774723
2,THA22,3,2,F3,837S1271,1600,76.523595,-10.643856189774723
2,THA22,1,2,F4,837S1274,1600,98.790609,-10.643856189774723
2,THA22,2,2,F5,837S1274,1600,98.790609,-10.643856189774723
2,THA22,3,2,F6,837S1274,1600,99.075172,-10.643856189774723
2,THA22,1,2,F7,837S1278,1600,30.495613,-10.643856189774723
2,THA22,2,2,F8,837S1278,1600,48.49419,-10.643856189774723
2,THA22,3,2,F9,837S1278,1600,30.922457,-10.643856189774723
2,THA22,3,2,F10,837S1279,1600,35.9023,-10.643856189774723
2,THA22,3,2,F11,837S1279,1600,38.107659,-10.643856189774723
2,THA22,3,2,F12,837S1279,1600,17.832582,-10.643856189774723
2,THA22,1,2,G1,837S1271,3200,63.433721,-11.643856189774723
2,THA22,2,2,G2,837S1271,3200,37.894238,-11.643856189774723
2,THA22,3,2,G3,837S1271,3200,54.612284,-11.643856189774723
2,THA22,1,2,G4,837S1274,3200,95.304719,-11.643856189774723
2,THA22,2,2,G5,837S1274,3200,92.885938,-11.643856189774723
2,THA22,3,2,G6,837S1274,3200,94.877875,-11.643856189774723
2,THA22,1,2,G7,837S1278,3200,17.263457,-11.643856189774723
2,THA22,2,2,G8,837S1278,3200,43.87005,-11.643856189774723
2,THA22,3,2,G9,837S1278,3200,-5.430401,-11.643856189774723
2,THA22,1,2,G10,837S1279,3200,35.83116,-11.643856189774723
2,THA22,2,2,G11,837S1279,3200,38.463363,-11.643856189774723
2,THA22,3,2,G12,837S1279,3200,33.839222,-11.643856189774723
2,THA22,1,3,A1,837S1289,50,82.618026,-5.643856189774724
2,THA22,2,3,A2,837S1289,50,81.258941,-5.643856189774724
2,THA22,3,3,A3,837S1289,50,84.263233,-5.643856189774724
2,THA22,1,3,A4,837S1296,50,97.281831,-5.643856189774724
2,THA22,2,3,A5,837S1296,50,98.1402,-5.643856189774724
2,THA22,3,3,A6,837S1296,50,96.709585,-5.643856189774724
2,THA22,1,3,A7,837S1302,50,100,-5.643856189774724
2,THA22,2,3,A8,837S1302,50,99.856938,-5.643856189774724
2,THA22,3,3,A9,837S1302,50,99.713877,-5.643856189774724
2,THA22,1,3,A10,837S1304,50,87.553648,-5.643856189774724
2,THA22,2,3,A11,837S1304,50,86.552217,-5.643856189774724
2,THA22,3,3,A12,837S1304,50,85.050072,-5.643856189774724
2,THA22,1,3,B1,837S1289,100,75.321888,-6.643856189774724
2,THA22,2,3,B2,837S1289,100,72.317597,-6.643856189774724
2,THA22,3,3,B3,837S1289,100,74.320458,-6.643856189774724
2,THA22,1,3,B4,837S1296,100,95.922747,-6.643856189774724
2,THA22,2,3,B5,837S1296,100,95.708155,-6.643856189774724
2,THA22,3,3,B6,837S1296,100,96.137339,-6.643856189774724
2,THA22,1,3,B7,837S1302,100,98.998569,-6.643856189774724
2,THA22,2,3,B8,837S1302,100,99.928469,-6.643856189774724
2,THA22,3,3,B9,837S1302,100,99.928469,-6.643856189774724
2,THA22,1,3,B10,837S1304,100,79.685265,-6.643856189774724
2,THA22,2,3,B11,837S1304,100,79.756795,-6.643856189774724
2,THA22,3,3,B12,837S1304,100,77.253219,-6.643856189774724
2,THA22,1,3,C1,837S1289,200,67.02432,-7.643856189774724
2,THA22,2,3,C2,837S1289,200,64.306152,-7.643856189774724
2,THA22,3,3,C3,837S1289,200,66.595136,-7.643856189774724
2,THA22,1,3,C4,837S1296,200,92.48927,-7.643856189774724
2,THA22,2,3,C5,837S1296,200,91.773963,-7.643856189774724
2,THA22,3,3,C6,837S1296,200,92.703863,-7.643856189774724
2,THA22,1,3,C7,837S1302,200,99.785408,-7.643856189774724
2,THA22,2,3,C8,837S1302,200,100,-7.643856189774724
2,THA22,3,3,C9,837S1302,200,99.928469,-7.643856189774724
2,THA22,1,3,C10,837S1304,200,73.819742,-7.643856189774724
2,THA22,2,3,C11,837S1304,200,68.240343,-7.643856189774724
2,THA22,3,3,C12,837S1304,200,63.16166,-7.643856189774724
2,THA22,1,3,D1,837S1289,400,55.579399,-8.643856189774725
2,THA22,2,3,D2,837S1289,400,52.7897,-8.643856189774725
2,THA22,3,3,D3,837S1289,400,55.65093,-8.643856189774725
2,THA22,1,3,D4,837S1296,400,86.194564,-8.643856189774725
2,THA22,2,3,D5,837S1296,400,85.908441,-8.643856189774725
2,THA22,3,3,D6,837S1296,400,84.978541,-8.643856189774725
2,THA22,1,3,D7,837S1302,400,99.856938,-8.643856189774725
2,THA22,2,3,D8,837S1302,400,99.713877,-8.643856189774725
2,THA22,3,3,D9,837S1302,400,99.928469,-8.643856189774725
2,THA22,1,3,D10,837S1304,400,65.808298,-8.643856189774725
2,THA22,2,3,D11,837S1304,400,61.731044,-8.643856189774725
2,THA22,3,3,D12,837S1304,400,49.713877,-8.643856189774725
2,THA22,1,3,E1,837S1289,800,50.214592,-9.643856189774723
2,THA22,2,3,E2,837S1289,800,51.93133,-9.643856189774723
2,THA22,3,3,E3,837S1289,800,52.217454,-9.643856189774723
2,THA22,1,3,E4,837S1296,800,72.889843,-9.643856189774723
2,THA22,2,3,E5,837S1296,800,75.107296,-9.643856189774723
2,THA22,3,3,E6,837S1296,800,72.889843,-9.643856189774723
2,THA22,1,3,E7,837S1302,800,99.0701,-9.643856189774723
2,THA22,2,3,E8,837S1302,800,99.213162,-9.643856189774723
2,THA22,3,3,E9,837S1302,800,99.141631,-9.643856189774723
2,THA22,1,3,E10,837S1304,800,58.798283,-9.643856189774723
2,THA22,2,3,E11,837S1304,800,57.439199,-9.643856189774723
2,THA22,3,3,E12,837S1304,800,37.339056,-9.643856189774723
2,THA22,1,3,F1,837S1289,1600,34.263233,-10.643856189774723
2,THA22,2,3,F2,837S1289,1600,49.928469,-10.643856189774723
2,THA22,3,3,F3,837S1289,1600,42.560801,-10.643856189774723
2,THA22,1,3,F4,837S1296,1600,63.662375,-10.643856189774723
2,THA22,2,3,F5,837S1296,1600,51.287554,-10.643856189774723
2,THA22,3,3,F6,837S1296,1600,65.379113,-10.643856189774723
2,THA22,1,3,F7,837S1302,1600,94.492132,-10.643856189774723
2,THA22,2,3,F8,837S1302,1600,95.636624,-10.643856189774723
2,THA22,3,3,F9,837S1302,1600,93.776824,-10.643856189774723
2,THA22,3,3,F10,837S1304,1600,54.935622,-10.643856189774723
2,THA22,3,3,F11,837S1304,1600,48.211731,-10.643856189774723
2,THA22,3,3,F12,837S1304,1600,17.811159,-10.643856189774723
2,THA22,1,3,G1,837S1289,3200,38.626609,-11.643856189774723
2,THA22,2,3,G2,837S1289,3200,40.200286,-11.643856189774723
2,THA22,3,3,G3,837S1289,3200,38.769671,-11.643856189774723
2,THA22,1,3,G4,837S1296,3200,53.79113,-11.643856189774723
2,THA22,2,3,G5,837S1296,3200,43.347639,-11.643856189774723
2,THA22,3,3,G6,837S1296,3200,64.234621,-11.643856189774723
2,THA22,1,3,G7,837S1302,3200,80.686695,-11.643856189774723
2,THA22,2,3,G8,837S1302,3200,86.695279,-11.643856189774723
2,THA22,3,3,G9,837S1302,3200,85.264664,-11.643856189774723
2,THA22,1,3,G10,837S1304,3200,37.69671,-11.643856189774723
2,THA22,2,3,G11,837S1304,3200,44.563662,-11.643856189774723
2,THA22,3,3,G12,837S1304,3200,26.39485,-11.643856189774723
2,THA22,1,4,A1,837S1311,50,89.741342,-5.643856189774724
2,THA22,2,4,A2,837S1311,50,87.50548,-5.643856189774724
2,THA22,3,4,A3,837S1311,50,87.373959,-5.643856189774724
2,THA22,1,4,A4,837S1316,50,94.739149,-5.643856189774724
2,THA22,2,4,A5,837S1316,50,95.396756,-5.643856189774724
2,THA22,3,4,A6,837S1316,50,93.160894,-5.643856189774724
2,THA22,1,4,A7,837S1320,50,39.237177,-5.643856189774724
2,THA22,2,4,A8,837S1320,50,37.790443,-5.643856189774724
2,THA22,3,4,A9,837S1320,50,34.239369,-5.643856189774724
2,THA22,1,4,A10,837S1324,50,92.766331,-5.643856189774724
2,THA22,2,4,A11,837S1324,50,92.108724,-5.643856189774724
2,THA22,3,4,A12,837S1324,50,92.897852,-5.643856189774724
2,THA22,1,4,B1,837S1311,100,77.641385,-6.643856189774724
2,THA22,2,4,B2,837S1311,100,82.507672,-6.643856189774724
2,THA22,3,4,B3,837S1311,100,77.378343,-6.643856189774724
2,THA22,1,4,B4,837S1316,100,89.478299,-6.643856189774724
2,THA22,2,4,B5,837S1316,100,88.55765,-6.643856189774724
2,THA22,3,4,B6,837S1316,100,90.925033,-6.643856189774724
2,THA22,1,4,B7,837S1320,100,23.586146,-6.643856189774724
2,THA22,2,4,B8,837S1320,100,32.529592,-6.643856189774724
2,THA22,3,4,B9,837S1320,100,18.588338,-6.643856189774724
2,THA22,1,4,B10,837S1324,100,81.455502,-6.643856189774724
2,THA22,2,4,B11,837S1324,100,85.40114,-6.643856189774724
2,THA22,3,4,B12,837S1324,100,80.666374,-6.643856189774724
2,THA22,1,4,C1,837S1311,200,66.462078,-7.643856189774724
2,THA22,2,4,C2,837S1311,200,64.752302,-7.643856189774724
2,THA22,3,4,C3,837S1311,200,62.121876,-7.643856189774724
2,THA22,1,4,C4,837S1316,200,78.035949,-7.643856189774724
2,THA22,2,4,C5,837S1316,200,79.351162,-7.643856189774724
2,THA22,3,4,C6,837S1316,200,73.432705,-7.643856189774724
2,THA22,1,4,C7,837S1320,200,-4.559404,-7.643856189774724
2,THA22,2,4,C8,837S1320,200,15.431828,-7.643856189774724
2,THA22,3,4,C9,837S1320,200,17.66769,-7.643856189774724
2,THA22,1,4,C10,837S1324,200,63.56861,-7.643856189774724
2,THA22,2,4,C11,837S1324,200,65.541429,-7.643856189774724
2,THA22,3,4,C12,837S1324,200,62.51644,-7.643856189774724
2,THA22,1,4,D1,837S1311,400,41.209996,-8.643856189774725
2,THA22,2,4,D2,837S1311,400,17.930732,-8.643856189774725
2,THA22,3,4,D3,837S1311,400,39.368698,-8.643856189774725
2,THA22,1,4,D4,837S1316,400,58.702324,-8.643856189774725
2,THA22,2,4,D5,837S1316,400,55.414292,-8.643856189774725
2,THA22,3,4,D6,837S1316,400,55.677335,-8.643856189774725
2,THA22,1,4,D7,837S1320,400,8.198159,-8.643856189774725
2,THA22,2,4,D8,837S1320,400,34.37089,-8.643856189774725
2,THA22,3,4,D9,837S1320,400,8.855765,-8.643856189774725
2,THA22,1,4,D10,837S1324,400,46.86541,-8.643856189774725
2,THA22,2,4,D11,837S1324,400,36.080666,-8.643856189774725
2,THA22,3,4,D12,837S1324,400,28.846997000000002,-8.643856189774725
2,THA22,1,4,E1,837S1311,800,40.815432,-9.643856189774723
2,THA22,2,4,E2,837S1311,800,61.069706,-9.643856189774723
2,THA22,3,4,E3,837S1311,800,65.541429,-9.643856189774723
2,THA22,1,4,E4,837S1316,800,69.75011,-9.643856189774723
2,THA22,2,4,E5,837S1316,800,62.253398,-9.643856189774723
2,THA22,3,4,E6,837S1316,800,69.092503,-9.643856189774723
2,THA22,1,4,E7,837S1320,800,30.425252,-9.643856189774723
2,THA22,2,4,E8,837S1320,800,52.12626,-9.643856189774723
2,THA22,3,4,E9,837S1320,800,43.182815,-9.643856189774723
2,THA22,1,4,E10,837S1324,800,61.201228,-9.643856189774723
2,THA22,2,4,E11,837S1324,800,47.259974,-9.643856189774723
2,THA22,3,4,E12,837S1324,800,46.076282,-9.643856189774723
2,THA22,1,4,F1,837S1311,1600,40.946953,-10.643856189774723
2,THA22,2,4,F2,837S1311,1600,45.81324,-10.643856189774723
2,THA22,3,4,F3,837S1311,1600,43.445857,-10.643856189774723
2,THA22,1,4,F4,837S1316,1600,56.597983,-10.643856189774723
2,THA22,2,4,F5,837S1316,1600,57.25559,-10.643856189774723
2,THA22,3,4,F6,837S1316,1600,55.808856,-10.643856189774723
2,THA22,1,4,F7,837S1320,1600,37.921964,-10.643856189774723
2,THA22,2,4,F8,837S1320,1600,45.944761,-10.643856189774723
2,THA22,3,4,F9,837S1320,1600,30.293731,-10.643856189774723
2,THA22,3,4,F10,837S1324,1600,48.575186,-10.643856189774723
2,THA22,3,4,F11,837S1324,1600,33.844805,-10.643856189774723
2,THA22,3,4,F12,837S1324,1600,36.47523,-10.643856189774723
2,THA22,1,4,G1,837S1311,3200,24.506795,-11.643856189774723
2,THA22,2,4,G2,837S1311,3200,39.894783,-11.643856189774723
2,THA22,3,4,G3,837S1311,3200,45.81324,-11.643856189774723
2,THA22,1,4,G4,837S1316,3200,56.992547,-11.643856189774723
2,THA22,2,4,G5,837S1316,3200,32.135028,-11.643856189774723
2,THA22,3,4,G6,837S1316,3200,60.543621,-11.643856189774723
2,THA22,1,4,G7,837S1320,3200,-1.928979,-11.643856189774723
2,THA22,2,4,G8,837S1320,3200,25.164402,-11.643856189774723
2,THA22,3,4,G9,837S1320,3200,0.569925,-11.643856189774723
2,THA22,1,4,G10,837S1324,3200,34.765454,-11.643856189774723
2,THA22,2,4,G11,837S1324,3200,28.189391,-11.643856189774723
2,THA22,3,4,G12,837S1324,3200,27.531784,-11.643856189774723
2,THA22,1,5,A1,837S1336,50,93.836344,-5.643856189774724
2,THA22,2,5,A2,837S1336,50,89.691817,-5.643856189774724
2,THA22,3,5,A3,837S1336,50,87.566419,-5.643856189774724
2,THA22,1,5,A4,837S1343,50,99.89373,-5.643856189774724
2,THA22,2,5,A5,837S1343,50,99.78746,-5.643856189774724
2,THA22,3,5,A6,837S1343,50,99.36238,-5.643856189774724
2,THA22,1,5,A7,837S1353,50,48.140276,-5.643856189774724
2,THA22,2,5,A8,837S1353,50,72.901169,-5.643856189774724
2,THA22,3,5,A9,837S1353,50,61.636557,-5.643856189774724
2,THA22,1,5,A10,837S1355,50,77.470776,-5.643856189774724
2,THA22,2,5,A11,837S1355,50,70.456961,-5.643856189774724
2,THA22,3,5,A12,837S1355,50,71.83847,-5.643856189774724
2,THA22,1,5,B1,837S1336,100,85.65356,-6.643856189774724
2,THA22,2,5,B2,837S1336,100,72.369819,-6.643856189774724
2,THA22,3,5,B3,837S1336,100,66.950053,-6.643856189774724
2,THA22,1,5,B4,837S1343,100,97.980871,-6.643856189774724
2,THA22,2,5,B5,837S1343,100,97.980871,-6.643856189774724
2,THA22,3,5,B6,837S1343,100,97.449522,-6.643856189774724
2,THA22,1,5,B7,837S1353,100,42.082891,-6.643856189774724
2,THA22,2,5,B8,837S1353,100,35.812965,-6.643856189774724
2,THA22,3,5,B9,837S1353,100,32.412327,-6.643856189774724
2,THA22,1,5,B10,837S1355,100,44.420829,-6.643856189774724
2,THA22,2,5,B11,837S1355,100,61.211477,-6.643856189774724
2,THA22,3,5,B12,837S1355,100,50.584485,-6.643856189774724
2,THA22,1,5,C1,837S1336,200,39.744952,-7.643856189774724
2,THA22,2,5,C2,837S1336,200,49.734325,-7.643856189774724
2,THA22,3,5,C3,837S1336,200,71.51966,-7.643856189774724
2,THA22,1,5,C4,837S1343,200,89.798087,-7.643856189774724
2,THA22,2,5,C5,837S1343,200,89.585547,-7.643856189774724
2,THA22,3,5,C6,837S1343,200,91.179596,-7.643856189774724
2,THA22,1,5,C7,837S1353,200,28.48034,-7.643856189774724
2,THA22,2,5,C8,837S1353,200,51.540914,-7.643856189774724
2,THA22,3,5,C9,837S1353,200,33.900106,-7.643856189774724
2,THA22,1,5,C10,837S1355,200,46.652497,-7.643856189774724
2,THA22,2,5,C11,837S1355,200,52.922423,-7.643856189774724
2,THA22,3,5,C12,837S1355,200,51.222104,-7.643856189774724
2,THA22,1,5,D1,837S1336,400,71.62593,-8.643856189774725
2,THA22,2,5,D2,837S1336,400,30.393199,-8.643856189774725
2,THA22,3,5,D3,837S1336,400,46.227418,-8.643856189774725
2,THA22,1,5,D4,837S1343,400,57.17322,-8.643856189774725
2,THA22,2,5,D5,837S1343,400,56.323061,-8.643856189774725
2,THA22,3,5,D6,837S1343,400,54.622742,-8.643856189774725
2,THA22,1,5,D7,837S1353,400,0.21254,-8.643856189774725
2,THA22,2,5,D8,837S1353,400,63.655685,-8.643856189774725
2,THA22,3,5,D9,837S1353,400,11.052072,-8.643856189774725
2,THA22,1,5,D10,837S1355,400,40.701382,-8.643856189774725
2,THA22,2,5,D11,837S1355,400,51.115834,-8.643856189774725
2,THA22,3,5,D12,837S1355,400,30.818278,-8.643856189774725
2,THA22,1,5,E1,837S1336,800,59.511158,-9.643856189774723
2,THA22,2,5,E2,837S1336,800,40.913921,-9.643856189774723
2,THA22,3,5,E3,837S1336,800,53.878852,-9.643856189774723
2,THA22,1,5,E4,837S1343,800,8.076514,-9.643856189774723
2,THA22,2,5,E5,837S1343,800,-9.458023,-9.643856189774723
2,THA22,3,5,E6,837S1343,800,3.188098,-9.643856189774723
2,THA22,1,5,E7,837S1353,800,4.675877,-9.643856189774723
2,THA22,2,5,E8,837S1353,800,36.131775,-9.643856189774723
2,THA22,3,5,E9,837S1353,800,27.842721,-9.643856189774723
2,THA22,1,5,E10,837S1355,800,43.676939,-9.643856189774723
2,THA22,2,5,E11,837S1355,800,40.276302,-9.643856189774723
2,THA22,3,5,E12,837S1355,800,40.063762,-9.643856189774723
2,THA22,1,5,F1,837S1336,1600,47.608927,-10.643856189774723
2,THA22,2,5,F2,837S1336,1600,37.513284,-10.643856189774723
2,THA22,3,5,F3,837S1336,1600,42.082891,-10.643856189774723
2,THA22,1,5,F4,837S1343,1600,-56.74814,-10.643856189774723
2,THA22,2,5,F5,837S1343,1600,-52.497343,-10.643856189774723
2,THA22,3,5,F6,837S1343,1600,-57.81084,-10.643856189774723
2,THA22,1,5,F7,837S1353,1600,32.199787,-10.643856189774723
2,THA22,2,5,F8,837S1353,1600,39.107333,-10.643856189774723
2,THA22,3,5,F9,837S1353,1600,9.670563,-10.643856189774723
2,THA22,3,5,F10,837S1355,1600,48.777896,-10.643856189774723
2,THA22,3,5,F11,837S1355,1600,30.605739,-10.643856189774723
2,THA22,3,5,F12,837S1355,1600,33.156217,-10.643856189774723
2,THA22,1,5,G1,837S1336,3200,49.628055,-11.643856189774723
2,THA22,2,5,G2,837S1336,3200,38.044633,-11.643856189774723
2,THA22,3,5,G3,837S1336,3200,28.37407,-11.643856189774723
2,THA22,1,5,G4,837S1343,3200,-57.5983,-11.643856189774723
2,THA22,2,5,G5,837S1343,3200,-60.573858,-11.643856189774723
2,THA22,3,5,G6,837S1343,3200,-37.832094,-11.643856189774723
2,THA22,1,5,G7,837S1353,3200,11.689692,-11.643856189774723
2,THA22,2,5,G8,837S1353,3200,29.861849,-11.643856189774723
2,THA22,3,5,G9,837S1353,3200,5.313496,-11.643856189774723
2,THA22,1,5,G10,837S1355,3200,46.333688,-11.643856189774723
2,THA22,2,5,G11,837S1355,3200,19.553666,-11.643856189774723
2,THA22,3,5,G12,837S1355,3200,26.992561,-11.643856189774723
2,THA22,1,6,A1,837S1364,50,95.51188,-5.643856189774724
2,THA22,2,6,A2,837S1364,50,97.00792,-5.643856189774724
2,THA22,3,6,A3,837S1364,50,94.279847,-5.643856189774724
2,THA22,1,6,A4,837S1374,50,99.559988,-5.643856189774724
2,THA22,2,6,A5,837S1374,50,99.911998,-5.643856189774724
2,THA22,3,6,A6,837S1374,50,100,-5.643856189774724
2,THA22,1,6,A7,837S1382,50,80.903491,-5.643856189774724
2,THA22,2,6,A8,837S1382,50,82.663538,-5.643856189774724
2,THA22,3,6,A9,837S1382,50,78.26342,-5.643856189774724
2,THA22,1,6,A10,837S1392,50,64.183045,-5.643856189774724
2,THA22,2,6,A11,837S1392,50,65.063068,-5.643856189774724
2,THA22,3,6,A12,837S1392,50,41.038428,-5.643856189774724
2,THA22,1,6,B1,837S1364,100,90.23174,-6.643856189774724
2,THA22,2,6,B2,837S1364,100,87.591669,-6.643856189774724
2,THA22,3,6,B3,837S1364,100,93.927838,-6.643856189774724
2,THA22,1,6,B4,837S1374,100,99.911998,-6.643856189774724
2,THA22,2,6,B5,837S1374,100,100,-6.643856189774724
2,THA22,3,6,B6,837S1374,100,99.911998,-6.643856189774724
2,THA22,1,6,B7,837S1382,100,64.271047,-6.643856189774724
2,THA22,2,6,B8,837S1382,100,80.023467,-6.643856189774724
2,THA22,3,6,B9,837S1382,100,62.86301,-6.643856189774724
2,THA22,1,6,B10,837S1392,100,62.158991,-6.643856189774724
2,THA22,2,6,B11,837S1392,100,67.967146,-6.643856189774724
2,THA22,3,6,B12,837S1392,100,36.550308,-6.643856189774724
2,THA22,1,6,C1,837S1364,200,92.167791,-7.643856189774724
2,THA22,2,6,C2,837S1364,200,79.231446,-7.643856189774724
2,THA22,3,6,C3,837S1364,200,84.24758,-7.643856189774724
2,THA22,1,6,C4,837S1374,200,99.911998,-7.643856189774724
2,THA22,2,6,C5,837S1374,200,99.735993,-7.643856189774724
2,THA22,3,6,C6,837S1374,200,99.559988,-7.643856189774724
2,THA22,1,6,C7,837S1382,200,53.622763,-7.643856189774724
2,THA22,2,6,C8,837S1382,200,74.215312,-7.643856189774724
2,THA22,3,6,C9,837S1382,200,54.502787,-7.643856189774724
2,THA22,1,6,C10,837S1392,200,64.887064,-7.643856189774724
2,THA22,2,6,C11,837S1392,200,64.535054,-7.643856189774724
2,THA22,3,6,C12,837S1392,200,43.942505,-7.643856189774724
2,THA22,1,6,D1,837S1364,400,82.311528,-8.643856189774725
2,THA22,2,6,D2,837S1364,400,81.343502,-8.643856189774725
2,THA22,3,6,D3,837S1364,400,81.2555,-8.643856189774725
2,THA22,1,6,D4,837S1374,400,99.735993,-8.643856189774725
2,THA22,2,6,D5,837S1374,400,100,-8.643856189774725
2,THA22,3,6,D6,837S1374,400,99.911998,-8.643856189774725
2,THA22,1,6,D7,837S1382,400,47.198592,-8.643856189774725
2,THA22,2,6,D8,837S1382,400,67.703139,-8.643856189774725
2,THA22,3,6,D9,837S1382,400,55.38281,-8.643856189774725
2,THA22,1,6,D10,837S1392,400,66.911118,-8.643856189774725
2,THA22,2,6,D11,837S1392,400,61.01496,-8.643856189774725
2,THA22,3,6,D12,837S1392,400,23.085949,-8.643856189774725
2,THA22,1,6,E1,837S1364,800,60.750953,-9.643856189774723
2,THA22,2,6,E2,837S1364,800,69.463186,-9.643856189774723
2,THA22,3,6,E3,837S1364,800,67.439132,-9.643856189774723
2,THA22,1,6,E4,837S1374,800,99.735993,-9.643856189774723
2,THA22,2,6,E5,837S1374,800,99.207979,-9.643856189774723
2,THA22,3,6,E6,837S1374,800,98.415958,-9.643856189774723
2,THA22,1,6,E7,837S1382,800,35.230273,-9.643856189774723
2,THA22,2,6,E8,837S1382,800,77.559402,-9.643856189774723
2,THA22,3,6,E9,837S1382,800,38.046348,-9.643856189774723
2,THA22,1,6,E10,837S1392,800,63.743033,-9.643856189774723
2,THA22,2,6,E11,837S1392,800,51.510707,-9.643856189774723
2,THA22,3,6,E12,837S1392,800,3.285421,-9.643856189774723
2,THA22,1,6,F1,837S1364,1600,74.303315,-10.643856189774723
2,THA22,2,6,F2,837S1364,1600,71.839249,-10.643856189774723
2,THA22,3,6,F3,837S1364,1600,65.50308,-10.643856189774723
2,THA22,1,6,F4,837S1374,1600,98.943972,-10.643856189774723
2,THA22,2,6,F5,837S1374,1600,98.679965,-10.643856189774723
2,THA22,3,6,F6,837S1374,1600,98.239953,-10.643856189774723
2,THA22,1,6,F7,837S1382,1600,19.125843,-10.643856189774723
2,THA22,2,6,F8,837S1382,1600,61.542974,-10.643856189774723
2,THA22,3,6,F9,837S1382,1600,39.806395,-10.643856189774723
2,THA22,3,6,F10,837S1392,1600,66.735113,-10.643856189774723
2,THA22,3,6,F11,837S1392,1600,38.222353,-10.643856189774723
2,THA22,3,6,F12,837S1392,1600,43.678498,-10.643856189774723
2,THA22,1,6,G1,837S1364,3200,64.183045,-11.643856189774723
2,THA22,2,6,G2,837S1364,3200,67.175125,-11.643856189774723
2,THA22,3,6,G3,837S1364,3200,69.111176,-11.643856189774723
2,THA22,1,6,G4,837S1374,3200,94.719859,-11.643856189774723
2,THA22,2,6,G5,837S1374,3200,91.551775,-11.643856189774723
2,THA22,3,6,G6,837S1374,3200,96.391904,-11.643856189774723
2,THA22,1,6,G7,837S1382,3200,43.590496,-11.643856189774723
2,THA22,2,6,G8,837S1382,3200,34.350249,-11.643856189774723
2,THA22,3,6,G9,837S1382,3200,36.63831,-11.643856189774723
2,THA22,1,6,G10,837S1392,3200,56.790848,-11.643856189774723
2,THA22,2,6,G11,837S1392,3200,54.23878,-11.643856189774723
2,THA22,3,6,G12,837S1392,3200,37.958346,-11.643856189774723
2,ENG24,1,1,A1,837S1255,50,99.530761,-5.643856189774724
2,ENG24,2,1,A2,837S1255,50,98.435871,-5.643856189774724
2,ENG24,3,1,A3,837S1255,50,98.592284,-5.643856189774724
2,ENG24,1,1,A4,837S1261,50,97.653806,-5.643856189774724
2,ENG24,2,1,A5,837S1261,50,95.542231,-5.643856189774724
2,ENG24,3,1,A6,837S1261,50,96.24609,-5.643856189774724
2,ENG24,1,1,A7,837S1263,50,99.843587,-5.643856189774724
2,ENG24,2,1,A8,837S1263,50,100,-5.643856189774724
2,ENG24,3,1,A9,837S1263,50,99.452555,-5.643856189774724
2,ENG24,1,1,A10,837S1265,50,99.608968,-5.643856189774724
2,ENG24,2,1,A11,837S1265,50,99.921794,-5.643856189774724
2,ENG24,3,1,A12,837S1265,50,99.843587,-5.643856189774724
2,ENG24,1,1,B1,837S1255,100,98.435871,-6.643856189774724
2,ENG24,2,1,B2,837S1255,100,96.324296,-6.643856189774724
2,ENG24,3,1,B3,837S1255,100,95.542231,-6.643856189774724
2,ENG24,1,1,B4,837S1261,100,88.738269,-6.643856189774724
2,ENG24,2,1,B5,837S1261,100,91.710115,-6.643856189774724
2,ENG24,3,1,B6,837S1261,100,92.101147,-6.643856189774724
2,ENG24,1,1,B7,837S1263,100,98.826903,-6.643856189774724
2,ENG24,2,1,B8,837S1263,100,98.748697,-6.643856189774724
2,ENG24,3,1,B9,837S1263,100,99.296142,-6.643856189774724
2,ENG24,1,1,B10,837S1265,100,99.921794,-6.643856189774724
2,ENG24,2,1,B11,837S1265,100,99.765381,-6.643856189774724
2,ENG24,3,1,B12,837S1265,100,100,-6.643856189774724
2,ENG24,1,1,C1,837S1255,200,93.196038,-7.643856189774724
2,ENG24,2,1,C2,837S1255,200,92.179353,-7.643856189774724
2,ENG24,3,1,C3,837S1255,200,89.207508,-7.643856189774724
2,ENG24,1,1,C4,837S1261,200,82.481752,-7.643856189774724
2,ENG24,2,1,C5,837S1261,200,80.839416,-7.643856189774724
2,ENG24,3,1,C6,837S1261,200,82.950991,-7.643856189774724
2,ENG24,1,1,C7,837S1263,200,95.933264,-7.643856189774724
2,ENG24,2,1,C8,837S1263,200,96.480709,-7.643856189774724
2,ENG24,3,1,C9,837S1263,200,96.324296,-7.643856189774724
2,ENG24,1,1,C10,837S1265,200,99.921794,-7.643856189774724
2,ENG24,2,1,C11,837S1265,200,99.687174,-7.643856189774724
2,ENG24,3,1,C12,837S1265,200,99.687174,-7.643856189774724
2,ENG24,1,1,D1,837S1255,400,87.017727,-8.643856189774725
2,ENG24,2,1,D2,837S1255,400,77.945777,-8.643856189774725
2,ENG24,3,1,D3,837S1255,400,77.007299,-8.643856189774725
2,ENG24,1,1,D4,837S1261,400,59.801877,-8.643856189774725
2,ENG24,2,1,D5,837S1261,400,61.366006,-8.643856189774725
2,ENG24,3,1,D6,837S1261,400,50.808133,-8.643856189774725
2,ENG24,1,1,D7,837S1263,400,80.604797,-8.643856189774725
2,ENG24,2,1,D8,837S1263,400,88.26903,-8.643856189774725
2,ENG24,3,1,D9,837S1263,400,83.263816,-8.643856189774725
2,ENG24,1,1,D10,837S1265,400,99.843587,-8.643856189774725
2,ENG24,2,1,D11,837S1265,400,99.765381,-8.643856189774725
2,ENG24,3,1,D12,837S1265,400,99.452555,-8.643856189774725
2,ENG24,1,1,E1,837S1255,800,75.677789,-9.643856189774723
2,ENG24,2,1,E2,837S1255,800,65.04171,-9.643856189774723
2,ENG24,3,1,E3,837S1255,800,69.499479,-9.643856189774723
2,ENG24,1,1,E4,837S1261,800,53.623566,-9.643856189774723
2,ENG24,2,1,E5,837S1261,800,49.009385,-9.643856189774723
2,ENG24,3,1,E6,837S1261,800,54.953076,-9.643856189774723
2,ENG24,1,1,E7,837S1263,800,65.354536,-9.643856189774723
2,ENG24,2,1,E8,837S1263,800,83.733055,-9.643856189774723
2,ENG24,3,1,E9,837S1263,800,71.611053,-9.643856189774723
2,ENG24,1,1,E10,837S1265,800,97.262774,-9.643856189774723
2,ENG24,2,1,E11,837S1265,800,96.793535,-9.643856189774723
2,ENG24,3,1,E12,837S1265,800,95.855057,-9.643856189774723
2,ENG24,1,1,F1,837S1255,1600,68.248175,-10.643856189774723
2,ENG24,2,1,F2,837S1255,1600,50.260688,-10.643856189774723
2,ENG24,3,1,F3,837S1255,1600,46.428571,-10.643856189774723
2,ENG24,1,1,F4,837S1261,1600,54.64025,-10.643856189774723
2,ENG24,2,1,F5,837S1261,1600,41.501564,-10.643856189774723
2,ENG24,3,1,F6,837S1261,1600,34.541189,-10.643856189774723
2,ENG24,1,1,F7,837S1263,1600,46.976017,-10.643856189774723
2,ENG24,2,1,F8,837S1263,1600,62.930136,-10.643856189774723
2,ENG24,3,1,F9,837S1263,1600,60.896767,-10.643856189774723
2,ENG24,3,1,F10,837S1265,1600,92.805005,-10.643856189774723
2,ENG24,3,1,F11,837S1265,1600,92.335766,-10.643856189774723
2,ENG24,3,1,F12,837S1265,1600,90.458811,-10.643856189774723
2,ENG24,1,1,G1,837S1255,3200,61.678832,-11.643856189774723
2,ENG24,2,1,G2,837S1255,3200,58.472367,-11.643856189774723
2,ENG24,3,1,G3,837S1255,3200,48.383733,-11.643856189774723
2,ENG24,1,1,G4,837S1261,3200,50.182482,-11.643856189774723
2,ENG24,2,1,G5,837S1261,3200,37.434828,-11.643856189774723
2,ENG24,3,1,G6,837S1261,3200,23.279458,-11.643856189774723
2,ENG24,1,1,G7,837S1263,3200,28.832117,-11.643856189774723
2,ENG24,2,1,G8,837S1263,3200,54.64025,-11.643856189774723
2,ENG24,3,1,G9,837S1263,3200,27.502607,-11.643856189774723
2,ENG24,1,1,G10,837S1265,3200,80.917623,-11.643856189774723
2,ENG24,2,1,G11,837S1265,3200,83.889468,-11.643856189774723
2,ENG24,3,1,G12,837S1265,3200,74.504692,-11.643856189774723
2,ENG24,1,2,A1,837S1271,50,99.740709,-5.643856189774724
2,ENG24,2,2,A2,837S1271,50,99.135696,-5.643856189774724
2,ENG24,3,2,A3,837S1271,50,99.567848,-5.643856189774724
2,ENG24,1,2,A4,837S1274,50,99.740709,-5.643856189774724
2,ENG24,2,2,A5,837S1274,50,99.654278,-5.643856189774724
2,ENG24,3,2,A6,837S1274,50,99.913570000000007,-5.643856189774724
2,ENG24,1,2,A7,837S1278,50,27.312014,-5.643856189774724
2,ENG24,2,2,A8,837S1278,50,34.6586,-5.643856189774724
2,ENG24,3,2,A9,837S1278,50,26.44771,-5.643856189774724
2,ENG24,1,2,A10,837S1279,50,43.042351,-5.643856189774724
2,ENG24,2,2,A11,837S1279,50,54.105445,-5.643856189774724
2,ENG24,3,2,A12,837S1279,50,46.84529,-5.643856189774724
2,ENG24,1,2,B1,837S1271,100,99.394987,-6.643856189774724
2,ENG24,2,2,B2,837S1271,100,92.826275,-6.643856189774724
2,ENG24,3,2,B3,837S1271,100,98.789974,-6.643856189774724
2,ENG24,1,2,B4,837S1274,100,99.654278,-6.643856189774724
2,ENG24,2,2,B5,837S1274,100,99.740709,-6.643856189774724
2,ENG24,3,2,B6,837S1274,100,99.654278,-6.643856189774724
2,ENG24,1,2,B7,837S1278,100,19.878997,-6.643856189774724
2,ENG24,2,2,B8,837S1278,100,30.250648,-6.643856189774724
2,ENG24,3,2,B9,837S1278,100,11.840968,-6.643856189774724
2,ENG24,1,2,B10,837S1279,100,40.622299,-6.643856189774724
2,ENG24,2,2,B11,837S1279,100,45.116681,-6.643856189774724
2,ENG24,3,2,B12,837S1279,100,49.351772,-6.643856189774724
2,ENG24,1,2,C1,837S1271,200,98.0121,-7.643856189774724
2,ENG24,2,2,C2,837S1271,200,77.700951,-7.643856189774724
2,ENG24,3,2,C3,837S1271,200,97.579948,-7.643856189774724
2,ENG24,1,2,C4,837S1274,200,99.913570000000007,-7.643856189774724
2,ENG24,2,2,C5,837S1274,200,99.913570000000007,-7.643856189774724
2,ENG24,3,2,C6,837S1274,200,99.654278,-7.643856189774724
2,ENG24,1,2,C7,837S1278,200,25.064823,-7.643856189774724
2,ENG24,2,2,C8,837S1278,200,36.81936,-7.643856189774724
2,ENG24,3,2,C9,837S1278,200,36.6465,-7.643856189774724
2,ENG24,1,2,C10,837S1279,200,51.771824,-7.643856189774724
2,ENG24,2,2,C11,837S1279,200,48.746759,-7.643856189774724
2,ENG24,3,2,C12,837S1279,200,51.426102,-7.643856189774724
2,ENG24,1,2,D1,837S1271,400,92.739844,-8.643856189774725
2,ENG24,2,2,D2,837S1271,400,67.242869,-8.643856189774725
2,ENG24,3,2,D3,837S1271,400,88.504754,-8.643856189774725
2,ENG24,1,2,D4,837S1274,400,99.913570000000007,-8.643856189774725
2,ENG24,2,2,D5,837S1274,400,99.827139,-8.643856189774725
2,ENG24,3,2,D6,837S1274,400,99.654278,-8.643856189774725
2,ENG24,1,2,D7,837S1278,400,18.150389,-8.643856189774725
2,ENG24,2,2,D8,837S1278,400,58.599827,-8.643856189774725
2,ENG24,3,2,D9,837S1278,400,21.780467,-8.643856189774725
2,ENG24,1,2,D10,837S1279,400,37.078652,-8.643856189774725
2,ENG24,2,2,D11,837S1279,400,53.15471,-8.643856189774725
2,ENG24,3,2,D12,837S1279,400,17.113224,-8.643856189774725
2,ENG24,1,2,E1,837S1271,800,83.232498,-9.643856189774723
2,ENG24,2,2,E2,837S1271,800,52.549697,-9.643856189774723
2,ENG24,3,2,E3,837S1271,800,81.158168,-9.643856189774723
2,ENG24,1,2,E4,837S1274,800,99.394987,-9.643856189774723
2,ENG24,2,2,E5,837S1274,800,99.135696,-9.643856189774723
2,ENG24,3,2,E6,837S1274,800,99.049265,-9.643856189774723
2,ENG24,1,2,E7,837S1278,800,25.237684,-9.643856189774723
2,ENG24,2,2,E8,837S1278,800,36.127917,-9.643856189774723
2,ENG24,3,2,E9,837S1278,800,16.940363,-9.643856189774723
2,ENG24,1,2,E10,837S1279,800,35.263613,-9.643856189774723
2,ENG24,2,2,E11,837S1279,800,50.821089,-9.643856189774723
2,ENG24,3,2,E12,837S1279,800,39.671564,-9.643856189774723
2,ENG24,1,2,F1,837S1271,1600,75.021608,-10.643856189774723
2,ENG24,2,2,F2,837S1271,1600,27.398444,-10.643856189774723
2,ENG24,3,2,F3,837S1271,1600,54.796889,-10.643856189774723
2,ENG24,1,2,F4,837S1274,1600,97.320657,-10.643856189774723
2,ENG24,2,2,F5,837S1274,1600,96.456352999999993,-10.643856189774723
2,ENG24,3,2,F6,837S1274,1600,96.369922,-10.643856189774723
2,ENG24,1,2,F7,837S1278,1600,53.15471,-10.643856189774723
2,ENG24,2,2,F8,837S1278,1600,42.264477,-10.643856189774723
2,ENG24,3,2,F9,837S1278,1600,16.42178,-10.643856189774723
2,ENG24,3,2,F10,837S1279,1600,38.461538,-10.643856189774723
2,ENG24,3,2,F11,837S1279,1600,43.128781,-10.643856189774723
2,ENG24,3,2,F12,837S1279,1600,19.619706,-10.643856189774723
2,ENG24,1,2,G1,837S1271,3200,52.549697,-11.643856189774723
2,ENG24,2,2,G2,837S1271,3200,25.151253,-11.643856189774723
2,ENG24,3,2,G3,837S1271,3200,32.152118,-11.643856189774723
2,ENG24,1,2,G4,837S1274,3200,90.751945,-11.643856189774723
2,ENG24,2,2,G5,837S1274,3200,89.88764,-11.643856189774723
2,ENG24,3,2,G6,837S1274,3200,87.899741,-11.643856189774723
2,ENG24,1,2,G7,837S1278,3200,17.977528,-11.643856189774723
2,ENG24,2,2,G8,837S1278,3200,36.560069,-11.643856189774723
2,ENG24,3,2,G9,837S1278,3200,6.22299,-11.643856189774723
2,ENG24,1,2,G10,837S1279,3200,25.151253,-11.643856189774723
2,ENG24,2,2,G11,837S1279,3200,40.017286,-11.643856189774723
2,ENG24,3,2,G12,837S1279,3200,-3.889369,-11.643856189774723
2,ENG24,1,3,A1,837S1289,50,61.529089,-5.643856189774724
2,ENG24,2,3,A2,837S1289,50,40.146208,-5.643856189774724
2,ENG24,3,3,A3,837S1289,50,46.999695,-5.643856189774724
2,ENG24,1,3,A4,837S1296,50,73.682607,-5.643856189774724
2,ENG24,2,3,A5,837S1296,50,81.267134,-5.643856189774724
2,ENG24,3,3,A6,837S1296,50,76.149863,-5.643856189774724
2,ENG24,1,3,A7,837S1302,50,100,-5.643856189774724
2,ENG24,2,3,A8,837S1302,50,99.90862,-5.643856189774724
2,ENG24,3,3,A9,837S1302,50,99.81724,-5.643856189774724
2,ENG24,1,3,A10,837S1304,50,52.025586,-5.643856189774724
2,ENG24,2,3,A11,837S1304,50,53.761803,-5.643856189774724
2,ENG24,3,3,A12,837S1304,50,50.10661,-5.643856189774724
2,ENG24,1,3,B1,837S1289,100,51.934207,-6.643856189774724
2,ENG24,2,3,B2,837S1289,100,25.525434,-6.643856189774724
2,ENG24,3,3,B3,837S1289,100,32.378922,-6.643856189774724
2,ENG24,1,3,B4,837S1296,100,66.280841,-6.643856189774724
2,ENG24,2,3,B5,837S1296,100,63.722205,-6.643856189774724
2,ENG24,3,3,B6,837S1296,100,66.189461,-6.643856189774724
2,ENG24,1,3,B7,837S1302,100,99.451721,-6.643856189774724
2,ENG24,2,3,B8,837S1302,100,99.81724,-6.643856189774724
2,ENG24,3,3,B9,837S1302,100,99.634481,-6.643856189774724
2,ENG24,1,3,B10,837S1304,100,51.568687,-6.643856189774724
2,ENG24,2,3,B11,837S1304,100,58.604935,-6.643856189774724
2,ENG24,3,3,B12,837S1304,100,42.430704,-6.643856189774724
2,ENG24,1,3,C1,837S1289,200,42.247944,-7.643856189774724
2,ENG24,2,3,C2,837S1289,200,16.021931,-7.643856189774724
2,ENG24,3,3,C3,837S1289,200,22.14438,-7.643856189774724
2,ENG24,1,3,C4,837S1296,200,38.318611,-7.643856189774724
2,ENG24,2,3,C5,837S1296,200,44.2583,-7.643856189774724
2,ENG24,3,3,C6,837S1296,200,43.984161,-7.643856189774724
2,ENG24,1,3,C7,837S1302,200,99.086202,-7.643856189774724
2,ENG24,2,3,C8,837S1302,200,100,-7.643856189774724
2,ENG24,3,3,C9,837S1302,200,99.81724,-7.643856189774724
2,ENG24,1,3,C10,837S1304,200,36.582394,-7.643856189774724
2,ENG24,2,3,C11,837S1304,200,53.670423,-7.643856189774724
2,ENG24,3,3,C12,837S1304,200,50.19799,-7.643856189774724
2,ENG24,1,3,D1,837S1289,400,43.710021,-8.643856189774725
2,ENG24,2,3,D2,837S1289,400,34.023759,-8.643856189774725
2,ENG24,3,3,D3,837S1289,400,25.068535,-8.643856189774725
2,ENG24,1,3,D4,837S1296,400,33.749619,-8.643856189774725
2,ENG24,2,3,D5,837S1296,400,28.906488,-8.643856189774725
2,ENG24,3,3,D6,837S1296,400,43.984161,-8.643856189774725
2,ENG24,1,3,D7,837S1302,400,99.543101,-8.643856189774725
2,ENG24,2,3,D8,837S1302,400,99.086202,-8.643856189774725
2,ENG24,3,3,D9,837S1302,400,99.72586,-8.643856189774725
2,ENG24,1,3,D10,837S1304,400,39.323789,-8.643856189774725
2,ENG24,2,3,D11,837S1304,400,60.88943,-8.643856189774725
2,ENG24,3,3,D12,837S1304,400,41.699665,-8.643856189774725
2,ENG24,1,3,E1,837S1289,800,42.430704,-9.643856189774723
2,ENG24,2,3,E2,837S1289,800,37.130673,-9.643856189774723
2,ENG24,3,3,E3,837S1289,800,44.53244,-9.643856189774723
2,ENG24,1,3,E4,837S1296,800,63.813585,-9.643856189774723
2,ENG24,2,3,E5,837S1296,800,39.872068,-9.643856189774723
2,ENG24,3,3,E6,837S1296,800,47.913494,-9.643856189774723
2,ENG24,1,3,E7,837S1302,800,95.431008,-9.643856189774723
2,ENG24,2,3,E8,837S1302,800,98.263783,-9.643856189774723
2,ENG24,3,3,E9,837S1302,800,99.268961,-9.643856189774723
2,ENG24,1,3,E10,837S1304,800,37.587572,-9.643856189774723
2,ENG24,2,3,E11,837S1304,800,51.751447,-9.643856189774723
2,ENG24,3,3,E12,837S1304,800,23.332318,-9.643856189774723
2,ENG24,1,3,F1,837S1289,1600,35.759976,-10.643856189774723
2,ENG24,2,3,F2,837S1289,1600,32.470302,-10.643856189774723
2,ENG24,3,3,F3,837S1289,1600,38.86689,-10.643856189774723
2,ENG24,1,3,F4,837S1296,1600,56.503198,-10.643856189774723
2,ENG24,2,3,F5,837S1296,1600,35.668596,-10.643856189774723
2,ENG24,3,3,F6,837S1296,1600,31.465123,-10.643856189774723
2,ENG24,1,3,F7,837S1302,1600,88.6689,-10.643856189774723
2,ENG24,2,3,F8,837S1302,1600,93.694791,-10.643856189774723
2,ENG24,3,3,F9,837S1302,1600,93.603412,-10.643856189774723
2,ENG24,3,3,F10,837S1304,1600,48.553153,-10.643856189774723
2,ENG24,3,3,F11,837S1304,1600,48.553153,-10.643856189774723
2,ENG24,3,3,F12,837S1304,1600,35.211697,-10.643856189774723
2,ENG24,1,3,G1,837S1289,3200,31.008224,-11.643856189774723
2,ENG24,2,3,G2,837S1289,3200,22.41852,-11.643856189774723
2,ENG24,3,3,G3,837S1289,3200,29.820286,-11.643856189774723
2,ENG24,1,3,G4,837S1296,3200,40.877246,-11.643856189774723
2,ENG24,2,3,G5,837S1296,3200,34.115139,-11.643856189774723
2,ENG24,3,3,G6,837S1296,3200,39.963448,-11.643856189774723
2,ENG24,1,3,G7,837S1302,3200,77.7947,-11.643856189774723
2,ENG24,2,3,G8,837S1302,3200,81.815413,-11.643856189774723
2,ENG24,3,3,G9,837S1302,3200,76.606762,-11.643856189774723
2,ENG24,1,3,G10,837S1304,3200,31.373744,-11.643856189774723
2,ENG24,2,3,G11,837S1304,3200,45.263479,-11.643856189774723
2,ENG24,3,3,G12,837S1304,3200,23.332318,-11.643856189774723
2,ENG24,1,4,A1,837S1311,50,90.411559,-5.643856189774724
2,ENG24,2,4,A2,837S1311,50,84.632224,-5.643856189774724
2,ENG24,3,4,A3,837S1311,50,81.873905,-5.643856189774724
2,ENG24,1,4,A4,837S1316,50,85.683012,-5.643856189774724
2,ENG24,2,4,A5,837S1316,50,90.148862,-5.643856189774724
2,ENG24,3,4,A6,837S1316,50,89.492119,-5.643856189774724
2,ENG24,1,4,A7,837S1320,3200,-15.980736,-5.643856189774724
2,ENG24,2,4,A8,837S1320,3200,18.432574,-5.643856189774724
2,ENG24,3,4,A9,837S1320,3200,-1.138354,-5.643856189774724
2,ENG24,1,4,A10,837S1324,50,90.148862,-5.643856189774724
2,ENG24,2,4,A11,837S1324,50,90.148862,-5.643856189774724
2,ENG24,3,4,A12,837S1324,50,87.521891,-5.643856189774724
2,ENG24,1,4,B1,837S1311,100,74.124343,-6.643856189774724
2,ENG24,2,4,B2,837S1311,100,70.052539,-6.643856189774724
2,ENG24,3,4,B3,837S1311,100,65.980736,-6.643856189774724
2,ENG24,1,4,B4,837S1316,100,83.056042,-6.643856189774724
2,ENG24,2,4,B5,837S1316,100,80.297723,-6.643856189774724
2,ENG24,3,4,B6,837S1316,100,82.005254,-6.643856189774724
2,ENG24,1,4,B7,837S1320,1600,22.110333,-6.643856189774724
2,ENG24,2,4,B8,837S1320,1600,40.499124,-6.643856189774724
2,ENG24,3,4,B9,837S1320,1600,-6.392294,-6.643856189774724
2,ENG24,1,4,B10,837S1324,100,80.56042,-6.643856189774724
2,ENG24,2,4,B11,837S1324,100,79.772329,-6.643856189774724
2,ENG24,3,4,B12,837S1324,100,76.357268,-6.643856189774724
2,ENG24,1,4,C1,837S1311,200,61.120841,-7.643856189774724
2,ENG24,2,4,C2,837S1311,200,56.917688,-7.643856189774724
2,ENG24,3,4,C3,837S1311,200,54.422067,-7.643856189774724
2,ENG24,1,4,C4,837S1316,200,72.810858,-7.643856189774724
2,ENG24,2,4,C5,837S1316,200,65.192644,-7.643856189774724
2,ENG24,3,4,C6,837S1316,200,72.022767,-7.643856189774724
2,ENG24,1,4,C7,837S1320,800,36.164623,-7.643856189774724
2,ENG24,2,4,C8,837S1320,800,43.52014,-7.643856189774724
2,ENG24,3,4,C9,837S1320,800,16.725044,-7.643856189774724
2,ENG24,1,4,C10,837S1324,200,67.950963,-7.643856189774724
2,ENG24,2,4,C11,837S1324,200,71.234676,-7.643856189774724
2,ENG24,3,4,C12,837S1324,200,60.989492,-7.643856189774724
2,ENG24,1,4,D1,837S1311,400,43.782837,-8.643856189774725
2,ENG24,2,4,D2,837S1311,400,42.600701,-8.643856189774725
2,ENG24,3,4,D3,837S1311,400,48.117338,-8.643856189774725
2,ENG24,1,4,D4,837S1316,400,66.50613,-8.643856189774725
2,ENG24,2,4,D5,837S1316,400,60.070053,-8.643856189774725
2,ENG24,3,4,D6,837S1316,400,61.514886,-8.643856189774725
2,ENG24,1,4,D7,837S1320,400,47.591944,-8.643856189774725
2,ENG24,2,4,D8,837S1320,400,68.21366,-8.643856189774725
2,ENG24,3,4,D9,837S1320,400,37.609457,-8.643856189774725
2,ENG24,1,4,D10,837S1324,400,62.171629,-8.643856189774725
2,ENG24,2,4,D11,837S1324,400,67.031524,-8.643856189774725
2,ENG24,3,4,D12,837S1324,400,27.495622,-8.643856189774725
2,ENG24,1,4,E1,837S1311,800,29.465849,-9.643856189774723
2,ENG24,2,4,E2,837S1311,800,31.304729,-9.643856189774723
2,ENG24,3,4,E3,837S1311,800,39.448336,-9.643856189774723
2,ENG24,1,4,E4,837S1316,800,62.171629,-9.643856189774723
2,ENG24,2,4,E5,837S1316,800,48.380035,-9.643856189774723
2,ENG24,3,4,E6,837S1316,800,45.096322,-9.643856189774723
2,ENG24,1,4,E7,837S1320,200,27.889667,-9.643856189774723
2,ENG24,2,4,E8,837S1320,200,55.472855,-9.643856189774723
2,ENG24,3,4,E9,837S1320,200,50.218914,-9.643856189774723
2,ENG24,1,4,E10,837S1324,800,52.845884,-9.643856189774723
2,ENG24,2,4,E11,837S1324,800,60.201401,-9.643856189774723
2,ENG24,3,4,E12,837S1324,800,31.042032,-9.643856189774723
2,ENG24,1,4,F1,837S1311,1600,29.071804,-10.643856189774723
2,ENG24,2,4,F2,837S1311,1600,33.931699,-10.643856189774723
2,ENG24,3,4,F3,837S1311,1600,24.343257,-10.643856189774723
2,ENG24,1,4,F4,837S1316,1600,46.672504000000004,-10.643856189774723
2,ENG24,2,4,F5,837S1316,1600,35.376532,-10.643856189774723
2,ENG24,3,4,F6,837S1316,1600,34.063047,-10.643856189774723
2,ENG24,1,4,F7,837S1320,100,64.141856,-10.643856189774723
2,ENG24,2,4,F8,837S1320,100,43.126095,-10.643856189774723
2,ENG24,3,4,F9,837S1320,100,26.313485,-10.643856189774723
2,ENG24,3,4,F10,837S1324,1600,52.977233,-10.643856189774723
2,ENG24,3,4,F11,837S1324,1600,38.528897,-10.643856189774723
2,ENG24,3,4,F12,837S1324,1600,-25.700525,-10.643856189774723
2,ENG24,1,4,G1,837S1311,3200,19.220665,-11.643856189774723
2,ENG24,2,4,G2,837S1311,3200,24.737303,-11.643856189774723
2,ENG24,3,4,G3,837S1311,3200,16.19965,-11.643856189774723
2,ENG24,1,4,G4,837S1316,3200,43.388792,-11.643856189774723
2,ENG24,2,4,G5,837S1316,3200,31.304729,-11.643856189774723
2,ENG24,3,4,G6,837S1316,3200,44.308231,-11.643856189774723
2,ENG24,1,4,G7,837S1320,50,20.665499,-11.643856189774723
2,ENG24,2,4,G8,837S1320,50,48.774081,-11.643856189774723
2,ENG24,3,4,G9,837S1320,50,17.90718,-11.643856189774723
2,ENG24,1,4,G10,837S1324,3200,44.570928,-11.643856189774723
2,ENG24,2,4,G11,837S1324,3200,44.308231,-11.643856189774723
2,ENG24,3,4,G12,837S1324,3200,18.169877,-11.643856189774723
2,ENG24,1,5,A1,837S1336,50,86.956522,-5.643856189774724
2,ENG24,2,5,A2,837S1336,50,82.028986,-5.643856189774724
2,ENG24,3,5,A3,837S1336,50,79.710145,-5.643856189774724
2,ENG24,1,5,A4,837S1343,50,99.613527,-5.643856189774724
2,ENG24,2,5,A5,837S1343,50,99.806763,-5.643856189774724
2,ENG24,3,5,A6,837S1343,50,99.227053,-5.643856189774724
2,ENG24,1,5,A7,837S1353,50,36.425121,-5.643856189774724
2,ENG24,2,5,A8,837S1353,50,53.623188,-5.643856189774724
2,ENG24,3,5,A9,837S1353,50,37.584541,-5.643856189774724
2,ENG24,1,5,A10,837S1355,50,71.690821,-5.643856189774724
2,ENG24,2,5,A11,837S1355,50,69.468599,-5.643856189774724
2,ENG24,3,5,A12,837S1355,50,66.376812,-5.643856189774724
2,ENG24,1,5,B1,837S1336,100,74.68599,-6.643856189774724
2,ENG24,2,5,B2,837S1336,100,62.801932,-6.643856189774724
2,ENG24,3,5,B3,837S1336,100,59.903382,-6.643856189774724
2,ENG24,1,5,B4,837S1343,100,97.101449,-6.643856189774724
2,ENG24,2,5,B5,837S1343,100,97.004831,-6.643856189774724
2,ENG24,3,5,B6,837S1343,100,97.681159,-6.643856189774724
2,ENG24,1,5,B7,837S1353,100,16.328502,-6.643856189774724
2,ENG24,2,5,B8,837S1353,100,38.743961,-6.643856189774724
2,ENG24,3,5,B9,837S1353,100,30.048309,-6.643856189774724
2,ENG24,1,5,B10,837S1355,100,68.985507,-6.643856189774724
2,ENG24,2,5,B11,837S1355,100,66.280193,-6.643856189774724
2,ENG24,3,5,B12,837S1355,100,59.903382,-6.643856189774724
2,ENG24,1,5,C1,837S1336,200,61.352657,-7.643856189774724
2,ENG24,2,5,C2,837S1336,200,51.400966,-7.643856189774724
2,ENG24,3,5,C3,837S1336,200,41.642512,-7.643856189774724
2,ENG24,1,5,C4,837S1343,200,83.864734,-7.643856189774724
2,ENG24,2,5,C5,837S1343,200,88.21256,-7.643856189774724
2,ENG24,3,5,C6,837S1343,200,85.410628,-7.643856189774724
2,ENG24,1,5,C7,837S1353,200,27.729469,-7.643856189774724
2,ENG24,2,5,C8,837S1353,200,40.096618,-7.643856189774724
2,ENG24,3,5,C9,837S1353,200,50.338164,-7.643856189774724
2,ENG24,1,5,C10,837S1355,200,59.806763,-7.643856189774724
2,ENG24,2,5,C11,837S1355,200,60.289855,-7.643856189774724
2,ENG24,3,5,C12,837S1355,200,60.57971,-7.643856189774724
2,ENG24,1,5,D1,837S1336,400,47.826087,-8.643856189774725
2,ENG24,2,5,D2,837S1336,400,36.231884,-8.643856189774725
2,ENG24,3,5,D3,837S1336,400,40.57971,-8.643856189774725
2,ENG24,1,5,D4,837S1343,400,47.729469,-8.643856189774725
2,ENG24,2,5,D5,837S1343,400,48.888889,-8.643856189774725
2,ENG24,3,5,D6,837S1343,400,51.207729,-8.643856189774725
2,ENG24,1,5,D7,837S1353,400,15.072464,-8.643856189774725
2,ENG24,2,5,D8,837S1353,400,45.217391,-8.643856189774725
2,ENG24,3,5,D9,837S1353,400,27.05314,-8.643856189774725
2,ENG24,1,5,D10,837S1355,400,55.748792,-8.643856189774725
2,ENG24,2,5,D11,837S1355,400,55.072464,-8.643856189774725
2,ENG24,3,5,D12,837S1355,400,41.73913,-8.643856189774725
2,ENG24,1,5,E1,837S1336,800,43.864734,-9.643856189774723
2,ENG24,2,5,E2,837S1336,800,30.917874,-9.643856189774723
2,ENG24,3,5,E3,837S1336,800,19.903382,-9.643856189774723
2,ENG24,1,5,E4,837S1343,800,-31.400966,-9.643856189774723
2,ENG24,2,5,E5,837S1343,800,-22.705314,-9.643856189774723
2,ENG24,3,5,E6,837S1343,800,-13.140097,-9.643856189774723
2,ENG24,1,5,E7,837S1353,800,42.318841,-9.643856189774723
2,ENG24,2,5,E8,837S1353,800,60.096618,-9.643856189774723
2,ENG24,3,5,E9,837S1353,800,29.951691,-9.643856189774723
2,ENG24,1,5,E10,837S1355,800,47.63285,-9.643856189774723
2,ENG24,2,5,E11,837S1355,800,53.623188,-9.643856189774723
2,ENG24,3,5,E12,837S1355,800,32.36715,-9.643856189774723
2,ENG24,1,5,F1,837S1336,1600,30.048309,-10.643856189774723
2,ENG24,2,5,F2,837S1336,1600,24.7343,-10.643856189774723
2,ENG24,3,5,F3,837S1336,1600,10.628019,-10.643856189774723
2,ENG24,1,5,F4,837S1343,1600,-87.439614,-10.643856189774723
2,ENG24,2,5,F5,837S1343,1600,-67.536232,-10.643856189774723
2,ENG24,3,5,F6,837S1343,1600,-64.154589,-10.643856189774723
2,ENG24,1,5,F7,837S1353,1600,14.10628,-10.643856189774723
2,ENG24,2,5,F8,837S1353,1600,37.971014,-10.643856189774723
2,ENG24,3,5,F9,837S1353,1600,9.371981,-10.643856189774723
2,ENG24,3,5,F10,837S1355,1600,32.94686,-10.643856189774723
2,ENG24,3,5,F11,837S1355,1600,24.830918,-10.643856189774723
2,ENG24,3,5,F12,837S1355,1600,29.275362,-10.643856189774723
2,ENG24,1,5,G1,837S1336,3200,35.555556,-11.643856189774723
2,ENG24,2,5,G2,837S1336,3200,28.019324,-11.643856189774723
2,ENG24,3,5,G3,837S1336,3200,7.05314,-11.643856189774723
2,ENG24,1,5,G4,837S1343,3200,-92.850242,-11.643856189774723
2,ENG24,2,5,G5,837S1343,3200,-75.169082,-11.643856189774723
2,ENG24,3,5,G6,837S1343,3200,-77.198068,-11.643856189774723
2,ENG24,1,5,G7,837S1353,3200,-18.357488,-11.643856189774723
2,ENG24,2,5,G8,837S1353,3200,43.381643,-11.643856189774723
2,ENG24,3,5,G9,837S1353,3200,-7.826087,-11.643856189774723
2,ENG24,1,5,G10,837S1355,3200,39.033816,-11.643856189774723
2,ENG24,2,5,G11,837S1355,3200,38.357488,-11.643856189774723
2,ENG24,3,5,G12,837S1355,3200,22.995169,-11.643856189774723
2,ENG24,1,6,A1,837S1364,50,83.559976,-5.643856189774724
2,ENG24,2,6,A2,837S1364,50,86.543536,-5.643856189774724
2,ENG24,3,6,A3,837S1364,50,83.438198,-5.643856189774724
2,ENG24,1,6,A4,837S1374,50,99.573777,-5.643856189774724
2,ENG24,2,6,A5,837S1374,50,100,-5.643856189774724
2,ENG24,3,6,A6,837S1374,50,100,-5.643856189774724
2,ENG24,1,6,A7,837S1382,50,54.08971,-5.643856189774724
2,ENG24,2,6,A8,837S1382,50,60.300386,-5.643856189774724
2,ENG24,3,6,A9,837S1382,50,58.717272,-5.643856189774724
2,ENG24,1,6,A10,837S1392,50,50.314593,-5.643856189774724
2,ENG24,2,6,A11,837S1392,50,53.359042,-5.643856189774724
2,ENG24,3,6,A12,837S1392,50,57.134159,-5.643856189774724
2,ENG24,1,6,B1,837S1364,100,73.695961,-6.643856189774724
2,ENG24,2,6,B2,837S1364,100,75.583519,-6.643856189774724
2,ENG24,3,6,B3,837S1364,100,75.461741,-6.643856189774724
2,ENG24,1,6,B4,837S1374,100,99.451999,-6.643856189774724
2,ENG24,2,6,B5,837S1374,100,99.817333,-6.643856189774724
2,ENG24,3,6,B6,837S1374,100,99.878222,-6.643856189774724
2,ENG24,1,6,B7,837S1382,100,37.040796,-6.643856189774724
2,ENG24,2,6,B8,837S1382,100,45.808809,-6.643856189774724
2,ENG24,3,6,B9,837S1382,100,33.81368,-6.643856189774724
2,ENG24,1,6,B10,837S1392,100,30.343008,-6.643856189774724
2,ENG24,2,6,B11,837S1392,100,46.843921,-6.643856189774724
2,ENG24,3,6,B12,837S1392,100,34.361681,-6.643856189774724
2,ENG24,1,6,C1,837S1364,200,66.754617,-7.643856189774724
2,ENG24,2,6,C2,837S1364,200,62.918612,-7.643856189774724
2,ENG24,3,6,C3,837S1364,200,57.560382,-7.643856189774724
2,ENG24,1,6,C4,837S1374,200,99.695555,-7.643856189774724
2,ENG24,2,6,C5,837S1374,200,99.634666,-7.643856189774724
2,ENG24,3,6,C6,837S1374,200,99.756444,-7.643856189774724
2,ENG24,1,6,C7,837S1382,200,38.684798,-7.643856189774724
2,ENG24,2,6,C8,837S1382,200,32.474122,-7.643856189774724
2,ENG24,3,6,C9,837S1382,200,23.888776,-7.643856189774724
2,ENG24,1,6,C10,837S1392,200,30.586564,-7.643856189774724
2,ENG24,2,6,C11,837S1392,200,39.293688,-7.643856189774724
2,ENG24,3,6,C12,837S1392,200,29.186117,-7.643856189774724
2,ENG24,1,6,D1,837S1364,400,52.932819,-8.643856189774725
2,ENG24,2,6,D2,837S1364,400,52.811041,-8.643856189774725
2,ENG24,3,6,D3,837S1364,400,48.670591,-8.643856189774725
2,ENG24,1,6,D4,837S1374,400,99.39111,-8.643856189774725
2,ENG24,2,6,D5,837S1374,400,99.817333,-8.643856189774725
2,ENG24,3,6,D6,837S1374,400,99.512888,-8.643856189774725
2,ENG24,1,6,D7,837S1382,400,36.18835,-8.643856189774725
2,ENG24,2,6,D8,837S1382,400,43.31236,-8.643856189774725
2,ENG24,3,6,D9,837S1382,400,21.209661,-8.643856189774725
2,ENG24,1,6,D10,837S1392,400,23.279886,-8.643856189774725
2,ENG24,2,6,D11,837S1392,400,36.127461,-8.643856189774725
2,ENG24,3,6,D12,837S1392,400,20.600771,-8.643856189774725
2,ENG24,1,6,E1,837S1364,800,40.450578,-9.643856189774723
2,ENG24,2,6,E2,837S1364,800,38.989243,-9.643856189774723
2,ENG24,3,6,E3,837S1364,800,36.675462,-9.643856189774723
2,ENG24,1,6,E4,837S1374,800,99.451999,-9.643856189774723
2,ENG24,2,6,E5,837S1374,800,99.451999,-9.643856189774723
2,ENG24,3,6,E6,837S1374,800,99.39111,-9.643856189774723
2,ENG24,1,6,E7,837S1382,800,14.268317,-9.643856189774723
2,ENG24,2,6,E8,837S1382,800,37.101685,-9.643856189774723
2,ENG24,3,6,E9,837S1382,800,20.235437,-9.643856189774723
2,ENG24,1,6,E10,837S1392,800,26.62878,-9.643856189774723
2,ENG24,2,6,E11,837S1392,800,24.558555,-9.643856189774723
2,ENG24,3,6,E12,837S1392,800,39.7808,-9.643856189774723
2,ENG24,1,6,F1,837S1364,1600,43.251471,-10.643856189774723
2,ENG24,2,6,F2,837S1364,1600,31.317232,-10.643856189774723
2,ENG24,3,6,F3,837S1364,1600,25.959001,-10.643856189774723
2,ENG24,1,6,F4,837S1374,1600,97.807997,-10.643856189774723
2,ENG24,2,6,F5,837S1374,1600,98.721331,-10.643856189774723
2,ENG24,3,6,F6,837S1374,1600,98.416887,-10.643856189774723
2,ENG24,1,6,F7,837S1382,1600,6.109194,-10.643856189774723
2,ENG24,2,6,F8,837S1382,1600,17.373655,-10.643856189774723
2,ENG24,3,6,F9,837S1382,1600,26.62878,-10.643856189774723
2,ENG24,3,6,F10,837S1392,1600,31.499899,-10.643856189774723
2,ENG24,3,6,F11,837S1392,1600,26.689669,-10.643856189774723
2,ENG24,3,6,F12,837S1392,1600,7.874975,-10.643856189774723
2,ENG24,1,6,G1,837S1364,3200,40.085245,-11.643856189774723
2,ENG24,2,6,G2,837S1364,3200,20.357215,-11.643856189774723
2,ENG24,3,6,G3,837S1364,3200,17.130099,-11.643856189774723
2,ENG24,1,6,G4,837S1374,3200,94.093769,-11.643856189774723
2,ENG24,2,6,G5,837S1374,3200,93.667546,-11.643856189774723
2,ENG24,3,6,G6,837S1374,3200,95.067993,-11.643856189774723
2,ENG24,1,6,G7,837S1382,3200,6.048305,-11.643856189774723
2,ENG24,2,6,G8,837S1382,3200,17.434544,-11.643856189774723
2,ENG24,3,6,G9,837S1382,3200,12.867871,-11.643856189774723
2,ENG24,1,6,G10,837S1392,3200,16.703877,-11.643856189774723
2,ENG24,2,6,G11,837S1392,3200,32.5959,-11.643856189774723
2,ENG24,3,6,G12,837S1392,3200,20.844327,-11.643856189774723
2,ENG25,1,1,A1,837S1255,50,94.258121,-5.643856189774724
2,ENG25,2,1,A2,837S1255,50,90.834065,-5.643856189774724
2,ENG25,3,1,A3,837S1255,50,91.992976,-5.643856189774724
2,ENG25,1,1,A4,837S1261,50,92.309043,-5.643856189774724
2,ENG25,2,1,A5,837S1261,50,93.625988,-5.643856189774724
2,ENG25,3,1,A6,837S1261,50,91.940299,-5.643856189774724
2,ENG25,1,1,A7,837S1263,50,95.838455,-5.643856189774724
2,ENG25,2,1,A8,837S1263,50,95.417032,-5.643856189774724
2,ENG25,3,1,A9,837S1263,50,95.258999,-5.643856189774724
2,ENG25,1,1,A10,837S1265,50,95.048288,-5.643856189774724
2,ENG25,2,1,A11,837S1265,50,95.417032,-5.643856189774724
2,ENG25,3,1,A12,837S1265,50,94.942932,-5.643856189774724
2,ENG25,1,1,B1,837S1255,100,88.56892,-6.643856189774724
2,ENG25,2,1,B2,837S1255,100,83.301141,-6.643856189774724
2,ENG25,3,1,B3,837S1255,100,84.565408,-6.643856189774724
2,ENG25,1,1,B4,837S1261,100,84.618086,-6.643856189774724
2,ENG25,2,1,B5,837S1261,100,88.937665,-6.643856189774724
2,ENG25,3,1,B6,837S1261,100,87.673398,-6.643856189774724
2,ENG25,1,1,B7,837S1263,100,90.254609,-6.643856189774724
2,ENG25,2,1,B8,837S1263,100,93.309921,-6.643856189774724
2,ENG25,3,1,B9,837S1263,100,89.306409,-6.643856189774724
2,ENG25,1,1,B10,837S1265,100,89.095698,-6.643856189774724
2,ENG25,2,1,B11,837S1265,100,91.518876,-6.643856189774724
2,ENG25,3,1,B12,837S1265,100,90.886743,-6.643856189774724
2,ENG25,1,1,C1,837S1255,200,76.18964,-7.643856189774724
2,ENG25,2,1,C2,837S1255,200,69.920983,-7.643856189774724
2,ENG25,3,1,C3,837S1255,200,64.75856,-7.643856189774724
2,ENG25,1,1,C4,837S1261,200,72.976295,-7.643856189774724
2,ENG25,2,1,C5,837S1261,200,72.028095,-7.643856189774724
2,ENG25,3,1,C6,837S1261,200,66.760316,-7.643856189774724
2,ENG25,1,1,C7,837S1263,200,79.139596,-7.643856189774724
2,ENG25,2,1,C8,837S1263,200,82.247586,-7.643856189774724
2,ENG25,3,1,C9,837S1263,200,76.927129,-7.643856189774724
2,ENG25,1,1,C10,837S1265,200,78.507463,-7.643856189774724
2,ENG25,2,1,C11,837S1265,200,80.403863,-7.643856189774724
2,ENG25,3,1,C12,837S1265,200,77.453907,-7.643856189774724
2,ENG25,1,1,D1,837S1255,400,69.341528,-8.643856189774725
2,ENG25,2,1,D2,837S1255,400,51.483758,-8.643856189774725
2,ENG25,3,1,D3,837S1255,400,51.378402,-8.643856189774725
2,ENG25,1,1,D4,837S1261,400,50.324846,-8.643856189774725
2,ENG25,2,1,D5,837S1261,400,48.217735,-8.643856189774725
2,ENG25,3,1,D6,837S1261,400,38.1036,-8.643856189774725
2,ENG25,1,1,D7,837S1263,400,58.015803,-8.643856189774725
2,ENG25,2,1,D8,837S1263,400,67.076383,-8.643856189774725
2,ENG25,3,1,D9,837S1263,400,65.390694,-8.643856189774725
2,ENG25,1,1,D10,837S1265,400,58.068481,-8.643856189774725
2,ENG25,2,1,D11,837S1265,400,64.916594,-8.643856189774725
2,ENG25,3,1,D12,837S1265,400,50.114135,-8.643856189774725
2,ENG25,1,1,E1,837S1255,800,50.95698,-9.643856189774723
2,ENG25,2,1,E2,837S1255,800,42.791923,-9.643856189774723
2,ENG25,3,1,E3,837S1255,800,46.795435,-9.643856189774723
2,ENG25,1,1,E4,837S1261,800,43.318701,-9.643856189774723
2,ENG25,2,1,E5,837S1261,800,48.428446,-9.643856189774723
2,ENG25,3,1,E6,837S1261,800,19.455663,-9.643856189774723
2,ENG25,1,1,E7,837S1263,800,51.799824,-9.643856189774723
2,ENG25,2,1,E8,837S1263,800,55.276558,-9.643856189774723
2,ENG25,3,1,E9,837S1263,800,33.362599,-9.643856189774723
2,ENG25,1,1,E10,837S1265,800,41.053556,-9.643856189774723
2,ENG25,2,1,E11,837S1265,800,52.484636,-9.643856189774723
2,ENG25,3,1,E12,837S1265,800,32.256365,-9.643856189774723
2,ENG25,1,1,F1,837S1255,1600,33.731343,-10.643856189774723
2,ENG25,2,1,F2,837S1255,1600,25.250219,-10.643856189774723
2,ENG25,3,1,F3,837S1255,1600,15.71554,-10.643856189774723
2,ENG25,1,1,F4,837S1261,1600,30.517998,-10.643856189774723
2,ENG25,2,1,F5,837S1261,1600,21.510097,-10.643856189774723
2,ENG25,3,1,F6,837S1261,1600,18.296752,-10.643856189774723
2,ENG25,1,1,F7,837S1263,1600,16.979807,-10.643856189774723
2,ENG25,2,1,F8,837S1263,1600,36.470588,-10.643856189774723
2,ENG25,3,1,F9,837S1263,1600,4.75856,-10.643856189774723
2,ENG25,3,1,F10,837S1265,1600,22.774363,-10.643856189774723
2,ENG25,3,1,F11,837S1265,1600,45.373134,-10.643856189774723
2,ENG25,3,1,F12,837S1265,1600,-4.934153,-10.643856189774723
2,ENG25,1,1,G1,837S1255,3200,36.786655,-11.643856189774723
2,ENG25,2,1,G2,837S1255,3200,15.346795,-11.643856189774723
2,ENG25,3,1,G3,837S1255,3200,14.872695,-11.643856189774723
2,ENG25,1,1,G4,837S1261,3200,28.042142,-11.643856189774723
2,ENG25,2,1,G5,837S1261,3200,21.773486,-11.643856189774723
2,ENG25,3,1,G6,837S1261,3200,7.39245,-11.643856189774723
2,ENG25,1,1,G7,837S1263,3200,1.91396,-11.643856189774723
2,ENG25,2,1,G8,837S1263,3200,31.992976,-11.643856189774723
2,ENG25,3,1,G9,837S1263,3200,0.386304,-11.643856189774723
2,ENG25,1,1,G10,837S1265,3200,27.831431,-11.643856189774723
2,ENG25,2,1,G11,837S1265,3200,42.107112,-11.643856189774723
2,ENG25,3,1,G12,837S1265,3200,33.678666,-11.643856189774723
2,ENG25,1,2,A1,837S1271,50,98.65,-5.643856189774724
2,ENG25,2,2,A2,837S1271,50,78.5,-5.643856189774724
2,ENG25,3,2,A3,837S1271,50,98.4,-5.643856189774724
2,ENG25,1,2,A4,837S1274,50,99.75,-5.643856189774724
2,ENG25,2,2,A5,837S1274,50,99.85,-5.643856189774724
2,ENG25,3,2,A6,837S1274,50,99.6,-5.643856189774724
2,ENG25,1,2,A7,837S1278,50,27.05,-5.643856189774724
2,ENG25,2,2,A8,837S1278,50,24.55,-5.643856189774724
2,ENG25,3,2,A9,837S1278,50,21.35,-5.643856189774724
2,ENG25,1,2,A10,837S1279,50,55.8,-5.643856189774724
2,ENG25,2,2,A11,837S1279,50,57.35,-5.643856189774724
2,ENG25,3,2,A12,837S1279,50,58.85,-5.643856189774724
2,ENG25,1,2,B1,837S1271,100,96.6,-6.643856189774724
2,ENG25,2,2,B2,837S1271,100,65.2,-6.643856189774724
2,ENG25,3,2,B3,837S1271,100,95.4,-6.643856189774724
2,ENG25,1,2,B4,837S1274,100,99.35,-6.643856189774724
2,ENG25,2,2,B5,837S1274,100,99.65,-6.643856189774724
2,ENG25,3,2,B6,837S1274,100,98.55,-6.643856189774724
2,ENG25,1,2,B7,837S1278,100,21.2,-6.643856189774724
2,ENG25,2,2,B8,837S1278,100,35.25,-6.643856189774724
2,ENG25,3,2,B9,837S1278,100,18.1,-6.643856189774724
2,ENG25,1,2,B10,837S1279,100,50.8,-6.643856189774724
2,ENG25,2,2,B11,837S1279,100,42.5,-6.643856189774724
2,ENG25,3,2,B12,837S1279,100,47.15,-6.643856189774724
2,ENG25,1,2,C1,837S1271,200,94.65,-7.643856189774724
2,ENG25,2,2,C2,837S1271,200,52.45,-7.643856189774724
2,ENG25,3,2,C3,837S1271,200,90.75,-7.643856189774724
2,ENG25,1,2,C4,837S1274,200,95.75,-7.643856189774724
2,ENG25,2,2,C5,837S1274,200,95.95,-7.643856189774724
2,ENG25,3,2,C6,837S1274,200,95.5,-7.643856189774724
2,ENG25,1,2,C7,837S1278,200,17.3,-7.643856189774724
2,ENG25,2,2,C8,837S1278,200,27,-7.643856189774724
2,ENG25,3,2,C9,837S1278,200,16.45,-7.643856189774724
2,ENG25,1,2,C10,837S1279,200,30.95,-7.643856189774724
2,ENG25,2,2,C11,837S1279,200,42.8,-7.643856189774724
2,ENG25,3,2,C12,837S1279,200,33.4,-7.643856189774724
2,ENG25,1,2,D1,837S1271,400,86.85,-8.643856189774725
2,ENG25,2,2,D2,837S1271,400,42.7,-8.643856189774725
2,ENG25,3,2,D3,837S1271,400,83.5,-8.643856189774725
2,ENG25,1,2,D4,837S1274,400,92.15,-8.643856189774725
2,ENG25,2,2,D5,837S1274,400,91.55,-8.643856189774725
2,ENG25,3,2,D6,837S1274,400,92.2,-8.643856189774725
2,ENG25,1,2,D7,837S1278,400,3.35,-8.643856189774725
2,ENG25,2,2,D8,837S1278,400,19.4,-8.643856189774725
2,ENG25,3,2,D9,837S1278,400,5.4,-8.643856189774725
2,ENG25,1,2,D10,837S1279,400,34.75,-8.643856189774725
2,ENG25,2,2,D11,837S1279,400,40.95,-8.643856189774725
2,ENG25,3,2,D12,837S1279,400,19,-8.643856189774725
2,ENG25,1,2,E1,837S1271,800,85.45,-9.643856189774723
2,ENG25,2,2,E2,837S1271,800,36.15,-9.643856189774723
2,ENG25,3,2,E3,837S1271,800,71.85,-9.643856189774723
2,ENG25,1,2,E4,837S1274,800,86.1,-9.643856189774723
2,ENG25,2,2,E5,837S1274,800,81.9,-9.643856189774723
2,ENG25,3,2,E6,837S1274,800,87.1,-9.643856189774723
2,ENG25,1,2,E7,837S1278,800,27.05,-9.643856189774723
2,ENG25,2,2,E8,837S1278,800,19.8,-9.643856189774723
2,ENG25,3,2,E9,837S1278,800,-1.85,-9.643856189774723
2,ENG25,1,2,E10,837S1279,800,16.4,-9.643856189774723
2,ENG25,2,2,E11,837S1279,800,40.65,-9.643856189774723
2,ENG25,3,2,E12,837S1279,800,6.45,-9.643856189774723
2,ENG25,1,2,F1,837S1271,1600,70.7,-10.643856189774723
2,ENG25,2,2,F2,837S1271,1600,21.15,-10.643856189774723
2,ENG25,3,2,F3,837S1271,1600,51.4,-10.643856189774723
2,ENG25,1,2,F4,837S1274,1600,76.05,-10.643856189774723
2,ENG25,2,2,F5,837S1274,1600,75,-10.643856189774723
2,ENG25,3,2,F6,837S1274,1600,74.1,-10.643856189774723
2,ENG25,1,2,F7,837S1278,1600,12.35,-10.643856189774723
2,ENG25,2,2,F8,837S1278,1600,21.15,-10.643856189774723
2,ENG25,3,2,F9,837S1278,1600,1.2,-10.643856189774723
2,ENG25,3,2,F10,837S1279,1600,22.6,-10.643856189774723
2,ENG25,3,2,F11,837S1279,1600,37.55,-10.643856189774723
2,ENG25,3,2,F12,837S1279,1600,2.4,-10.643856189774723
2,ENG25,1,2,G1,837S1271,3200,54.35,-11.643856189774723
2,ENG25,2,2,G2,837S1271,3200,18.95,-11.643856189774723
2,ENG25,3,2,G3,837S1271,3200,30.75,-11.643856189774723
2,ENG25,1,2,G4,837S1274,3200,57,-11.643856189774723
2,ENG25,2,2,G5,837S1274,3200,56.4,-11.643856189774723
2,ENG25,3,2,G6,837S1274,3200,54.75,-11.643856189774723
2,ENG25,1,2,G7,837S1278,3200,10,-11.643856189774723
2,ENG25,2,2,G8,837S1278,3200,3.95,-11.643856189774723
2,ENG25,3,2,G9,837S1278,3200,-1.1,-11.643856189774723
2,ENG25,1,2,G10,837S1279,3200,20.65,-11.643856189774723
2,ENG25,2,2,G11,837S1279,3200,40.1,-11.643856189774723
2,ENG25,3,2,G12,837S1279,3200,5.65,-11.643856189774723
2,ENG25,1,3,A1,837S1289,50,31.213536,-5.643856189774724
2,ENG25,2,3,A2,837S1289,50,36.814469,-5.643856189774724
2,ENG25,3,3,A3,837S1289,50,39.148191,-5.643856189774724
2,ENG25,1,3,A4,837S1296,50,90.898483,-5.643856189774724
2,ENG25,2,3,A5,837S1296,50,93.057176,-5.643856189774724
2,ENG25,3,3,A6,837S1296,50,91.015169,-5.643856189774724
2,ENG25,1,3,A7,837S1302,50,76.021004,-5.643856189774724
2,ENG25,2,3,A8,837S1302,50,80.805134,-5.643856189774724
2,ENG25,3,3,A9,837S1302,50,79.113186,-5.643856189774724
2,ENG25,1,3,A10,837S1304,50,59.509918,-5.643856189774724
2,ENG25,2,3,A11,837S1304,50,63.185531,-5.643856189774724
2,ENG25,3,3,A12,837S1304,50,59.626604,-5.643856189774724
2,ENG25,1,3,B1,837S1289,100,12.252042,-6.643856189774724
2,ENG25,2,3,B2,837S1289,100,9.743291,-6.643856189774724
2,ENG25,3,3,B3,837S1289,100,19.778296,-6.643856189774724
2,ENG25,1,3,B4,837S1296,100,85.530922,-6.643856189774724
2,ENG25,2,3,B5,837S1296,100,86.872812,-6.643856189774724
2,ENG25,3,3,B6,837S1296,100,81.388565,-6.643856189774724
2,ENG25,1,3,B7,837S1302,100,65.402567,-6.643856189774724
2,ENG25,2,3,B8,837S1302,100,69.894982,-6.643856189774724
2,ENG25,3,3,B9,837S1302,100,68.086348,-6.643856189774724
2,ENG25,1,3,B10,837S1304,100,45.857643,-6.643856189774724
2,ENG25,2,3,B11,837S1304,100,60.50175,-6.643856189774724
2,ENG25,3,3,B12,837S1304,100,40.198366,-6.643856189774724
2,ENG25,1,3,C1,837S1289,200,17.736289,-7.643856189774724
2,ENG25,2,3,C2,837S1289,200,34.189032,-7.643856189774724
2,ENG25,3,3,C3,837S1289,200,18.903151,-7.643856189774724
2,ENG25,1,3,C4,837S1296,200,74.270712,-7.643856189774724
2,ENG25,2,3,C5,837S1296,200,78.413069,-7.643856189774724
2,ENG25,3,3,C6,837S1296,200,74.387398,-7.643856189774724
2,ENG25,1,3,C7,837S1302,200,45.7993,-7.643856189774724
2,ENG25,2,3,C8,837S1302,200,50.875146,-7.643856189774724
2,ENG25,3,3,C9,837S1302,200,48.424737,-7.643856189774724
2,ENG25,1,3,C10,837S1304,200,27.304551,-7.643856189774724
2,ENG25,2,3,C11,837S1304,200,48.599767,-7.643856189774724
2,ENG25,3,3,C12,837S1304,200,40.606768,-7.643856189774724
2,ENG25,1,3,D1,837S1289,400,-12.427071,-8.643856189774725
2,ENG25,2,3,D2,837S1289,400,40.84014,-8.643856189774725
2,ENG25,3,3,D3,837S1289,400,21.995333,-8.643856189774725
2,ENG25,1,3,D4,837S1296,400,59.451575,-8.643856189774725
2,ENG25,2,3,D5,837S1296,400,64.060677,-8.643856189774725
2,ENG25,3,3,D6,837S1296,400,66.044341,-8.643856189774725
2,ENG25,1,3,D7,837S1302,400,30.280047,-8.643856189774725
2,ENG25,2,3,D8,837S1302,400,42.123687,-8.643856189774725
2,ENG25,3,3,D9,837S1302,400,29.696616,-8.643856189774725
2,ENG25,1,3,D10,837S1304,400,21.120187,-8.643856189774725
2,ENG25,2,3,D11,837S1304,400,46.791132,-8.643856189774725
2,ENG25,3,3,D12,837S1304,400,20.828471,-8.643856189774725
2,ENG25,1,3,E1,837S1289,800,10.326721,-9.643856189774723
2,ENG25,2,3,E2,837S1289,800,16.511085,-9.643856189774723
2,ENG25,3,3,E3,837S1289,800,7.759627,-9.643856189774723
2,ENG25,1,3,E4,837S1296,800,43.348891,-9.643856189774723
2,ENG25,2,3,E5,837S1296,800,44.399067,-9.643856189774723
2,ENG25,3,3,E6,837S1296,800,43.465578,-9.643856189774723
2,ENG25,1,3,E7,837S1302,800,-4.317386,-9.643856189774723
2,ENG25,2,3,E8,837S1302,800,24.737456,-9.643856189774723
2,ENG25,3,3,E9,837S1302,800,10.676779,-9.643856189774723
2,ENG25,1,3,E10,837S1304,800,8.459743,-9.643856189774723
2,ENG25,2,3,E11,837S1304,800,32.613769,-9.643856189774723
2,ENG25,3,3,E12,837S1304,800,4.900817,-9.643856189774723
2,ENG25,1,3,F1,837S1289,1600,21.820303,-10.643856189774723
2,ENG25,2,3,F2,837S1289,1600,0.233372,-10.643856189774723
2,ENG25,3,3,F3,837S1289,1600,11.085181,-10.643856189774723
2,ENG25,1,3,F4,837S1296,1600,23.162194,-10.643856189774723
2,ENG25,2,3,F5,837S1296,1600,26.604434,-10.643856189774723
2,ENG25,3,3,F6,837S1296,1600,13.302217,-10.643856189774723
2,ENG25,1,3,F7,837S1302,1600,-19.07818,-10.643856189774723
2,ENG25,2,3,F8,837S1302,1600,7.176196,-10.643856189774723
2,ENG25,3,3,F9,837S1302,1600,-1.983664,-10.643856189774723
2,ENG25,3,3,F10,837S1304,1600,9.568261,-10.643856189774723
2,ENG25,3,3,F11,837S1304,1600,36.581097,-10.643856189774723
2,ENG25,3,3,F12,837S1304,1600,-17.677946,-10.643856189774723
2,ENG25,1,3,G1,837S1289,3200,19.194866,-11.643856189774723
2,ENG25,2,3,G2,837S1289,3200,7.584597,-11.643856189774723
2,ENG25,3,3,G3,837S1289,3200,-2.683781,-11.643856189774723
2,ENG25,1,3,G4,837S1296,3200,19.544924,-11.643856189774723
2,ENG25,2,3,G5,837S1296,3200,14.002334,-11.643856189774723
2,ENG25,3,3,G6,837S1296,3200,13.652275,-11.643856189774723
2,ENG25,1,3,G7,837S1302,3200,6.767795,-11.643856189774723
2,ENG25,2,3,G8,837S1302,3200,19.486581,-11.643856189774723
2,ENG25,3,3,G9,837S1302,3200,9.859977,-11.643856189774723
2,ENG25,1,3,G10,837S1304,3200,6.651109,-11.643856189774723
2,ENG25,2,3,G11,837S1304,3200,42.532089,-11.643856189774723
2,ENG25,3,3,G12,837S1304,3200,2.217036,-11.643856189774723
2,ENG25,1,4,A1,837S1311,50,76.569298,-5.643856189774724
2,ENG25,2,4,A2,837S1311,50,76.693599,-5.643856189774724
2,ENG25,3,4,A3,837S1311,50,75.574891,-5.643856189774724
2,ENG25,1,4,A4,837S1316,50,85.270354,-5.643856189774724
2,ENG25,2,4,A5,837S1316,50,87.134866,-5.643856189774724
2,ENG25,3,4,A6,837S1316,50,85.767557,-5.643856189774724
2,ENG25,1,4,A7,837S1320,50,34.307023,-5.643856189774724
2,ENG25,2,4,A8,837S1320,50,40.522063,-5.643856189774724
2,ENG25,3,4,A9,837S1320,50,62.523306,-5.643856189774724
2,ENG25,1,4,A10,837S1324,50,91.796147,-5.643856189774724
2,ENG25,2,4,A11,837S1324,50,89.123679,-5.643856189774724
2,ENG25,3,4,A12,837S1324,50,89.683033,-5.643856189774724
2,ENG25,1,4,B1,837S1311,100,62.523306,-6.643856189774724
2,ENG25,2,4,B2,837S1311,100,60.907396,-6.643856189774724
2,ENG25,3,4,B3,837S1311,100,61.963953,-6.643856189774724
2,ENG25,1,4,B4,837S1316,100,79.428216,-6.643856189774724
2,ENG25,2,4,B5,837S1316,100,75.637042,-6.643856189774724
2,ENG25,3,4,B6,837S1316,100,79.738968,-6.643856189774724
2,ENG25,1,4,B7,837S1320,100,14.916097,-6.643856189774724
2,ENG25,2,4,B8,837S1320,100,53.138595,-6.643856189774724
2,ENG25,3,4,B9,837S1320,100,19.080174,-6.643856189774724
2,ENG25,1,4,B10,837S1324,100,82.287135,-6.643856189774724
2,ENG25,2,4,B11,837S1324,100,79.179615,-6.643856189774724
2,ENG25,3,4,B12,837S1324,100,82.100684,-6.643856189774724
2,ENG25,1,4,C1,837S1311,200,29.521442,-7.643856189774724
2,ENG25,2,4,C2,837S1311,200,43.07023,-7.643856189774724
2,ENG25,3,4,C3,837S1311,200,40.646364,-7.643856189774724
2,ENG25,1,4,C4,837S1316,200,61.715351,-7.643856189774724
2,ENG25,2,4,C5,837S1316,200,60.845245,-7.643856189774724
2,ENG25,3,4,C6,837S1316,200,57.986327,-7.643856189774724
2,ENG25,1,4,C7,837S1320,200,16.159105,-7.643856189774724
2,ENG25,2,4,C8,837S1320,200,20.07458,-7.643856189774724
2,ENG25,3,4,C9,837S1320,200,16.469857,-7.643856189774724
2,ENG25,1,4,C10,837S1324,200,55.624612,-7.643856189774724
2,ENG25,2,4,C11,837S1324,200,64.139217,-7.643856189774724
2,ENG25,3,4,C12,837S1324,200,60.534493,-7.643856189774724
2,ENG25,1,4,D1,837S1311,400,33.87197,-8.643856189774725
2,ENG25,2,4,D2,837S1311,400,30.640149,-8.643856189774725
2,ENG25,3,4,D3,837S1311,400,25.978869,-8.643856189774725
2,ENG25,1,4,D4,837S1316,400,53.262896,-8.643856189774725
2,ENG25,2,4,D5,837S1316,400,44.748291,-8.643856189774725
2,ENG25,3,4,D6,837S1316,400,41.51647,-8.643856189774725
2,ENG25,1,4,D7,837S1320,400,-0.248602,-8.643856189774725
2,ENG25,2,4,D8,837S1320,400,21.068987,-8.643856189774725
2,ENG25,3,4,D9,837S1320,400,2.113114,-8.643856189774725
2,ENG25,1,4,D10,837S1324,400,46.550653,-8.643856189774725
2,ENG25,2,4,D11,837S1324,400,49.658173,-8.643856189774725
2,ENG25,3,4,D12,837S1324,400,44.126787,-8.643856189774725
2,ENG25,1,4,E1,837S1311,800,23.492853,-9.643856189774723
2,ENG25,2,4,E2,837S1311,800,13.548788,-9.643856189774723
2,ENG25,3,4,E3,837S1311,800,7.085146,-9.643856189774723
2,ENG25,1,4,E4,837S1316,800,28.899938,-9.643856189774723
2,ENG25,2,4,E5,837S1316,800,26.600373,-9.643856189774723
2,ENG25,3,4,E6,837S1316,800,24.114357,-9.643856189774723
2,ENG25,1,4,E7,837S1320,800,21.193288,-9.643856189774723
2,ENG25,2,4,E8,837S1320,800,24.362958,-9.643856189774723
2,ENG25,3,4,E9,837S1320,800,4.101927,-9.643856189774723
2,ENG25,1,4,E10,837S1324,800,24.61156,-9.643856189774723
2,ENG25,2,4,E11,837S1324,800,39.216905,-9.643856189774723
2,ENG25,3,4,E12,837S1324,800,23.492853,-9.643856189774723
2,ENG25,1,4,F1,837S1311,1600,13.113735,-10.643856189774723
2,ENG25,2,4,F2,837S1311,1600,8.017402,-10.643856189774723
2,ENG25,3,4,F3,837S1311,1600,10.192666,-10.643856189774723
2,ENG25,1,4,F4,837S1316,1600,25.170914,-10.643856189774723
2,ENG25,2,4,F5,837S1316,1600,9.757613,-10.643856189774723
2,ENG25,3,4,F6,837S1316,1600,-0.248602,-10.643856189774723
2,ENG25,1,4,F7,837S1320,1600,10.068365,-10.643856189774723
2,ENG25,2,4,F8,837S1320,1600,12.24363,-10.643856189774723
2,ENG25,3,4,F9,837S1320,1600,-16.345556,-10.643856189774723
2,ENG25,3,4,F10,837S1324,1600,-1.243008,-10.643856189774723
2,ENG25,3,4,F11,837S1324,1600,26.911125,-10.643856189774723
2,ENG25,3,4,F12,837S1324,1600,23.990056,-10.643856189774723
2,ENG25,1,4,G1,837S1311,3200,16.594158,-11.643856189774723
2,ENG25,2,4,G2,837S1311,3200,12.554382,-11.643856189774723
2,ENG25,3,4,G3,837S1311,3200,10.565569,-11.643856189774723
2,ENG25,1,4,G4,837S1316,3200,-1.305158,-11.643856189774723
2,ENG25,2,4,G5,837S1316,3200,4.59913,-11.643856189774723
2,ENG25,3,4,G6,837S1316,3200,2.610317,-11.643856189774723
2,ENG25,1,4,G7,837S1320,3200,-16.656308,-11.643856189774723
2,ENG25,2,4,G8,837S1320,3200,10.192666,-11.643856189774723
2,ENG25,3,4,G9,837S1320,3200,-17.899316,-11.643856189774723
2,ENG25,1,4,G10,837S1324,3200,5.282784,-11.643856189774723
2,ENG25,2,4,G11,837S1324,3200,23.430702,-11.643856189774723
2,ENG25,3,4,G12,837S1324,3200,3.977626,-11.643856189774723
2,ENG25,1,5,A1,837S1336,50,84.733316,-5.643856189774724
2,ENG25,2,5,A2,837S1336,50,83.303272,-5.643856189774724
2,ENG25,3,5,A3,837S1336,50,79.476939,-5.643856189774724
2,ENG25,1,5,A4,837S1343,50,71.669673,-5.643856189774724
2,ENG25,2,5,A5,837S1343,50,67.108993,-5.643856189774724
2,ENG25,3,5,A6,837S1343,50,67.61144,-5.643856189774724
2,ENG25,1,5,A7,837S1353,50,58.45143,-5.643856189774724
2,ENG25,2,5,A8,837S1353,50,58.644678999999996,-5.643856189774724
2,ENG25,3,5,A9,837S1353,50,60.461221,-5.643856189774724
2,ENG25,1,5,A10,837S1355,50,87.786653,-5.643856189774724
2,ENG25,2,5,A11,837S1355,50,90.955939,-5.643856189774724
2,ENG25,3,5,A12,837S1355,50,87.361505,-5.643856189774724
2,ENG25,1,5,B1,837S1336,100,64.596753,-6.643856189774724
2,ENG25,2,5,B2,837S1336,100,72.829168,-6.643856189774724
2,ENG25,3,5,B3,837S1336,100,72.28807,-6.643856189774724
2,ENG25,1,5,B4,837S1343,100,22.236537,-6.643856189774724
2,ENG25,2,5,B5,837S1343,100,23.705231,-6.643856189774724
2,ENG25,3,5,B6,837S1343,100,22.081938,-6.643856189774724
2,ENG25,1,5,B7,837S1353,100,49.29142,-6.643856189774724
2,ENG25,2,5,B8,837S1353,100,51.996908,-6.643856189774724
2,ENG25,3,5,B9,837S1353,100,49.561969,-6.643856189774724
2,ENG25,1,5,B10,837S1355,100,79.24504,-6.643856189774724
2,ENG25,2,5,B11,837S1355,100,81.757279,-6.643856189774724
2,ENG25,3,5,B12,837S1355,100,79.051791,-6.643856189774724
2,ENG25,1,5,C1,837S1336,200,66.297346,-7.643856189774724
2,ENG25,2,5,C2,837S1336,200,60.499871,-7.643856189774724
2,ENG25,3,5,C3,837S1336,200,64.017006,-7.643856189774724
2,ENG25,1,5,C4,837S1343,200,-1.030662,-7.643856189774724
2,ENG25,2,5,C5,837S1343,200,-10.036073,-7.643856189774724
2,ENG25,3,5,C6,837S1343,200,-6.673538,-7.643856189774724
2,ENG25,1,5,C7,837S1353,200,49.832517,-7.643856189774724
2,ENG25,2,5,C8,837S1353,200,45.349137,-7.643856189774724
2,ENG25,3,5,C9,837S1353,200,46.044834,-7.643856189774724
2,ENG25,1,5,C10,837S1355,200,65.601649,-7.643856189774724
2,ENG25,2,5,C11,837S1355,200,72.24942,-7.643856189774724
2,ENG25,3,5,C12,837S1355,200,71.128575,-7.643856189774724
2,ENG25,1,5,D1,837S1336,400,67.881989,-8.643856189774725
2,ENG25,2,5,D2,837S1336,400,52.847204,-8.643856189774725
2,ENG25,3,5,D3,837S1336,400,62.509662,-8.643856189774725
2,ENG25,1,5,D4,837S1343,400,-25.921154,-8.643856189774725
2,ENG25,2,5,D5,837S1343,400,-19.002834,-8.643856189774725
2,ENG25,3,5,D6,837S1343,400,-0.992012,-8.643856189774725
2,ENG25,1,5,D7,837S1353,400,57.717083,-8.643856189774725
2,ENG25,2,5,D8,837S1353,400,58.683329,-8.643856189774725
2,ENG25,3,5,D9,837S1353,400,39.397063,-8.643856189774725
2,ENG25,1,5,D10,837S1355,400,58.064932,-8.643856189774725
2,ENG25,2,5,D11,837S1355,400,65.872198,-8.643856189774725
2,ENG25,3,5,D12,837S1355,400,56.982736,-8.643856189774725
2,ENG25,1,5,E1,837S1336,800,56.09379,-9.643856189774723
2,ENG25,2,5,E2,837S1336,800,50.025767,-9.643856189774723
2,ENG25,3,5,E3,837S1336,800,53.620201,-9.643856189774723
2,ENG25,1,5,E4,837S1343,800,-26.84875,-9.643856189774723
2,ENG25,2,5,E5,837S1343,800,-24.181912,-9.643856189774723
2,ENG25,3,5,E6,837S1343,800,-0.760113,-9.643856189774723
2,ENG25,1,5,E7,837S1353,800,46.160783,-9.643856189774723
2,ENG25,2,5,E8,837S1353,800,55.359443,-9.643856189774723
2,ENG25,3,5,E9,837S1353,800,44.61479,-9.643856189774723
2,ENG25,1,5,E10,837S1355,800,57.214635,-9.643856189774723
2,ENG25,2,5,E11,837S1355,800,62.548312,-9.643856189774723
2,ENG25,3,5,E12,837S1355,800,55.359443,-9.643856189774723
2,ENG25,1,5,F1,837S1336,1600,54.625097,-10.643856189774723
2,ENG25,2,5,F2,837S1336,1600,46.392682,-10.643856189774723
2,ENG25,3,5,F3,837S1336,1600,42.875548,-10.643856189774723
2,ENG25,1,5,F4,837S1343,1600,-14.674053,-10.643856189774723
2,ENG25,2,5,F5,837S1343,1600,-17.147642,-10.643856189774723
2,ENG25,3,5,F6,837S1343,1600,-3.620201,-10.643856189774723
2,ENG25,1,5,F7,837S1353,1600,37.812419,-10.643856189774723
2,ENG25,2,5,F8,837S1353,1600,47.590827,-10.643856189774723
2,ENG25,3,5,F9,837S1353,1600,43.687194,-10.643856189774723
2,ENG25,3,5,F10,837S1355,1600,54.315898,-10.643856189774723
2,ENG25,3,5,F11,837S1355,1600,59.997423,-10.643856189774723
2,ENG25,3,5,F12,837S1355,1600,34.952332,-10.643856189774723
2,ENG25,1,5,G1,837S1336,3200,45.001288,-11.643856189774723
2,ENG25,2,5,G2,837S1336,3200,44.266942,-11.643856189774723
2,ENG25,3,5,G3,837S1336,3200,40.672507,-11.643856189774723
2,ENG25,1,5,G4,837S1343,3200,0.012883,-11.643856189774723
2,ENG25,2,5,G5,837S1343,3200,-1.223911,-11.643856189774723
2,ENG25,3,5,G6,837S1343,3200,-6.673538,-11.643856189774723
2,ENG25,1,5,G7,837S1353,3200,24.864726,-11.643856189774723
2,ENG25,2,5,G8,837S1353,3200,42.3731,-11.643856189774723
2,ENG25,3,5,G9,837S1353,3200,22.236537,-11.643856189774723
2,ENG25,1,5,G10,837S1355,3200,52.151507,-11.643856189774723
2,ENG25,2,5,G11,837S1355,3200,56.480289,-11.643856189774723
2,ENG25,3,5,G12,837S1355,3200,43.687194,-11.643856189774723
2,ENG25,1,6,A1,837S1364,50,92.941176,-5.643856189774724
2,ENG25,2,6,A2,837S1364,50,92.493786,-5.643856189774724
2,ENG25,3,6,A3,837S1364,50,90.654515,-5.643856189774724
2,ENG25,1,6,A4,837S1374,50,99.65203,-5.643856189774724
2,ENG25,2,6,A5,837S1374,50,99.90058,-5.643856189774724
2,ENG25,3,6,A6,837S1374,50,99.75145,-5.643856189774724
2,ENG25,1,6,A7,837S1382,50,54.913007,-5.643856189774724
2,ENG25,2,6,A8,837S1382,50,49.395195,-5.643856189774724
2,ENG25,3,6,A9,837S1382,50,40.44739,-5.643856189774724
2,ENG25,1,6,A10,837S1392,50,29.560895,-5.643856189774724
2,ENG25,2,6,A11,837S1392,50,31.748136,-5.643856189774724
2,ENG25,3,6,A12,837S1392,50,37.812759,-5.643856189774724
2,ENG25,1,6,B1,837S1364,100,81.507871,-6.643856189774724
2,ENG25,2,6,B2,837S1364,100,85.484673,-6.643856189774724
2,ENG25,3,6,B3,837S1364,100,85.236123,-6.643856189774724
2,ENG25,1,6,B4,837S1374,100,98.458989,-6.643856189774724
2,ENG25,2,6,B5,837S1374,100,97.415079,-6.643856189774724
2,ENG25,3,6,B6,837S1374,100,99.10522,-6.643856189774724
2,ENG25,1,6,B7,837S1382,100,21.060481,-6.643856189774724
2,ENG25,2,6,B8,837S1382,100,20.31483,-6.643856189774724
2,ENG25,3,6,B9,837S1382,100,17.083679,-6.643856189774724
2,ENG25,1,6,B10,837S1392,100,22.154101,-6.643856189774724
2,ENG25,2,6,B11,837S1392,100,33.487987,-6.643856189774724
2,ENG25,3,6,B12,837S1392,100,35.227838,-6.643856189774724
2,ENG25,1,6,C1,837S1364,200,65.202983,-7.643856189774724
2,ENG25,2,6,C2,837S1364,200,74.001657,-7.643856189774724
2,ENG25,3,6,C3,837S1364,200,71.565866,-7.643856189774724
2,ENG25,1,6,C4,837S1374,200,94.034797,-7.643856189774724
2,ENG25,2,6,C5,837S1374,200,95.178128,-7.643856189774724
2,ENG25,3,6,C6,837S1374,200,95.327258,-7.643856189774724
2,ENG25,1,6,C7,837S1382,200,14.598177,-7.643856189774724
2,ENG25,2,6,C8,837S1382,200,12.659486,-7.643856189774724
2,ENG25,3,6,C9,837S1382,200,4.606462,-7.643856189774724
2,ENG25,1,6,C10,837S1392,200,21.209611,-7.643856189774724
2,ENG25,2,6,C11,837S1392,200,27.622204,-7.643856189774724
2,ENG25,3,6,C12,837S1392,200,23.198012,-7.643856189774724
2,ENG25,1,6,D1,837S1364,400,54.763877,-8.643856189774725
2,ENG25,2,6,D2,837S1364,400,57.348799,-8.643856189774725
2,ENG25,3,6,D3,837S1364,400,49.743165,-8.643856189774725
2,ENG25,1,6,D4,837S1374,400,87.671914,-8.643856189774725
2,ENG25,2,6,D5,837S1374,400,85.285833,-8.643856189774725
2,ENG25,3,6,D6,837S1374,400,87.323944,-8.643856189774725
2,ENG25,1,6,D7,837S1382,400,-0.61309,-8.643856189774725
2,ENG25,2,6,D8,837S1382,400,2.120961,-8.643856189774725
2,ENG25,3,6,D9,837S1382,400,-2.253521,-8.643856189774725
2,ENG25,1,6,D10,837S1392,400,24.490472,-8.643856189774725
2,ENG25,2,6,D11,837S1392,400,12.261806,-8.643856189774725
2,ENG25,3,6,D12,837S1392,400,20.1657,-8.643856189774725
2,ENG25,1,6,E1,837S1364,800,45.269263,-9.643856189774723
2,ENG25,2,6,E2,837S1364,800,32.145816,-9.643856189774723
2,ENG25,3,6,E3,837S1364,800,41.690141,-9.643856189774723
2,ENG25,1,6,E4,837S1374,800,72.261806000000007,-9.643856189774723
2,ENG25,2,6,E5,837S1374,800,71.118476,-9.643856189774723
2,ENG25,3,6,E6,837S1374,800,78.077879,-9.643856189774723
2,ENG25,1,6,E7,837S1382,800,8.533554,-9.643856189774723
2,ENG25,2,6,E8,837S1382,800,21.955261,-9.643856189774723
2,ENG25,3,6,E9,837S1382,800,4.507042,-9.643856189774723
2,ENG25,1,6,E10,837S1392,800,14.250207,-9.643856189774723
2,ENG25,2,6,E11,837S1392,800,12.510356,-9.643856189774723
2,ENG25,3,6,E12,837S1392,800,27.572494,-9.643856189774723
2,ENG25,1,6,F1,837S1364,1600,37.017399,-10.643856189774723
2,ENG25,2,6,F2,837S1364,1600,25.981773,-10.643856189774723
2,ENG25,3,6,F3,837S1364,1600,18.574979,-10.643856189774723
2,ENG25,1,6,F4,837S1374,1600,50.836785,-10.643856189774723
2,ENG25,2,6,F5,837S1374,1600,49.693455,-10.643856189774723
2,ENG25,3,6,F6,837S1374,1600,45.766363,-10.643856189774723
2,ENG25,1,6,F7,837S1382,1600,-1.159901,-10.643856189774723
2,ENG25,2,6,F8,837S1382,1600,2.667771,-10.643856189774723
2,ENG25,3,6,F9,837S1382,1600,-18.806959,-10.643856189774723
2,ENG25,3,6,F10,837S1392,1600,-2.800331,-10.643856189774723
2,ENG25,3,6,F11,837S1392,1600,2.518641,-10.643856189774723
2,ENG25,3,6,F12,837S1392,1600,21.507871,-10.643856189774723
2,ENG25,1,6,G1,837S1364,3200,33.040597,-11.643856189774723
2,ENG25,2,6,G2,837S1364,3200,15.542668,-11.643856189774723
2,ENG25,3,6,G3,837S1364,3200,12.410936,-11.643856189774723
2,ENG25,1,6,G4,837S1374,3200,31.847556,-11.643856189774723
2,ENG25,2,6,G5,837S1374,3200,37.415079,-11.643856189774723
2,ENG25,3,6,G6,837S1374,3200,38.309859,-11.643856189774723
2,ENG25,1,6,G7,837S1382,3200,0.13256,-11.643856189774723
2,ENG25,2,6,G8,837S1382,3200,13.653687,-11.643856189774723
2,ENG25,3,6,G9,837S1382,3200,17.332229,-11.643856189774723
2,ENG25,1,6,G10,837S1392,3200,10.422535,-11.643856189774723
2,ENG25,2,6,G11,837S1392,3200,12.212096,-11.643856189774723
2,ENG25,3,6,G12,837S1392,3200,35.923778,-11.643856189774723
3,THA22,1,1,A1,837S1394,50,81.384248,-5.643856189774724
3,THA22,2,1,A2,837S1394,50,84.303286,-5.643856189774724
3,THA22,3,1,A3,837S1394,50,84.027905,-5.643856189774724
3,THA22,1,1,A4,837S1399,50,82.871305,-5.643856189774724
3,THA22,2,1,A5,837S1399,50,84.413439,-5.643856189774724
3,THA22,3,1,A6,837S1399,50,85.294658,-5.643856189774724
3,THA22,1,1,A7,837S1400,50,99.724619,-5.643856189774724
3,THA22,2,1,A8,837S1400,50,99.889848,-5.643856189774724
3,THA22,3,1,A9,837S1400,50,99.834771,-5.643856189774724
3,THA22,1,1,A10,837S1401,50,99.55939,-5.643856189774724
3,THA22,2,1,A11,837S1401,50,99.834771,-5.643856189774724
3,THA22,3,1,A12,837S1401,50,99.614467,-5.643856189774724
3,THA22,1,1,B1,837S1394,100,64.696163,-6.643856189774724
3,THA22,2,1,B2,837S1394,100,64.586011,-6.643856189774724
3,THA22,3,1,B3,837S1394,100,68.110887,-6.643856189774724
3,THA22,1,1,B4,837S1399,100,83.036534,-6.643856189774724
3,THA22,2,1,B5,837S1399,100,73.83881,-6.643856189774724
3,THA22,3,1,B6,837S1399,100,80.007343,-6.643856189774724
3,THA22,1,1,B7,837S1400,100,99.944924,-6.643856189774724
3,THA22,2,1,B8,837S1400,100,99.944924,-6.643856189774724
3,THA22,3,1,B9,837S1400,100,99.889848,-6.643856189774724
3,THA22,1,1,B10,837S1401,100,96.254819,-6.643856189774724
3,THA22,2,1,B11,837S1401,100,97.080962,-6.643856189774724
3,THA22,3,1,B12,837S1401,100,97.080962,-6.643856189774724
3,THA22,1,1,C1,837S1394,200,44.538278,-7.643856189774724
3,THA22,2,1,C2,837S1394,200,45.639802,-7.643856189774724
3,THA22,3,1,C3,837S1394,200,43.381678,-7.643856189774724
3,THA22,1,1,C4,837S1399,200,70.699468,-7.643856189774724
3,THA22,2,1,C5,837S1399,200,69.212411,-7.643856189774724
3,THA22,3,1,C6,837S1399,200,70.09363,-7.643856189774724
3,THA22,1,1,C7,837S1400,200,98.788324,-7.643856189774724
3,THA22,2,1,C8,837S1400,200,99.118781,-7.643856189774724
3,THA22,3,1,C9,837S1400,200,99.118781,-7.643856189774724
3,THA22,1,1,C10,837S1401,200,83.807601,-7.643856189774724
3,THA22,2,1,C11,837S1401,200,86.396181,-7.643856189774724
3,THA22,3,1,C12,837S1401,200,85.790343,-7.643856189774724
3,THA22,1,1,D1,837S1394,400,27.299431,-8.643856189774725
3,THA22,2,1,D2,837S1394,400,30.328621,-8.643856189774725
3,THA22,3,1,D3,837S1394,400,35.891316,-8.643856189774725
3,THA22,1,1,D4,837S1399,400,58.52763,-8.643856189774725
3,THA22,2,1,D5,837S1399,400,46.521021,-8.643856189774725
3,THA22,3,1,D6,837S1399,400,55.553516,-8.643856189774725
3,THA22,1,1,D7,837S1400,400,93.115476,-8.643856189774725
3,THA22,2,1,D8,837S1400,400,93.776391,-8.643856189774725
3,THA22,3,1,D9,837S1400,400,93.941619,-8.643856189774725
3,THA22,1,1,D10,837S1401,400,66.568753,-8.643856189774725
3,THA22,2,1,D11,837S1401,400,68.276115,-8.643856189774725
3,THA22,3,1,D12,837S1401,400,62.438039,-8.643856189774725
3,THA22,1,1,E1,837S1394,800,18.487241,-9.643856189774723
3,THA22,2,1,E2,837S1394,800,22.177345,-9.643856189774723
3,THA22,3,1,E3,837S1394,800,22.507802,-9.643856189774723
3,THA22,1,1,E4,837S1399,800,44.373049,-9.643856189774723
3,THA22,2,1,E5,837S1399,800,40.848173,-9.643856189774723
3,THA22,3,1,E6,837S1399,800,40.627869,-9.643856189774723
3,THA22,1,1,E7,837S1400,800,79.566734,-9.643856189774723
3,THA22,2,1,E8,837S1400,800,78.740591,-9.643856189774723
3,THA22,3,1,E9,837S1400,800,77.418763,-9.643856189774723
3,THA22,1,1,E10,837S1401,800,35.726088,-9.643856189774723
3,THA22,2,1,E11,837S1401,800,43.161373,-9.643856189774723
3,THA22,3,1,E12,837S1401,800,33.798421,-9.643856189774723
3,THA22,1,1,F1,837S1394,1600,15.292822,-10.643856189774723
3,THA22,2,1,F2,837S1394,1600,14.026069,-10.643856189774723
3,THA22,3,1,F3,837S1394,1600,23.113641,-10.643856189774723
3,THA22,1,1,F4,837S1399,1600,23.113641,-10.643856189774723
3,THA22,2,1,F5,837S1399,1600,29.998164,-10.643856189774723
3,THA22,3,1,F6,837S1399,1600,30.108317,-10.643856189774723
3,THA22,1,1,F7,837S1400,1600,51.312649,-10.643856189774723
3,THA22,2,1,F8,837S1400,1600,48.668992,-10.643856189774723
3,THA22,3,1,F9,837S1400,1600,51.477878,-10.643856189774723
3,THA22,3,1,F10,837S1401,1600,27.299431,-10.643856189774723
3,THA22,3,1,F11,837S1401,1600,25.481917,-10.643856189774723
3,THA22,3,1,F12,837S1401,1600,26.968974,-10.643856189774723
3,THA22,1,1,G1,837S1394,3200,14.631907,-11.643856189774723
3,THA22,2,1,G2,837S1394,3200,18.046631,-11.643856189774723
3,THA22,3,1,G3,837S1394,3200,22.783183,-11.643856189774723
3,THA22,1,1,G4,837S1399,3200,28.070498,-11.643856189774723
3,THA22,2,1,G5,837S1399,3200,21.571507,-11.643856189774723
3,THA22,3,1,G6,837S1399,3200,22.507802,-11.643856189774723
3,THA22,1,1,G7,837S1400,3200,24.986231,-11.643856189774723
3,THA22,2,1,G8,837S1400,3200,34.459335,-11.643856189774723
3,THA22,3,1,G9,837S1400,3200,27.464659,-11.643856189774723
3,THA22,1,1,G10,837S1401,3200,13.58546,-11.643856189774723
3,THA22,2,1,G11,837S1401,3200,11.712869,-11.643856189774723
3,THA22,3,1,G12,837S1401,3200,13.58546,-11.643856189774723
3,THA22,1,2,A1,837S1408,50,100,-5.643856189774724
3,THA22,2,2,A2,837S1408,50,99.827916,-5.643856189774724
3,THA22,3,2,A3,837S1408,50,99.885277,-5.643856189774724
3,THA22,1,2,A4,837S1419,50,90.191205,-5.643856189774724
3,THA22,2,2,A5,837S1419,50,91.912046,-5.643856189774724
3,THA22,3,2,A6,837S1419,50,92.715105,-5.643856189774724
3,THA22,1,2,A7,837S1421,50,-0.8413,-5.643856189774724
3,THA22,2,2,A8,837S1421,50,9.426386,-5.643856189774724
3,THA22,3,2,A9,837S1421,50,3.862333,-5.643856189774724
3,THA22,1,2,A10,837S1434,50,95.066922,-5.643856189774724
3,THA22,2,2,A11,837S1434,50,96.099426,-5.643856189774724
3,THA22,3,2,A12,837S1434,50,96.214149,-5.643856189774724
3,THA22,1,2,B1,837S1408,100,99.885277,-6.643856189774724
3,THA22,2,2,B2,837S1408,100,99.942639,-6.643856189774724
3,THA22,3,2,B3,837S1408,100,99.655832,-6.643856189774724
3,THA22,1,2,B4,837S1419,100,80.497132,-6.643856189774724
3,THA22,2,2,B5,837S1419,100,82.10325,-6.643856189774724
3,THA22,3,2,B6,837S1419,100,81.070746,-6.643856189774724
3,THA22,1,2,B7,837S1421,100,3.34608,-6.643856189774724
3,THA22,2,2,B8,837S1421,100,-4.397706,-6.643856189774724
3,THA22,3,2,B9,837S1421,100,-2.50478,-6.643856189774724
3,THA22,1,2,B10,837S1434,100,85.774379,-6.643856189774724
3,THA22,2,2,B11,837S1434,100,86.003824,-6.643856189774724
3,THA22,3,2,B12,837S1434,100,82.848948,-6.643856189774724
3,THA22,1,2,C1,837S1408,200,97.304015,-7.643856189774724
3,THA22,2,2,C2,837S1408,200,98.164436,-7.643856189774724
3,THA22,3,2,C3,837S1408,200,97.93499,-7.643856189774724
3,THA22,1,2,C4,837S1419,200,66.328872,-7.643856189774724
3,THA22,2,2,C5,837S1419,200,60.305927,-7.643856189774724
3,THA22,3,2,C6,837S1419,200,64.665392,-7.643856189774724
3,THA22,1,2,C7,837S1421,200,-0.554493,-7.643856189774724
3,THA22,2,2,C8,837S1421,200,7.131931,-7.643856189774724
3,THA22,3,2,C9,837S1421,200,-0.669216,-7.643856189774724
3,THA22,1,2,C10,837S1434,200,68.508604,-7.643856189774724
3,THA22,2,2,C11,837S1434,200,70.688337,-7.643856189774724
3,THA22,3,2,C12,837S1434,200,50.669216,-7.643856189774724
3,THA22,1,2,D1,837S1408,400,91.051625,-8.643856189774725
3,THA22,2,2,D2,837S1408,400,89.961759,-8.643856189774725
3,THA22,3,2,D3,837S1408,400,90.42065,-8.643856189774725
3,THA22,1,2,D4,837S1419,400,48.833652,-8.643856189774725
3,THA22,2,2,D5,837S1419,400,54.913958,-8.643856189774725
3,THA22,3,2,D6,837S1419,400,50.611855,-8.643856189774725
3,THA22,1,2,D7,837S1421,400,16.883365,-8.643856189774725
3,THA22,2,2,D8,837S1421,400,35.755258,-8.643856189774725
3,THA22,3,2,D9,837S1421,400,12.810707,-8.643856189774725
3,THA22,1,2,D10,837S1434,400,44.99044,-8.643856189774725
3,THA22,2,2,D11,837S1434,400,51.873805,-8.643856189774725
3,THA22,3,2,D12,837S1434,400,30.248566,-8.643856189774725
3,THA22,1,2,E1,837S1408,800,73.32696,-9.643856189774723
3,THA22,2,2,E2,837S1408,800,72.237094,-9.643856189774723
3,THA22,3,2,E3,837S1408,800,70.172084,-9.643856189774723
3,THA22,1,2,E4,837S1419,800,40.860421,-9.643856189774723
3,THA22,2,2,E5,837S1419,800,30.133843,-9.643856189774723
3,THA22,3,2,E6,837S1419,800,36.271511,-9.643856189774723
3,THA22,1,2,E7,837S1421,800,17.91587,-9.643856189774723
3,THA22,2,2,E8,837S1421,800,23.938815,-9.643856189774723
3,THA22,3,2,E9,837S1421,800,20.038241,-9.643856189774723
3,THA22,1,2,E10,837S1434,800,35.239006,-9.643856189774723
3,THA22,2,2,E11,837S1434,800,32.600382,-9.643856189774723
3,THA22,3,2,E12,837S1434,800,22.045889,-9.643856189774723
3,THA22,1,2,F1,837S1408,1600,45.449331,-10.643856189774723
3,THA22,2,2,F2,837S1408,1600,48.3174,-10.643856189774723
3,THA22,3,2,F3,837S1408,1600,44.531549,-10.643856189774723
3,THA22,1,2,F4,837S1419,1600,31.969407,-10.643856189774723
3,THA22,2,2,F5,837S1419,1600,25.028681,-10.643856189774723
3,THA22,3,2,F6,837S1419,1600,29.789675,-10.643856189774723
3,THA22,1,2,F7,837S1421,1600,40.630975,-10.643856189774723
3,THA22,2,2,F8,837S1421,1600,20.325048,-10.643856189774723
3,THA22,3,2,F9,837S1421,1600,16.998088,-10.643856189774723
3,THA22,3,2,F10,837S1434,1600,29.961759,-10.643856189774723
3,THA22,3,2,F11,837S1434,1600,29.617591,-10.643856189774723
3,THA22,3,2,F12,837S1434,1600,2.772467,-10.643856189774723
3,THA22,1,2,G1,837S1408,3200,39.139579,-11.643856189774723
3,THA22,2,2,G2,837S1408,3200,25.774379,-11.643856189774723
3,THA22,3,2,G3,837S1408,3200,29.1587,-11.643856189774723
3,THA22,1,2,G4,837S1419,3200,22.90631,-11.643856189774723
3,THA22,2,2,G5,837S1419,3200,23.307839,-11.643856189774723
3,THA22,3,2,G6,837S1419,3200,27.265774,-11.643856189774723
3,THA22,1,2,G7,837S1421,3200,1.6826,-11.643856189774723
3,THA22,2,2,G8,837S1421,3200,15.965583,-11.643856189774723
3,THA22,3,2,G9,837S1421,3200,7.246654,-11.643856189774723
3,THA22,1,2,G10,837S1434,3200,20.669216,-11.643856189774723
3,THA22,2,2,G11,837S1434,3200,16.883365,-11.643856189774723
3,THA22,3,2,G12,837S1434,3200,21.472275,-11.643856189774723
3,THA22,1,3,A1,837S1435,50,97.021608,-5.643856189774724
3,THA22,2,3,A2,837S1435,50,96.729609,-5.643856189774724
3,THA22,3,3,A3,837S1435,50,97.313607,-5.643856189774724
3,THA22,1,3,A4,837S1439,50,100,-5.643856189774724
3,THA22,2,3,A5,837S1439,50,99.708001,-5.643856189774724
3,THA22,3,3,A6,837S1439,50,99.9416,-5.643856189774724
3,THA22,1,3,A7,837S1457,50,93.984816,-5.643856189774724
3,THA22,2,3,A8,837S1457,50,94.802414,-5.643856189774724
3,THA22,3,3,A9,837S1457,50,93.926416,-5.643856189774724
3,THA22,1,3,A10,837S1458,50,99.299202,-5.643856189774724
3,THA22,2,3,A11,837S1458,50,99.357602,-5.643856189774724
3,THA22,3,3,A12,837S1458,50,99.299202,-5.643856189774724
3,THA22,1,3,B1,837S1435,100,81.954448,-6.643856189774724
3,THA22,2,3,B2,837S1435,100,87.093634,-6.643856189774724
3,THA22,3,3,B3,837S1435,100,86.801635,-6.643856189774724
3,THA22,1,3,B4,837S1439,100,99.8248,-6.643856189774724
3,THA22,2,3,B5,837S1439,100,99.8248,-6.643856189774724
3,THA22,3,3,B6,837S1439,100,99.9416,-6.643856189774724
3,THA22,1,3,B7,837S1457,100,80.669652,-6.643856189774724
3,THA22,2,3,B8,837S1457,100,81.42885,-6.643856189774724
3,THA22,3,3,B9,837S1457,100,81.954448,-6.643856189774724
3,THA22,1,3,B10,837S1458,100,94.860814,-6.643856189774724
3,THA22,2,3,B11,837S1458,100,94.335215,-6.643856189774724
3,THA22,3,3,B12,837S1458,100,96.32081,-6.643856189774724
3,THA22,1,3,C1,837S1435,200,55.03212,-7.643856189774724
3,THA22,2,3,C2,837S1435,200,67.763286,-7.643856189774724
3,THA22,3,3,C3,837S1435,200,70.391279,-7.643856189774724
3,THA22,1,3,C4,837S1439,200,99.766401,-7.643856189774724
3,THA22,2,3,C5,837S1439,200,99.708001,-7.643856189774724
3,THA22,3,3,C6,837S1439,200,99.649601,-7.643856189774724
3,THA22,1,3,C7,837S1457,200,63.091298,-7.643856189774724
3,THA22,2,3,C8,837S1457,200,60.872104,-7.643856189774724
3,THA22,3,3,C9,837S1457,200,63.850496,-7.643856189774724
3,THA22,1,3,C10,837S1458,200,79.676854,-7.643856189774724
3,THA22,2,3,C11,837S1458,200,81.779249,-7.643856189774724
3,THA22,3,3,C12,837S1458,200,79.384855,-7.643856189774724
3,THA22,1,3,D1,837S1435,400,38.855363,-8.643856189774725
3,THA22,2,3,D2,837S1435,400,45.804945,-8.643856189774725
3,THA22,3,3,D3,837S1435,400,50.827331,-8.643856189774725
3,THA22,1,3,D4,837S1439,400,96.08721,-8.643856189774725
3,THA22,2,3,D5,837S1439,400,96.963208,-8.643856189774725
3,THA22,3,3,D6,837S1439,400,96.788009,-8.643856189774725
3,THA22,1,3,D7,837S1457,400,52.053728,-8.643856189774725
3,THA22,2,3,D8,837S1457,400,52.988125,-8.643856189774725
3,THA22,3,3,D9,837S1457,400,45.980144,-8.643856189774725
3,THA22,1,3,D10,837S1458,400,50.476932,-8.643856189774725
3,THA22,2,3,D11,837S1458,400,57.426514,-8.643856189774725
3,THA22,3,3,D12,837S1458,400,46.622542,-8.643856189774725
3,THA22,1,3,E1,837S1435,800,22.737006,-9.643856189774723
3,THA22,2,3,E2,837S1435,800,33.774577,-9.643856189774723
3,THA22,3,3,E3,837S1435,800,33.248978,-9.643856189774723
3,THA22,1,3,E4,837S1439,800,87.210434,-9.643856189774723
3,THA22,2,3,E5,837S1439,800,85.400039,-9.643856189774723
3,THA22,3,3,E6,837S1439,800,86.801635,-9.643856189774723
3,THA22,1,3,E7,837S1457,800,29.569788,-9.643856189774723
3,THA22,2,3,E8,837S1457,800,38.796963,-9.643856189774723
3,THA22,3,3,E9,837S1457,800,31.672182,-9.643856189774723
3,THA22,1,3,E10,837S1458,800,18.298618,-9.643856189774723
3,THA22,2,3,E11,837S1458,800,19.466615,-9.643856189774723
3,THA22,3,3,E12,837S1458,800,12.809033,-9.643856189774723
3,THA22,1,3,F1,837S1435,1600,20.868211,-10.643856189774723
3,THA22,2,3,F2,837S1435,1600,23.145805,-10.643856189774723
3,THA22,3,3,F3,837S1435,1600,24.021803,-10.643856189774723
3,THA22,1,3,F4,837S1439,1600,67.588086,-10.643856189774723
3,THA22,2,3,F5,837S1439,1600,60.696905,-10.643856189774723
3,THA22,3,3,F6,837S1439,1600,64.784894,-10.643856189774723
3,THA22,1,3,F7,837S1457,1600,42.417754,-10.643856189774723
3,THA22,2,3,F8,837S1457,1600,29.102589,-10.643856189774723
3,THA22,3,3,F9,837S1457,1600,47.61534,-10.643856189774723
3,THA22,3,3,F10,837S1458,1600,-11.251703,-10.643856189774723
3,THA22,3,3,F11,837S1458,1600,-12.244501,-10.643856189774723
3,THA22,3,3,F12,837S1458,1600,-24.391668,-10.643856189774723
3,THA22,1,3,G1,837S1435,3200,31.496983,-11.643856189774723
3,THA22,2,3,G2,837S1435,3200,24.605801,-11.643856189774723
3,THA22,3,3,G3,837S1435,3200,27.934592,-11.643856189774723
3,THA22,1,3,G4,837S1439,3200,42.184154,-11.643856189774723
3,THA22,2,3,G5,837S1439,3200,32.60658,-11.643856189774723
3,THA22,3,3,G6,837S1439,3200,53.280125,-11.643856189774723
3,THA22,1,3,G7,837S1457,3200,14.152229,-11.643856189774723
3,THA22,2,3,G8,837S1457,3200,22.036208,-11.643856189774723
3,THA22,3,3,G9,837S1457,3200,17.889819,-11.643856189774723
3,THA22,1,3,G10,837S1458,3200,-18.960483,-11.643856189774723
3,THA22,2,3,G11,837S1458,3200,-29.764454,-11.643856189774723
3,THA22,3,3,G12,837S1458,3200,-21.588476,-11.643856189774723
3,THA22,1,4,A1,837S1460,50,99.551988,-5.643856189774724
3,THA22,2,4,A2,837S1460,50,99.495987,-5.643856189774724
3,THA22,3,4,A3,837S1460,50,99.215979,-5.643856189774724
3,THA22,1,4,A4,837S1461,50,97.591936,-5.643856189774724
3,THA22,2,4,A5,837S1461,50,97.423931,-5.643856189774724
3,THA22,3,4,A6,837S1461,50,98.319955,-5.643856189774724
3,THA22,1,4,A7,837S1465,50,99.719993,-5.643856189774724
3,THA22,2,4,A8,837S1465,50,99.775994,-5.643856189774724
3,THA22,3,4,A9,837S1465,50,99.943999,-5.643856189774724
3,THA22,1,4,A10,837S1472,50,78.047415,-5.643856189774724
3,THA22,2,4,A11,837S1472,50,79.111443,-5.643856189774724
3,THA22,3,4,A12,837S1472,50,78.943438,-5.643856189774724
3,THA22,1,4,B1,837S1460,100,96.63991,-6.643856189774724
3,THA22,2,4,B2,837S1460,100,96.695912,-6.643856189774724
3,THA22,3,4,B3,837S1460,100,96.023894,-6.643856189774724
3,THA22,1,4,B4,837S1461,100,88.911704,-6.643856189774724
3,THA22,2,4,B5,837S1461,100,90.647751,-6.643856189774724
3,THA22,3,4,B6,837S1461,100,90.535748,-6.643856189774724
3,THA22,1,4,B7,837S1465,100,99.887997,-6.643856189774724
3,THA22,2,4,B8,837S1465,100,99.943999,-6.643856189774724
3,THA22,3,4,B9,837S1465,100,99.60799,-6.643856189774724
3,THA22,1,4,B10,837S1472,100,57.774874,-6.643856189774724
3,THA22,2,4,B11,837S1472,100,66.119097,-6.643856189774724
3,THA22,3,4,B12,837S1472,100,55.310808,-6.643856189774724
3,THA22,1,4,C1,837S1460,200,80.343476,-7.643856189774724
3,THA22,2,4,C2,837S1460,200,86.335636,-7.643856189774724
3,THA22,3,4,C3,837S1460,200,87.063655,-7.643856189774724
3,THA22,1,4,C4,837S1461,200,76.36737,-7.643856189774724
3,THA22,2,4,C5,837S1461,200,74.855329,-7.643856189774724
3,THA22,3,4,C6,837S1461,200,78.663431,-7.643856189774724
3,THA22,1,4,C7,837S1465,200,99.943999,-7.643856189774724
3,THA22,2,4,C8,837S1465,200,99.60799,-7.643856189774724
3,THA22,3,4,C9,837S1465,200,99.775994,-7.643856189774724
3,THA22,1,4,C10,837S1472,200,36.494307,-7.643856189774724
3,THA22,2,4,C11,837S1472,200,43.38249,-7.643856189774724
3,THA22,3,4,C12,837S1472,200,37.446332,-7.643856189774724
3,THA22,1,4,D1,837S1460,400,55.702819,-8.643856189774725
3,THA22,2,4,D2,837S1460,400,52.73474,-8.643856189774725
3,THA22,3,4,D3,837S1460,400,58.222886,-8.643856189774725
3,THA22,1,4,D4,837S1461,400,47.638604,-8.643856189774725
3,THA22,2,4,D5,837S1461,400,44.166511,-8.643856189774725
3,THA22,3,4,D6,837S1461,400,45.006534,-8.643856189774725
3,THA22,1,4,D7,837S1465,400,99.60799,-8.643856189774725
3,THA22,2,4,D8,837S1465,400,99.943999,-8.643856189774725
3,THA22,3,4,D9,837S1465,400,99.047975,-8.643856189774725
3,THA22,1,4,D10,837S1472,400,23.50196,-8.643856189774725
3,THA22,2,4,D11,837S1472,400,35.598283,-8.643856189774725
3,THA22,3,4,D12,837S1472,400,22.269927,-8.643856189774725
3,THA22,1,4,E1,837S1460,800,35.374277,-9.643856189774723
3,THA22,2,4,E2,837S1460,800,34.926265,-9.643856189774723
3,THA22,3,4,E3,837S1460,800,33.918238,-9.643856189774723
3,THA22,1,4,E4,837S1461,800,34.030241,-9.643856189774723
3,THA22,2,4,E5,837S1461,800,28.486093,-9.643856189774723
3,THA22,3,4,E6,837S1461,800,36.830315,-9.643856189774723
3,THA22,1,4,E7,837S1465,800,97.423931,-9.643856189774723
3,THA22,2,4,E8,837S1465,800,97.143924,-9.643856189774723
3,THA22,3,4,E9,837S1465,800,96.807915,-9.643856189774723
3,THA22,1,4,E10,837S1472,800,9.949599,-9.643856189774723
3,THA22,2,4,E11,837S1472,800,21.933918,-9.643856189774723
3,THA22,3,4,E12,837S1472,800,0.709352,-9.643856189774723
3,THA22,1,4,F1,837S1460,1600,25.630017,-10.643856189774723
3,THA22,2,4,F2,837S1460,1600,21.485906,-10.643856189774723
3,THA22,3,4,F3,837S1460,1600,18.069815,-10.643856189774723
3,THA22,1,4,F4,837S1461,1600,19.413851,-10.643856189774723
3,THA22,2,4,F5,837S1461,1600,18.853836,-10.643856189774723
3,THA22,3,4,F6,837S1461,1600,14.48572,-10.643856189774723
3,THA22,1,4,F7,837S1465,1600,85.663618,-10.643856189774723
3,THA22,2,4,F8,837S1465,1600,85.215606,-10.643856189774723
3,THA22,3,4,F9,837S1465,1600,85.943625,-10.643856189774723
3,THA22,3,4,F10,837S1472,1600,12.693672,-10.643856189774723
3,THA22,3,4,F11,837S1472,1600,20.365876,-10.643856189774723
3,THA22,3,4,F12,837S1472,1600,5.973493,-10.643856189774723
3,THA22,1,4,G1,837S1460,3200,15.493747,-11.643856189774723
3,THA22,2,4,G2,837S1460,3200,12.861676,-11.643856189774723
3,THA22,3,4,G3,837S1460,3200,17.621803,-11.643856189774723
3,THA22,1,4,G4,837S1461,3200,17.173791,-11.643856189774723
3,THA22,2,4,G5,837S1461,3200,8.49356,-11.643856189774723
3,THA22,3,4,G6,837S1461,3200,20.589882,-11.643856189774723
3,THA22,1,4,G7,837S1465,3200,63.823035,-11.643856189774723
3,THA22,2,4,G8,837S1465,3200,60.742953,-11.643856189774723
3,THA22,3,4,G9,837S1465,3200,58.334889,-11.643856189774723
3,THA22,1,4,G10,837S1472,3200,12.301661,-11.643856189774723
3,THA22,2,4,G11,837S1472,3200,17.789808,-11.643856189774723
3,THA22,3,4,G12,837S1472,3200,8.829569,-11.643856189774723
3,THA22,1,5,A1,837S1476,50,61.612176,-5.643856189774724
3,THA22,2,5,A2,837S1476,50,52.931229,-5.643856189774724
3,THA22,3,5,A3,837S1476,50,58.060879,-5.643856189774724
3,THA22,1,5,A4,837S1479,50,74.069899,-5.643856189774724
3,THA22,2,5,A5,837S1479,50,70.856821,-5.643856189774724
3,THA22,3,5,A6,837S1479,50,72.040586,-5.643856189774724
3,THA22,1,5,A7,837S1485,50,99.774521,-5.643856189774724
3,THA22,2,5,A8,837S1485,50,99.661781,-5.643856189774724
3,THA22,3,5,A9,837S1485,50,99.830891,-5.643856189774724
3,THA22,1,5,A10,837S1491,50,99.549042,-5.643856189774724
3,THA22,2,5,A11,837S1491,50,99.492672,-5.643856189774724
3,THA22,3,5,A12,837S1491,50,99.774521,-5.643856189774724
3,THA22,1,5,B1,837S1476,100,37.993236,-6.643856189774724
3,THA22,2,5,B2,837S1476,100,29.594138,-6.643856189774724
3,THA22,3,5,B3,837S1476,100,33.370913,-6.643856189774724
3,THA22,1,5,B4,837S1479,100,59.582864,-6.643856189774724
3,THA22,2,5,B5,837S1479,100,50.789177,-6.643856189774724
3,THA22,3,5,B6,837S1479,100,56.933484,-6.643856189774724
3,THA22,1,5,B7,837S1485,100,97.745209,-6.643856189774724
3,THA22,2,5,B8,837S1485,100,98.196167,-6.643856189774724
3,THA22,3,5,B9,837S1485,100,97.46336,-6.643856189774724
3,THA22,1,5,B10,837S1491,100,96.166855,-6.643856189774724
3,THA22,2,5,B11,837S1491,100,97.35062,-6.643856189774724
3,THA22,3,5,B12,837S1491,100,96.843292,-6.643856189774724
3,THA22,1,5,C1,837S1476,200,16.065389,-7.643856189774724
3,THA22,2,5,C2,837S1476,200,15.276212,-7.643856189774724
3,THA22,3,5,C3,837S1476,200,17.700113,-7.643856189774724
3,THA22,1,5,C4,837S1479,200,36.583991,-7.643856189774724
3,THA22,2,5,C5,837S1479,200,32.468997,-7.643856189774724
3,THA22,3,5,C6,837S1479,200,29.481398,-7.643856189774724
3,THA22,1,5,C7,837S1485,200,85.851184,-7.643856189774724
3,THA22,2,5,C8,837S1485,200,87.936866,-7.643856189774724
3,THA22,3,5,C9,837S1485,200,89.289741,-7.643856189774724
3,THA22,1,5,C10,837S1491,200,85.512965,-7.643856189774724
3,THA22,2,5,C11,837S1491,200,86.696731,-7.643856189774724
3,THA22,3,5,C12,837S1491,200,82.468997,-7.643856189774724
3,THA22,1,5,D1,837S1476,400,19.729425,-8.643856189774725
3,THA22,2,5,D2,837S1476,400,1.296505,-8.643856189774725
3,THA22,3,5,D3,837S1476,400,0.169109,-8.643856189774725
3,THA22,1,5,D4,837S1479,400,23.393461,-8.643856189774725
3,THA22,2,5,D5,837S1479,400,17.474633999999998,-8.643856189774725
3,THA22,3,5,D6,837S1479,400,24.464487,-8.643856189774725
3,THA22,1,5,D7,837S1485,400,75.648253,-8.643856189774725
3,THA22,2,5,D8,837S1485,400,75.310034,-8.643856189774725
3,THA22,3,5,D9,837S1485,400,69.165727,-8.643856189774725
3,THA22,1,5,D10,837S1491,400,61.443067,-8.643856189774725
3,THA22,2,5,D11,837S1491,400,66.629087,-8.643856189774725
3,THA22,3,5,D12,837S1491,400,62.795941,-8.643856189774725
3,THA22,1,5,E1,837S1476,800,12.006764,-9.643856189774723
3,THA22,2,5,E2,837S1476,800,15.6708,-9.643856189774723
3,THA22,3,5,E3,837S1476,800,13.021421,-9.643856189774723
3,THA22,1,5,E4,837S1479,800,33.145434,-9.643856189774723
3,THA22,2,5,E5,837S1479,800,22.942503,-9.643856189774723
3,THA22,3,5,E6,837S1479,800,27.226607,-9.643856189774723
3,THA22,1,5,E7,837S1485,800,54.396843,-9.643856189774723
3,THA22,2,5,E8,837S1485,800,44.75761,-9.643856189774723
3,THA22,3,5,E9,837S1485,800,44.024803,-9.643856189774723
3,THA22,1,5,E10,837S1491,800,43.912063,-9.643856189774723
3,THA22,2,5,E11,837S1491,800,46.110485,-9.643856189774723
3,THA22,3,5,E12,837S1491,800,36.527621,-9.643856189774723
3,THA22,1,5,F1,837S1476,1600,12.683202,-10.643856189774723
3,THA22,2,5,F2,837S1476,1600,5.693348,-10.643856189774723
3,THA22,3,5,F3,837S1476,1600,13.866967,-10.643856189774723
3,THA22,1,5,F4,837S1479,1600,24.126268,-10.643856189774723
3,THA22,2,5,F5,837S1479,1600,16.629087,-10.643856189774723
3,THA22,3,5,F6,837S1479,1600,20.462232,-10.643856189774723
3,THA22,1,5,F7,837S1485,1600,46.448703,-10.643856189774723
3,THA22,2,5,F8,837S1485,1600,31.848929,-10.643856189774723
3,THA22,3,5,F9,837S1485,1600,28.86133,-10.643856189774723
3,THA22,3,5,F10,837S1491,1600,32.468997,-10.643856189774723
3,THA22,3,5,F11,837S1491,1600,22.435175,-10.643856189774723
3,THA22,3,5,F12,837S1491,1600,10.090192,-10.643856189774723
3,THA22,1,5,G1,837S1476,3200,27.564825,-11.643856189774723
3,THA22,2,5,G2,837S1476,3200,15.445321,-11.643856189774723
3,THA22,3,5,G3,837S1476,3200,21.0823,-11.643856189774723
3,THA22,1,5,G4,837S1479,3200,15.78354,-11.643856189774723
3,THA22,2,5,G5,837S1479,3200,21.307779,-11.643856189774723
3,THA22,3,5,G6,837S1479,3200,29.763247,-11.643856189774723
3,THA22,1,5,G7,837S1485,3200,30.270575,-11.643856189774723
3,THA22,2,5,G8,837S1485,3200,23.67531,-11.643856189774723
3,THA22,3,5,G9,837S1485,3200,22.096956,-11.643856189774723
3,THA22,1,5,G10,837S1491,3200,12.683202,-11.643856189774723
3,THA22,2,5,G11,837S1491,3200,20.518602,-11.643856189774723
3,THA22,3,5,G12,837S1491,3200,7.384442,-11.643856189774723
3,THA22,1,6,A1,837S1492,50,84.055249,-5.643856189774724
3,THA22,2,6,A2,837S1492,50,79.381215,-5.643856189774724
3,THA22,3,6,A3,837S1492,50,77.19337,-5.643856189774724
3,THA22,1,6,A4,837S1493,50,88.596685,-5.643856189774724
3,THA22,2,6,A5,837S1493,50,93.569061,-5.643856189774724
3,THA22,3,6,A6,837S1493,50,85.149171,-5.643856189774724
3,THA22,1,6,A7,837S1495,50,88.961326,-5.643856189774724
3,THA22,2,6,A8,837S1495,50,89.392265,-5.643856189774724
3,THA22,3,6,A9,837S1495,50,88.79558,-5.643856189774724
3,THA22,1,6,A10,837S1498,50,89.226519,-5.643856189774724
3,THA22,2,6,A11,837S1498,50,84.453039,-5.643856189774724
3,THA22,3,6,A12,837S1498,50,90.983425,-5.643856189774724
3,THA22,1,6,B1,837S1492,100,70.430939,-6.643856189774724
3,THA22,2,6,B2,837S1492,100,83.19337,-6.643856189774724
3,THA22,3,6,B3,837S1492,100,79.414365,-6.643856189774724
3,THA22,1,6,B4,837S1493,100,89.060773,-6.643856189774724
3,THA22,2,6,B5,837S1493,100,82.729282,-6.643856189774724
3,THA22,3,6,B6,837S1493,100,79.149171,-6.643856189774724
3,THA22,1,6,B7,837S1495,100,94.39779,-6.643856189774724
3,THA22,2,6,B8,837S1495,100,90.850829,-6.643856189774724
3,THA22,3,6,B9,837S1495,100,87.767956,-6.643856189774724
3,THA22,1,6,B10,837S1498,100,89.458564,-6.643856189774724
3,THA22,2,6,B11,837S1498,100,88.961326,-6.643856189774724
3,THA22,3,6,B12,837S1498,100,95.027624,-6.643856189774724
3,THA22,1,6,C1,837S1492,200,57.60221,-7.643856189774724
3,THA22,2,6,C2,837S1492,200,69.734807,-7.643856189774724
3,THA22,3,6,C3,837S1492,200,76.066298,-7.643856189774724
3,THA22,1,6,C4,837S1493,200,73.911602,-7.643856189774724
3,THA22,2,6,C5,837S1493,200,80.640884,-7.643856189774724
3,THA22,3,6,C6,837S1493,200,77.060773,-7.643856189774724
3,THA22,1,6,C7,837S1495,200,87.237569,-7.643856189774724
3,THA22,2,6,C8,837S1495,200,84.983425,-7.643856189774724
3,THA22,3,6,C9,837S1495,200,84.187845,-7.643856189774724
3,THA22,1,6,C10,837S1498,200,90.685083,-7.643856189774724
3,THA22,2,6,C11,837S1498,200,93.171271,-7.643856189774724
3,THA22,3,6,C12,837S1498,200,92.872928,-7.643856189774724
3,THA22,1,6,D1,837S1492,400,43.580111,-8.643856189774725
3,THA22,2,6,D2,837S1492,400,52.066298,-8.643856189774725
3,THA22,3,6,D3,837S1492,400,59.558011,-8.643856189774725
3,THA22,1,6,D4,837S1493,400,68.541436,-8.643856189774725
3,THA22,2,6,D5,837S1493,400,59.889503,-8.643856189774725
3,THA22,3,6,D6,837S1493,400,58.895028,-8.643856189774725
3,THA22,1,6,D7,837S1495,400,80.906077,-8.643856189774725
3,THA22,2,6,D8,837S1495,400,84.519337,-8.643856189774725
3,THA22,3,6,D9,837S1495,400,73.381215,-8.643856189774725
3,THA22,1,6,D10,837S1498,400,90.022099,-8.643856189774725
3,THA22,2,6,D11,837S1498,400,89.093923,-8.643856189774725
3,THA22,3,6,D12,837S1498,400,73.049724,-8.643856189774725
3,THA22,1,6,E1,837S1492,800,25.977901,-9.643856189774723
3,THA22,2,6,E2,837S1492,800,44.508287,-9.643856189774723
3,THA22,3,6,E3,837S1492,800,46.596685,-9.643856189774723
3,THA22,1,6,E4,837S1493,800,49.977901,-9.643856189774723
3,THA22,2,6,E5,837S1493,800,47.127072,-9.643856189774723
3,THA22,3,6,E6,837S1493,800,49.447514,-9.643856189774723
3,THA22,1,6,E7,837S1495,800,57.701657,-9.643856189774723
3,THA22,2,6,E8,837S1495,800,55.911602,-9.643856189774723
3,THA22,3,6,E9,837S1495,800,58.828729,-9.643856189774723
3,THA22,1,6,E10,837S1498,800,69.502762,-9.643856189774723
3,THA22,2,6,E11,837S1498,800,73.745856,-9.643856189774723
3,THA22,3,6,E12,837S1498,800,58.861878,-9.643856189774723
3,THA22,1,6,F1,837S1492,1600,16.828729,-10.643856189774723
3,THA22,2,6,F2,837S1492,1600,37.381215,-10.643856189774723
3,THA22,3,6,F3,837S1492,1600,25.944751,-10.643856189774723
3,THA22,1,6,F4,837S1493,1600,30.983425,-10.643856189774723
3,THA22,2,6,F5,837S1493,1600,33.834254,-10.643856189774723
3,THA22,3,6,F6,837S1493,1600,32.740331,-10.643856189774723
3,THA22,1,6,F7,837S1495,1600,55.348066,-10.643856189774723
3,THA22,2,6,F8,837S1495,1600,44.80663,-10.643856189774723
3,THA22,3,6,F9,837S1495,1600,32.80663,-10.643856189774723
3,THA22,3,6,F10,837S1498,1600,53.558011,-10.643856189774723
3,THA22,3,6,F11,837S1498,1600,54.950276,-10.643856189774723
3,THA22,3,6,F12,837S1498,1600,42.618785,-10.643856189774723
3,THA22,1,6,G1,837S1492,3200,13.977901,-11.643856189774723
3,THA22,2,6,G2,837S1492,3200,21.20442,-11.643856189774723
3,THA22,3,6,G3,837S1492,3200,23.790055,-11.643856189774723
3,THA22,1,6,G4,837S1493,3200,32.276243,-11.643856189774723
3,THA22,2,6,G5,837S1493,3200,22,-11.643856189774723
3,THA22,3,6,G6,837S1493,3200,47.093923,-11.643856189774723
3,THA22,1,6,G7,837S1495,3200,29.690608,-11.643856189774723
3,THA22,2,6,G8,837S1495,3200,25.812155,-11.643856189774723
3,THA22,3,6,G9,837S1495,3200,23.226519,-11.643856189774723
3,THA22,1,6,G10,837S1498,3200,31.414365,-11.643856189774723
3,THA22,2,6,G11,837S1498,3200,33.900552,-11.643856189774723
3,THA22,3,6,G12,837S1498,3200,34.696133,-11.643856189774723
3,ENG24,1,1,A1,837S1394,50,59.28216,-5.643856189774724
3,ENG24,2,1,A2,837S1394,50,60.910873,-5.643856189774724
3,ENG24,3,1,A3,837S1394,50,60.729905,-5.643856189774724
3,ENG24,1,1,A4,837S1399,50,41.185342,-5.643856189774724
3,ENG24,2,1,A5,837S1399,50,34.399035,-5.643856189774724
3,ENG24,3,1,A6,837S1399,50,34.308551,-5.643856189774724
3,ENG24,1,1,A7,837S1400,50,99.77379,-5.643856189774724
3,ENG24,2,1,A8,837S1400,50,99.864274,-5.643856189774724
3,ENG24,3,1,A9,837S1400,50,99.909516,-5.643856189774724
3,ENG24,1,1,A10,837S1401,50,98.145076,-5.643856189774724
3,ENG24,2,1,A11,837S1401,50,98.733223,-5.643856189774724
3,ENG24,3,1,A12,837S1401,50,99.049917,-5.643856189774724
3,ENG24,1,1,B1,837S1394,100,46.071482,-6.643856189774724
3,ENG24,2,1,B2,837S1394,100,48.107374,-6.643856189774724
3,ENG24,3,1,B3,837S1394,100,45.121399,-6.643856189774724
3,ENG24,1,1,B4,837S1399,100,41.275826,-6.643856189774724
3,ENG24,2,1,B5,837S1399,100,34.218067,-6.643856189774724
3,ENG24,3,1,B6,837S1399,100,40.416227,-6.643856189774724
3,ENG24,1,1,B7,837S1400,100,99.864274,-6.643856189774724
3,ENG24,2,1,B8,837S1400,100,99.864274,-6.643856189774724
3,ENG24,3,1,B9,837S1400,100,99.728548,-6.643856189774724
3,ENG24,1,1,B10,837S1401,100,91.494496,-6.643856189774724
3,ENG24,2,1,B11,837S1401,100,92.896999,-6.643856189774724
3,ENG24,3,1,B12,837S1401,100,93.258935,-6.643856189774724
3,ENG24,1,1,C1,837S1394,200,32.317901,-7.643856189774724
3,ENG24,2,1,C2,837S1394,200,30.146283,-7.643856189774724
3,ENG24,3,1,C3,837S1394,200,32.136933,-7.643856189774724
3,ENG24,1,1,C4,837S1399,200,44.216559,-7.643856189774724
3,ENG24,2,1,C5,837S1399,200,31.141608,-7.643856189774724
3,ENG24,3,1,C6,837S1399,200,31.141608,-7.643856189774724
3,ENG24,1,1,C7,837S1400,200,98.145076,-7.643856189774724
3,ENG24,2,1,C8,837S1400,200,99.457095,-7.643856189774724
3,ENG24,3,1,C9,837S1400,200,98.687981,-7.643856189774724
3,ENG24,1,1,C10,837S1401,200,76.836073,-7.643856189774724
3,ENG24,2,1,C11,837S1401,200,78.690997,-7.643856189774724
3,ENG24,3,1,C12,837S1401,200,77.42422,-7.643856189774724
3,ENG24,1,1,D1,837S1394,400,30.508219,-8.643856189774725
3,ENG24,2,1,D2,837S1394,400,19.650128,-8.643856189774725
3,ENG24,3,1,D3,837S1394,400,28.200875,-8.643856189774725
3,ENG24,1,1,D4,837S1399,400,31.367818,-8.643856189774725
3,ENG24,2,1,D5,837S1399,400,28.743779,-8.643856189774725
3,ENG24,3,1,D6,837S1399,400,32.091691,-8.643856189774725
3,ENG24,1,1,D7,837S1400,400,88.010858,-8.643856189774725
3,ENG24,2,1,D8,837S1400,400,92.354094,-8.643856189774725
3,ENG24,3,1,D9,837S1400,400,91.720706,-8.643856189774725
3,ENG24,1,1,D10,837S1401,400,54.215051,-8.643856189774725
3,ENG24,2,1,D11,837S1401,400,52.314885,-8.643856189774725
3,ENG24,3,1,D12,837S1401,400,49.645604,-8.643856189774725
3,ENG24,1,1,E1,837S1394,800,31.367818,-9.643856189774723
3,ENG24,2,1,E2,837S1394,800,25.622078,-9.643856189774723
3,ENG24,3,1,E3,837S1394,800,22.455135,-9.643856189774723
3,ENG24,1,1,E4,837S1399,800,34.941939,-9.643856189774723
3,ENG24,2,1,E5,837S1399,800,16.799879,-9.643856189774723
3,ENG24,3,1,E6,837S1399,800,25.984014,-9.643856189774723
3,ENG24,1,1,E7,837S1400,800,62.992007,-9.643856189774723
3,ENG24,2,1,E8,837S1400,800,71.407028,-9.643856189774723
3,ENG24,3,1,E9,837S1400,800,61.137083,-9.643856189774723
3,ENG24,1,1,E10,837S1401,800,24.626753,-9.643856189774723
3,ENG24,2,1,E11,837S1401,800,23.631428,-9.643856189774723
3,ENG24,3,1,E12,837S1401,800,23.586186,-9.643856189774723
3,ENG24,1,1,F1,837S1394,1600,27.929422,-10.643856189774723
3,ENG24,2,1,F2,837S1394,1600,23.721912,-10.643856189774723
3,ENG24,3,1,F3,837S1394,1600,18.609561,-10.643856189774723
3,ENG24,1,1,F4,837S1399,1600,27.88418,-10.643856189774723
3,ENG24,2,1,F5,837S1399,1600,23.857638,-10.643856189774723
3,ENG24,3,1,F6,837S1399,1600,29.377168,-10.643856189774723
3,ENG24,1,1,F7,837S1400,1600,55.662796,-10.643856189774723
3,ENG24,2,1,F8,837S1400,1600,51.726738,-10.643856189774723
3,ENG24,3,1,F9,837S1400,1600,37.249284,-10.643856189774723
3,ENG24,3,1,F10,837S1401,1600,31.051124,-10.643856189774723
3,ENG24,3,1,F11,837S1401,1600,21.45981,-10.643856189774723
3,ENG24,3,1,F12,837S1401,1600,19.92158,-10.643856189774723
3,ENG24,1,1,G1,837S1394,3200,27.024582,-11.643856189774723
3,ENG24,2,1,G2,837S1394,3200,28.698537,-11.643856189774723
3,ENG24,3,1,G3,837S1394,3200,16.573669,-11.643856189774723
3,ENG24,1,1,G4,837S1399,3200,27.386518,-11.643856189774723
3,ENG24,2,1,G5,837S1399,3200,20.012065,-11.643856189774723
3,ENG24,3,1,G6,837S1399,3200,25.938772,-11.643856189774723
3,ENG24,1,1,G7,837S1400,3200,29.150958,-11.643856189774723
3,ENG24,2,1,G8,837S1400,3200,24.762479,-11.643856189774723
3,ENG24,3,1,G9,837S1400,3200,5.851304,-11.643856189774723
3,ENG24,1,1,G10,837S1401,3200,13.994873,-11.643856189774723
3,ENG24,2,1,G11,837S1401,3200,8.746795,-11.643856189774723
3,ENG24,3,1,G12,837S1401,3200,14.537777,-11.643856189774723
3,ENG24,1,2,A1,837S1408,50,99.94575,-5.643856189774724
3,ENG24,2,2,A2,837S1408,50,99.94575,-5.643856189774724
3,ENG24,3,2,A3,837S1408,50,99.891501,-5.643856189774724
3,ENG24,1,2,A4,837S1419,50,69.620253,-5.643856189774724
3,ENG24,2,2,A5,837S1419,50,74.665461,-5.643856189774724
3,ENG24,3,2,A6,837S1419,50,68.643761,-5.643856189774724
3,ENG24,1,2,A7,837S1421,50,1.157324,-5.643856189774724
3,ENG24,2,2,A8,837S1421,50,10.976492,-5.643856189774724
3,ENG24,3,2,A9,837S1421,50,-1.012658,-5.643856189774724
3,ENG24,1,2,A10,837S1434,50,73.63472,-5.643856189774724
3,ENG24,2,2,A11,837S1434,50,69.349005,-5.643856189774724
3,ENG24,3,2,A12,837S1434,50,71.518987,-5.643856189774724
3,ENG24,1,2,B1,837S1408,100,99.349005,-6.643856189774724
3,ENG24,2,2,B2,837S1408,100,99.403255,-6.643856189774724
3,ENG24,3,2,B3,837S1408,100,99.349005,-6.643856189774724
3,ENG24,1,2,B4,837S1419,100,57.685353,-6.643856189774724
3,ENG24,2,2,B5,837S1419,100,58.499096,-6.643856189774724
3,ENG24,3,2,B6,837S1419,100,53.508137,-6.643856189774724
3,ENG24,1,2,B7,837S1421,100,-3.942134,-6.643856189774724
3,ENG24,2,2,B8,837S1421,100,-7.359855,-6.643856189774724
3,ENG24,3,2,B9,837S1421,100,-23.309222,-6.643856189774724
3,ENG24,1,2,B10,837S1434,100,54.484629,-6.643856189774724
3,ENG24,2,2,B11,837S1434,100,39.240506,-6.643856189774724
3,ENG24,3,2,B12,837S1434,100,50.361664,-6.643856189774724
3,ENG24,1,2,C1,837S1408,200,96.41953,-7.643856189774724
3,ENG24,2,2,C2,837S1408,200,96.799277,-7.643856189774724
3,ENG24,3,2,C3,837S1408,200,96.528029,-7.643856189774724
3,ENG24,1,2,C4,837S1419,200,33.869801,-7.643856189774724
3,ENG24,2,2,C5,837S1419,200,31.916817000000002,-7.643856189774724
3,ENG24,3,2,C6,837S1419,200,39.728752,-7.643856189774724
3,ENG24,1,2,C7,837S1421,200,-0.415913,-7.643856189774724
3,ENG24,2,2,C8,837S1421,200,5.334539,-7.643856189774724
3,ENG24,3,2,C9,837S1421,200,-7.9566,-7.643856189774724
3,ENG24,1,2,C10,837S1434,200,31.537071,-7.643856189774724
3,ENG24,2,2,C11,837S1434,200,26.437613,-7.643856189774724
3,ENG24,3,2,C12,837S1434,200,31.754069,-7.643856189774724
3,ENG24,1,2,D1,837S1408,400,82.0434,-8.643856189774725
3,ENG24,2,2,D2,837S1408,400,84.484629,-8.643856189774725
3,ENG24,3,2,D3,837S1408,400,88.553345,-8.643856189774725
3,ENG24,1,2,D4,837S1419,400,34.900543,-8.643856189774725
3,ENG24,2,2,D5,837S1419,400,25.352622,-8.643856189774725
3,ENG24,3,2,D6,837S1419,400,34.086799,-8.643856189774725
3,ENG24,1,2,D7,837S1421,400,-0.036166,-8.643856189774725
3,ENG24,2,2,D8,837S1421,400,35.605787,-8.643856189774725
3,ENG24,3,2,D9,837S1421,400,-18.698011,-8.643856189774725
3,ENG24,1,2,D10,837S1434,400,28.824593,-8.643856189774725
3,ENG24,2,2,D11,837S1434,400,10.05425,-8.643856189774725
3,ENG24,3,2,D12,837S1434,400,4.900542,-8.643856189774725
3,ENG24,1,2,E1,837S1408,800,61.754069,-9.643856189774723
3,ENG24,2,2,E2,837S1408,800,67.070524,-9.643856189774723
3,ENG24,3,2,E3,837S1408,800,64.792043,-9.643856189774723
3,ENG24,1,2,E4,837S1419,800,21.772152,-9.643856189774723
3,ENG24,2,2,E5,837S1419,800,19.54792,-9.643856189774723
3,ENG24,3,2,E6,837S1419,800,42.549729,-9.643856189774723
3,ENG24,1,2,E7,837S1421,800,2.622061,-9.643856189774723
3,ENG24,2,2,E8,837S1421,800,53.996383,-9.643856189774723
3,ENG24,3,2,E9,837S1421,800,-4.864376,-9.643856189774723
3,ENG24,1,2,E10,837S1434,800,21.826401,-9.643856189774723
3,ENG24,2,2,E11,837S1434,800,17.594937,-9.643856189774723
3,ENG24,3,2,E12,837S1434,800,10.488246,-9.643856189774723
3,ENG24,1,2,F1,837S1408,1600,36.582278,-10.643856189774723
3,ENG24,2,2,F2,837S1408,1600,39.457505,-10.643856189774723
3,ENG24,3,2,F3,837S1408,1600,36.799277,-10.643856189774723
3,ENG24,1,2,F4,837S1419,1600,19.385172,-10.643856189774723
3,ENG24,2,2,F5,837S1419,1600,-1.663653,-10.643856189774723
3,ENG24,3,2,F6,837S1419,1600,16.401447,-10.643856189774723
3,ENG24,1,2,F7,837S1421,1600,-0.253165,-10.643856189774723
3,ENG24,2,2,F8,837S1421,1600,17.920434,-10.643856189774723
3,ENG24,3,2,F9,837S1421,1600,-13.218807,-10.643856189774723
3,ENG24,3,2,F10,837S1434,1600,23.019891,-10.643856189774723
3,ENG24,3,2,F11,837S1434,1600,10.216998,-10.643856189774723
3,ENG24,3,2,F12,837S1434,1600,-7.739602,-10.643856189774723
3,ENG24,1,2,G1,837S1408,3200,23.562387,-11.643856189774723
3,ENG24,2,2,G2,837S1408,3200,23.562387,-11.643856189774723
3,ENG24,3,2,G3,837S1408,3200,23.562387,-11.643856189774723
3,ENG24,1,2,G4,837S1419,3200,16.238698,-11.643856189774723
3,ENG24,2,2,G5,837S1419,3200,7.775769,-11.643856189774723
3,ENG24,3,2,G6,837S1419,3200,8.481013,-11.643856189774723
3,ENG24,1,2,G7,837S1421,3200,5.009042,-11.643856189774723
3,ENG24,2,2,G8,837S1421,3200,11.790235,-11.643856189774723
3,ENG24,3,2,G9,837S1421,3200,-7.793852,-11.643856189774723
3,ENG24,1,2,G10,837S1434,3200,18.517179,-11.643856189774723
3,ENG24,2,2,G11,837S1434,3200,12.875226,-11.643856189774723
3,ENG24,3,2,G12,837S1434,3200,17.21519,-11.643856189774723
3,ENG24,1,3,A1,837S1435,50,89.261619,-5.643856189774724
3,ENG24,2,3,A2,837S1435,50,87.79985,-5.643856189774724
3,ENG24,3,3,A3,837S1435,50,87.856072,-5.643856189774724
3,ENG24,1,3,A4,837S1439,50,99.887556,-5.643856189774724
3,ENG24,2,3,A5,837S1439,50,99.887556,-5.643856189774724
3,ENG24,3,3,A6,837S1439,50,100,-5.643856189774724
3,ENG24,1,3,A7,837S1457,50,81.671664,-5.643856189774724
3,ENG24,2,3,A8,837S1457,50,84.707646,-5.643856189774724
3,ENG24,3,3,A9,837S1457,50,84.482759,-5.643856189774724
3,ENG24,1,3,A10,837S1458,50,96.233133,-5.643856189774724
3,ENG24,2,3,A11,837S1458,50,94.996252,-5.643856189774724
3,ENG24,3,3,A12,837S1458,50,97.188906,-5.643856189774724
3,ENG24,1,3,B1,837S1435,100,76.78036,-6.643856189774724
3,ENG24,2,3,B2,837S1435,100,76.949025,-6.643856189774724
3,ENG24,3,3,B3,837S1435,100,73.463268,-6.643856189774724
3,ENG24,1,3,B4,837S1439,100,99.775112,-6.643856189774724
3,ENG24,2,3,B5,837S1439,100,99.606447,-6.643856189774724
3,ENG24,3,3,B6,837S1439,100,99.775112,-6.643856189774724
3,ENG24,1,3,B7,837S1457,100,66.829085,-6.643856189774724
3,ENG24,2,3,B8,837S1457,100,69.077961,-6.643856189774724
3,ENG24,3,3,B9,837S1457,100,61.60045,-6.643856189774724
3,ENG24,1,3,B10,837S1458,100,83.358321,-6.643856189774724
3,ENG24,2,3,B11,837S1458,100,82.683658,-6.643856189774724
3,ENG24,3,3,B12,837S1458,100,83.751874,-6.643856189774724
3,ENG24,1,3,C1,837S1435,200,62.893553,-7.643856189774724
3,ENG24,2,3,C2,837S1435,200,55.697151,-7.643856189774724
3,ENG24,3,3,C3,837S1435,200,53.841829,-7.643856189774724
3,ENG24,1,3,C4,837S1439,200,98.81934,-7.643856189774724
3,ENG24,2,3,C5,837S1439,200,97.976012,-7.643856189774724
3,ENG24,3,3,C6,837S1439,200,99.381559,-7.643856189774724
3,ENG24,1,3,C7,837S1457,200,24.381559,-7.643856189774724
3,ENG24,2,3,C8,837S1457,200,46.083208,-7.643856189774724
3,ENG24,3,3,C9,837S1457,200,17.241379,-7.643856189774724
3,ENG24,1,3,C10,837S1458,200,48.838081,-7.643856189774724
3,ENG24,2,3,C11,837S1458,200,49.456522,-7.643856189774724
3,ENG24,3,3,C12,837S1458,200,50.018741,-7.643856189774724
3,ENG24,1,3,D1,837S1435,400,23.763118,-8.643856189774725
3,ENG24,2,3,D2,837S1435,400,16.004498,-8.643856189774725
3,ENG24,3,3,D3,837S1435,400,21.008246,-8.643856189774725
3,ENG24,1,3,D4,837S1439,400,86.844078,-8.643856189774725
3,ENG24,2,3,D5,837S1439,400,89.261619,-8.643856189774725
3,ENG24,3,3,D6,837S1439,400,94.265367,-8.643856189774725
3,ENG24,1,3,D7,837S1457,400,0.655922,-8.643856189774725
3,ENG24,2,3,D8,837S1457,400,19.096702,-8.643856189774725
3,ENG24,3,3,D9,837S1457,400,-22.395052,-8.643856189774725
3,ENG24,1,3,D10,837S1458,400,-8.452024,-8.643856189774725
3,ENG24,2,3,D11,837S1458,400,-21.495502,-8.643856189774725
3,ENG24,3,3,D12,837S1458,400,-17.335082,-8.643856189774725
3,ENG24,1,3,E1,837S1435,800,32.983508,-9.643856189774723
3,ENG24,2,3,E2,837S1435,800,26.18066,-9.643856189774723
3,ENG24,3,3,E3,837S1435,800,21.795352,-9.643856189774723
3,ENG24,1,3,E4,837S1439,800,74.250375,-9.643856189774723
3,ENG24,2,3,E5,837S1439,800,71.495502,-9.643856189774723
3,ENG24,3,3,E6,837S1439,800,78.242129,-9.643856189774723
3,ENG24,1,3,E7,837S1457,800,23.088456,-9.643856189774723
3,ENG24,2,3,E8,837S1457,800,55.472264,-9.643856189774723
3,ENG24,3,3,E9,837S1457,800,13.6994,-9.643856189774723
3,ENG24,1,3,E10,837S1458,800,-22.61994,-9.643856189774723
3,ENG24,2,3,E11,837S1458,800,-13.174663,-9.643856189774723
3,ENG24,3,3,E12,837S1458,800,-31.109445,-9.643856189774723
3,ENG24,1,3,F1,837S1435,1600,27.867316,-10.643856189774723
3,ENG24,2,3,F2,837S1435,1600,18.815592,-10.643856189774723
3,ENG24,3,3,F3,837S1435,1600,19.715142,-10.643856189774723
3,ENG24,1,3,F4,837S1439,1600,51.48051,-10.643856189774723
3,ENG24,2,3,F5,837S1439,1600,42.653673,-10.643856189774723
3,ENG24,3,3,F6,837S1439,1600,52.717391,-10.643856189774723
3,ENG24,1,3,F7,837S1457,1600,8.526987,-10.643856189774723
3,ENG24,2,3,F8,837S1457,1600,27.08021,-10.643856189774723
3,ENG24,3,3,F9,837S1457,1600,9.089205,-10.643856189774723
3,ENG24,3,3,F10,837S1458,1600,-31.615442,-10.643856189774723
3,ENG24,3,3,F11,837S1458,1600,-26.949025,-10.643856189774723
3,ENG24,3,3,F12,837S1458,1600,-45.164918,-10.643856189774723
3,ENG24,1,3,G1,837S1435,3200,24.943778,-11.643856189774723
3,ENG24,2,3,G2,837S1435,3200,28.317091,-11.643856189774723
3,ENG24,3,3,G3,837S1435,3200,27.417541,-11.643856189774723
3,ENG24,1,3,G4,837S1439,3200,29.329085,-11.643856189774723
3,ENG24,2,3,G5,837S1439,3200,29.778861,-11.643856189774723
3,ENG24,3,3,G6,837S1439,3200,24.943778,-11.643856189774723
3,ENG24,1,3,G7,837S1457,3200,14.767616,-11.643856189774723
3,ENG24,2,3,G8,837S1457,3200,17.747376,-11.643856189774723
3,ENG24,3,3,G9,837S1457,3200,-1.1994,-11.643856189774723
3,ENG24,1,3,G10,837S1458,3200,-16.491754,-11.643856189774723
3,ENG24,2,3,G11,837S1458,3200,-25.824588,-11.643856189774723
3,ENG24,3,3,G12,837S1458,3200,-39.205397,-11.643856189774723
3,ENG24,1,4,A1,837S1460,50,98.963645,-5.643856189774724
3,ENG24,2,4,A2,837S1460,50,99.358447,-5.643856189774724
3,ENG24,3,4,A3,837S1460,50,98.766244,-5.643856189774724
3,ENG24,1,4,A4,837S1461,50,92.252015,-5.643856189774724
3,ENG24,2,4,A5,837S1461,50,92.646817,-5.643856189774724
3,ENG24,3,4,A6,837S1461,50,93.979273,-5.643856189774724
3,ENG24,1,4,A7,837S1465,50,99.802599,-5.643856189774724
3,ENG24,2,4,A8,837S1465,50,99.9013,-5.643856189774724
3,ENG24,3,4,A9,837S1465,50,99.703899,-5.643856189774724
3,ENG24,1,4,A10,837S1472,50,45.073203,-5.643856189774724
3,ENG24,2,4,A11,837S1472,50,38.608324,-5.643856189774724
3,ENG24,3,4,A12,837S1472,50,50.847179,-5.643856189774724
3,ENG24,1,4,B1,837S1460,100,91.363711,-6.643856189774724
3,ENG24,2,4,B2,837S1460,100,92.597467,-6.643856189774724
3,ENG24,3,4,B3,837S1460,100,92.449416,-6.643856189774724
3,ENG24,1,4,B4,837S1461,100,80.01316,-6.643856189774724
3,ENG24,2,4,B5,837S1461,100,80.210561,-6.643856189774724
3,ENG24,3,4,B6,837S1461,100,81.394966,-6.643856189774724
3,ENG24,1,4,B7,837S1465,100,99.95065,-6.643856189774724
3,ENG24,2,4,B8,837S1465,100,99.9013,-6.643856189774724
3,ENG24,3,4,B9,837S1465,100,99.851949,-6.643856189774724
3,ENG24,1,4,B10,837S1472,100,33.32785,-6.643856189774724
3,ENG24,2,4,B11,837S1472,100,33.574601,-6.643856189774724
3,ENG24,3,4,B12,837S1472,100,28.688929,-6.643856189774724
3,ENG24,1,4,C1,837S1460,200,75.324889,-7.643856189774724
3,ENG24,2,4,C2,837S1460,200,76.459944,-7.643856189774724
3,ENG24,3,4,C3,837S1460,200,76.213193,-7.643856189774724
3,ENG24,1,4,C4,837S1461,200,62.345781,-7.643856189774724
3,ENG24,2,4,C5,837S1461,200,59.779569,-7.643856189774724
3,ENG24,3,4,C6,837S1461,200,56.818556,-7.643856189774724
3,ENG24,1,4,C7,837S1465,200,99.753249,-7.643856189774724
3,ENG24,2,4,C8,837S1465,200,99.802599,-7.643856189774724
3,ENG24,3,4,C9,837S1465,200,99.9013,-7.643856189774724
3,ENG24,1,4,C10,837S1472,200,27.307123,-7.643856189774724
3,ENG24,2,4,C11,837S1472,200,24.49416,-7.643856189774724
3,ENG24,3,4,C12,837S1472,200,25.037013,-7.643856189774724
3,ENG24,1,4,D1,837S1460,400,49.564073,-8.643856189774725
3,ENG24,2,4,D2,837S1460,400,49.761474,-8.643856189774725
3,ENG24,3,4,D3,837S1460,400,46.405659,-8.643856189774725
3,ENG24,1,4,D4,837S1461,400,34.709656,-8.643856189774725
3,ENG24,2,4,D5,837S1461,400,36.239513,-8.643856189774725
3,ENG24,3,4,D6,837S1461,400,40.829084,-8.643856189774725
3,ENG24,1,4,D7,837S1465,400,98.420793,-8.643856189774725
3,ENG24,2,4,D8,837S1465,400,98.963645,-8.643856189774725
3,ENG24,3,4,D9,837S1465,400,98.568844,-8.643856189774725
3,ENG24,1,4,D10,837S1472,400,15.117618,-8.643856189774725
3,ENG24,2,4,D11,837S1472,400,29.034381,-8.643856189774725
3,ENG24,3,4,D12,837S1472,400,14.821517,-8.643856189774725
3,ENG24,1,4,E1,837S1460,800,33.722652,-9.643856189774723
3,ENG24,2,4,E2,837S1460,800,24.198059,-9.643856189774723
3,ENG24,3,4,E3,837S1460,800,25.629215,-9.643856189774723
3,ENG24,1,4,E4,837S1461,800,28.294127,-9.643856189774723
3,ENG24,2,4,E5,837S1461,800,19.361737,-9.643856189774723
3,ENG24,3,4,E6,837S1461,800,32.291495,-9.643856189774723
3,ENG24,1,4,E7,837S1465,800,87.711795,-9.643856189774723
3,ENG24,2,4,E8,837S1465,800,91.265011,-9.643856189774723
3,ENG24,3,4,E9,837S1465,800,87.958546,-9.643856189774723
3,ENG24,1,4,E10,837S1472,800,30.712288,-9.643856189774723
3,ENG24,2,4,E11,837S1472,800,23.161704,-9.643856189774723
3,ENG24,3,4,E12,837S1472,800,27.356473,-9.643856189774723
3,ENG24,1,4,F1,837S1460,1600,16.598125,-10.643856189774723
3,ENG24,2,4,F2,837S1460,1600,12.255305,-10.643856189774723
3,ENG24,3,4,F3,837S1460,1600,16.252673,-10.643856189774723
3,ENG24,1,4,F4,837S1461,1600,16.499424,-10.643856189774723
3,ENG24,2,4,F5,837S1461,1600,2.385261,-10.643856189774723
3,ENG24,3,4,F6,837S1461,1600,16.400724,-10.643856189774723
3,ENG24,1,4,F7,837S1465,1600,65.701596,-10.643856189774723
3,ENG24,2,4,F8,837S1465,1600,73.153479,-10.643856189774723
3,ENG24,3,4,F9,837S1465,1600,62.099029,-10.643856189774723
3,ENG24,3,4,F10,837S1472,1600,17.338378,-10.643856189774723
3,ENG24,3,4,F11,837S1472,1600,17.634479,-10.643856189774723
3,ENG24,3,4,F12,837S1472,1600,13.587761,-10.643856189774723
3,ENG24,1,4,G1,837S1460,3200,16.005922,-11.643856189774723
3,ENG24,2,4,G2,837S1460,3200,21.582497,-11.643856189774723
3,ENG24,3,4,G3,837S1460,3200,15.46307,-11.643856189774723
3,ENG24,1,4,G4,837S1461,3200,16.252673,-11.643856189774723
3,ENG24,2,4,G5,837S1461,3200,1.102155,-11.643856189774723
3,ENG24,3,4,G6,837S1461,3200,15.166968,-11.643856189774723
3,ENG24,1,4,G7,837S1465,3200,43.099194,-11.643856189774723
3,ENG24,2,4,G8,837S1465,3200,48.132917,-11.643856189774723
3,ENG24,3,4,G9,837S1465,3200,31.452542,-11.643856189774723
3,ENG24,1,4,G10,837S1472,3200,7.369633,-11.643856189774723
3,ENG24,2,4,G11,837S1472,3200,9.442342,-11.643856189774723
3,ENG24,3,4,G12,837S1472,3200,11.761803,-11.643856189774723
3,ENG24,1,5,A1,837S1476,50,51.953908,-5.643856189774724
3,ENG24,2,5,A2,837S1476,50,35.521042,-5.643856189774724
3,ENG24,3,5,A3,837S1476,50,38.777555,-5.643856189774724
3,ENG24,1,5,A4,837S1479,50,55.06012,-5.643856189774724
3,ENG24,2,5,A5,837S1479,50,52.45491,-5.643856189774724
3,ENG24,3,5,A6,837S1479,50,53.356713,-5.643856189774724
3,ENG24,1,5,A7,837S1485,50,99.549098,-5.643856189774724
3,ENG24,2,5,A8,837S1485,50,99.649299,-5.643856189774724
3,ENG24,3,5,A9,837S1485,50,99.448898,-5.643856189774724
3,ENG24,1,5,A10,837S1491,50,99.549098,-5.643856189774724
3,ENG24,2,5,A11,837S1491,50,99.749499,-5.643856189774724
3,ENG24,3,5,A12,837S1491,50,99.498998,-5.643856189774724
3,ENG24,1,5,B1,837S1476,100,28.757515,-6.643856189774724
3,ENG24,2,5,B2,837S1476,100,16.232465,-6.643856189774724
3,ENG24,3,5,B3,837S1476,100,18.937876,-6.643856189774724
3,ENG24,1,5,B4,837S1479,100,39.278557,-6.643856189774724
3,ENG24,2,5,B5,837S1479,100,36.823647,-6.643856189774724
3,ENG24,3,5,B6,837S1479,100,35.671343,-6.643856189774724
3,ENG24,1,5,B7,837S1485,100,94.488978,-6.643856189774724
3,ENG24,2,5,B8,837S1485,100,94.138277,-6.643856189774724
3,ENG24,3,5,B9,837S1485,100,93.186373,-6.643856189774724
3,ENG24,1,5,B10,837S1491,100,96.242485,-6.643856189774724
3,ENG24,2,5,B11,837S1491,100,95.691383,-6.643856189774724
3,ENG24,3,5,B12,837S1491,100,94.539078,-6.643856189774724
3,ENG24,1,5,C1,837S1476,200,9.619238,-7.643856189774724
3,ENG24,2,5,C2,837S1476,200,6.863727,-7.643856189774724
3,ENG24,3,5,C3,837S1476,200,-2.104208,-7.643856189774724
3,ENG24,1,5,C4,837S1479,200,39.97996,-7.643856189774724
3,ENG24,2,5,C5,837S1479,200,20.541082,-7.643856189774724
3,ENG24,3,5,C6,837S1479,200,19.639279,-7.643856189774724
3,ENG24,1,5,C7,837S1485,200,78.006012,-7.643856189774724
3,ENG24,2,5,C8,837S1485,200,79.509018,-7.643856189774724
3,ENG24,3,5,C9,837S1485,200,79.108216,-7.643856189774724
3,ENG24,1,5,C10,837S1491,200,82.064128,-7.643856189774724
3,ENG24,2,5,C11,837S1491,200,83.066132,-7.643856189774724
3,ENG24,3,5,C12,837S1491,200,76.402806,-7.643856189774724
3,ENG24,1,5,D1,837S1476,400,12.875751,-8.643856189774725
3,ENG24,2,5,D2,837S1476,400,3.206413,-8.643856189774725
3,ENG24,3,5,D3,837S1476,400,7.915832,-8.643856189774725
3,ENG24,1,5,D4,837S1479,400,29.458918,-8.643856189774725
3,ENG24,2,5,D5,837S1479,400,14.328657,-8.643856189774725
3,ENG24,3,5,D6,837S1479,400,23.897796,-8.643856189774725
3,ENG24,1,5,D7,837S1485,400,55.06012,-8.643856189774725
3,ENG24,2,5,D8,837S1485,400,61.973948,-8.643856189774725
3,ENG24,3,5,D9,837S1485,400,50.551102,-8.643856189774725
3,ENG24,1,5,D10,837S1491,400,61.573146,-8.643856189774725
3,ENG24,2,5,D11,837S1491,400,61.923848,-8.643856189774725
3,ENG24,3,5,D12,837S1491,400,59.168337,-8.643856189774725
3,ENG24,1,5,E1,837S1476,800,11.623246,-9.643856189774723
3,ENG24,2,5,E2,837S1476,800,16.733467,-9.643856189774723
3,ENG24,3,5,E3,837S1476,800,14.87976,-9.643856189774723
3,ENG24,1,5,E4,837S1479,800,25.1002,-9.643856189774723
3,ENG24,2,5,E5,837S1479,800,13.126253,-9.643856189774723
3,ENG24,3,5,E6,837S1479,800,22.945892,-9.643856189774723
3,ENG24,1,5,E7,837S1485,800,26.202405,-9.643856189774723
3,ENG24,2,5,E8,837S1485,800,34.068136,-9.643856189774723
3,ENG24,3,5,E9,837S1485,800,22.745491,-9.643856189774723
3,ENG24,1,5,E10,837S1491,800,37.62525,-9.643856189774723
3,ENG24,2,5,E11,837S1491,800,35.571142,-9.643856189774723
3,ENG24,3,5,E12,837S1491,800,36.472946,-9.643856189774723
3,ENG24,1,5,F1,837S1476,1600,13.677355,-10.643856189774723
3,ENG24,2,5,F2,837S1476,1600,10.270541,-10.643856189774723
3,ENG24,3,5,F3,837S1476,1600,4.809619,-10.643856189774723
3,ENG24,1,5,F4,837S1479,1600,21.292585,-10.643856189774723
3,ENG24,2,5,F5,837S1479,1600,15.480962,-10.643856189774723
3,ENG24,3,5,F6,837S1479,1600,17.48497,-10.643856189774723
3,ENG24,1,5,F7,837S1485,1600,39.729459,-10.643856189774723
3,ENG24,2,5,F8,837S1485,1600,20.941884,-10.643856189774723
3,ENG24,3,5,F9,837S1485,1600,21.793587,-10.643856189774723
3,ENG24,3,5,F10,837S1491,1600,27.004008,-10.643856189774723
3,ENG24,3,5,F11,837S1491,1600,4.509018,-10.643856189774723
3,ENG24,3,5,F12,837S1491,1600,28.807615,-10.643856189774723
3,ENG24,1,5,G1,837S1476,3200,19.689379,-11.643856189774723
3,ENG24,2,5,G2,837S1476,3200,18.486974,-11.643856189774723
3,ENG24,3,5,G3,837S1476,3200,18.186373,-11.643856189774723
3,ENG24,1,5,G4,837S1479,3200,24.649299,-11.643856189774723
3,ENG24,2,5,G5,837S1479,3200,19.689379,-11.643856189774723
3,ENG24,3,5,G6,837S1479,3200,23.997996,-11.643856189774723
3,ENG24,1,5,G7,837S1485,3200,10.370741,-11.643856189774723
3,ENG24,2,5,G8,837S1485,3200,15.380762,-11.643856189774723
3,ENG24,3,5,G9,837S1485,3200,3.006012,-11.643856189774723
3,ENG24,1,5,G10,837S1491,3200,5.661323,-11.643856189774723
3,ENG24,2,5,G11,837S1491,3200,5.06012,-11.643856189774723
3,ENG24,3,5,G12,837S1491,3200,17.234469,-11.643856189774723
3,ENG24,1,6,A1,837S1492,50,76.865298,-5.643856189774724
3,ENG24,2,6,A2,837S1492,50,72.558838,-5.643856189774724
3,ENG24,3,6,A3,837S1492,50,66.249374,-5.643856189774724
3,ENG24,1,6,A4,837S1493,50,88.382574,-5.643856189774724
3,ENG24,2,6,A5,837S1493,50,90.836254,-5.643856189774724
3,ENG24,3,6,A6,837S1493,50,89.233851,-5.643856189774724
3,ENG24,1,6,A7,837S1495,50,99.849775,-5.643856189774724
3,ENG24,2,6,A8,837S1495,50,99.949925,-5.643856189774724
3,ENG24,3,6,A9,837S1495,50,99.849775,-5.643856189774724
3,ENG24,1,6,A10,837S1498,50,99.549324,-5.643856189774724
3,ENG24,2,6,A11,837S1498,50,99.499249,-5.643856189774724
3,ENG24,3,6,A12,837S1498,50,99.89985,-5.643856189774724
3,ENG24,1,6,B1,837S1492,100,60.741112,-6.643856189774724
3,ENG24,2,6,B2,837S1492,100,64.596895,-6.643856189774724
3,ENG24,3,6,B3,837S1492,100,58.688032,-6.643856189774724
3,ENG24,1,6,B4,837S1493,100,82.37356,-6.643856189774724
3,ENG24,2,6,B5,837S1493,100,84.276415,-6.643856189774724
3,ENG24,3,6,B6,837S1493,100,80.971457,-6.643856189774724
3,ENG24,1,6,B7,837S1495,100,98.698047,-6.643856189774724
3,ENG24,2,6,B8,837S1495,100,98.848272,-6.643856189774724
3,ENG24,3,6,B9,837S1495,100,97.996995,-6.643856189774724
3,ENG24,1,6,B10,837S1498,100,96.745118,-6.643856189774724
3,ENG24,2,6,B11,837S1498,100,95.59339,-6.643856189774724
3,ENG24,3,6,B12,837S1498,100,95.59339,-6.643856189774724
3,ENG24,1,6,C1,837S1492,200,55.7336,-7.643856189774724
3,ENG24,2,6,C2,837S1492,200,47.971958,-7.643856189774724
3,ENG24,3,6,C3,837S1492,200,39.85979,-7.643856189774724
3,ENG24,1,6,C4,837S1493,200,70.255383,-7.643856189774724
3,ENG24,2,6,C5,837S1493,200,68.202303,-7.643856189774724
3,ENG24,3,6,C6,837S1493,200,67.601402,-7.643856189774724
3,ENG24,1,6,C7,837S1495,200,90.035053,-7.643856189774724
3,ENG24,2,6,C8,837S1495,200,92.438658,-7.643856189774724
3,ENG24,3,6,C9,837S1495,200,89.083625,-7.643856189774724
3,ENG24,1,6,C10,837S1498,200,83.475213,-7.643856189774724
3,ENG24,2,6,C11,837S1498,200,83.675513,-7.643856189774724
3,ENG24,3,6,C12,837S1498,200,81.722584,-7.643856189774724
3,ENG24,1,6,D1,837S1492,400,43.565348,-8.643856189774725
3,ENG24,2,6,D2,837S1492,400,41.562344,-8.643856189774725
3,ENG24,3,6,D3,837S1492,400,33.099649,-8.643856189774725
3,ENG24,1,6,D4,837S1493,400,61.842764,-8.643856189774725
3,ENG24,2,6,D5,837S1493,400,57.98698,-8.643856189774725
3,ENG24,3,6,D6,837S1493,400,54.682023,-8.643856189774725
3,ENG24,1,6,D7,837S1495,400,75.012519,-8.643856189774725
3,ENG24,2,6,D8,837S1495,400,79.969955,-8.643856189774725
3,ENG24,3,6,D9,837S1495,400,68.502754,-8.643856189774725
3,ENG24,1,6,D10,837S1498,400,60.891337,-8.643856189774725
3,ENG24,2,6,D11,837S1498,400,54.631948,-8.643856189774725
3,ENG24,3,6,D12,837S1498,400,60.04006,-8.643856189774725
3,ENG24,1,6,E1,837S1492,800,38.407611,-9.643856189774723
3,ENG24,2,6,E2,837S1492,800,58.888332,-9.643856189774723
3,ENG24,3,6,E3,837S1492,800,39.108663,-9.643856189774723
3,ENG24,1,6,E4,837S1493,800,45.918878,-9.643856189774723
3,ENG24,2,6,E5,837S1493,800,46.670005,-9.643856189774723
3,ENG24,3,6,E6,837S1493,800,55.132699,-9.643856189774723
3,ENG24,1,6,E7,837S1495,800,49.323986,-9.643856189774723
3,ENG24,2,6,E8,837S1495,800,70.756134,-9.643856189774723
3,ENG24,3,6,E9,837S1495,800,42.263395,-9.643856189774723
3,ENG24,1,6,E10,837S1498,800,39.95994,-9.643856189774723
3,ENG24,2,6,E11,837S1498,800,47.471207,-9.643856189774723
3,ENG24,3,6,E12,837S1498,800,43.765648,-9.643856189774723
3,ENG24,1,6,F1,837S1492,1600,33.550325,-10.643856189774723
3,ENG24,2,6,F2,837S1492,1600,34.601903,-10.643856189774723
3,ENG24,3,6,F3,837S1492,1600,30.445669,-10.643856189774723
3,ENG24,1,6,F4,837S1493,1600,37.506259,-10.643856189774723
3,ENG24,2,6,F5,837S1493,1600,35.002504,-10.643856189774723
3,ENG24,3,6,F6,837S1493,1600,29.293941,-10.643856189774723
3,ENG24,1,6,F7,837S1495,1600,30.696044,-10.643856189774723
3,ENG24,2,6,F8,837S1495,1600,36.454682,-10.643856189774723
3,ENG24,3,6,F9,837S1495,1600,18.778167,-10.643856189774723
3,ENG24,3,6,F10,837S1498,1600,23.885829,-10.643856189774723
3,ENG24,3,6,F11,837S1498,1600,25.538307,-10.643856189774723
3,ENG24,3,6,F12,837S1498,1600,35.75363,-10.643856189774723
3,ENG24,1,6,G1,837S1492,3200,35.703555,-11.643856189774723
3,ENG24,2,6,G2,837S1492,3200,29.043565,-11.643856189774723
3,ENG24,3,6,G3,837S1492,3200,22.383575,-11.643856189774723
3,ENG24,1,6,G4,837S1493,3200,20.831247,-11.643856189774723
3,ENG24,2,6,G5,837S1493,3200,28.69304,-11.643856189774723
3,ENG24,3,6,G6,837S1493,3200,29.744617,-11.643856189774723
3,ENG24,1,6,G7,837S1495,3200,20.330496,-11.643856189774723
3,ENG24,2,6,G8,837S1495,3200,30.195293,-11.643856189774723
3,ENG24,3,6,G9,837S1495,3200,11.767651,-11.643856189774723
3,ENG24,1,6,G10,837S1498,3200,15.47321,-11.643856189774723
3,ENG24,2,6,G11,837S1498,3200,21.231848,-11.643856189774723
3,ENG24,3,6,G12,837S1498,3200,28.69304,-11.643856189774723
3,ENG25,1,1,A1,837S1394,50,58.063843,-5.643856189774724
3,ENG25,2,1,A2,837S1394,50,52.868767,-5.643856189774724
3,ENG25,3,1,A3,837S1394,50,49.739203,-5.643856189774724
3,ENG25,1,1,A4,837S1399,50,76.02754,-5.643856189774724
3,ENG25,2,1,A5,837S1399,50,80.095973,-5.643856189774724
3,ENG25,3,1,A6,837S1399,50,72.522429,-5.643856189774724
3,ENG25,1,1,A7,837S1400,50,99.874817,-5.643856189774724
3,ENG25,2,1,A8,837S1400,50,100,-5.643856189774724
3,ENG25,3,1,A9,837S1400,50,99.812226,-5.643856189774724
3,ENG25,1,1,A10,837S1401,50,78.093052,-5.643856189774724
3,ENG25,2,1,A11,837S1401,50,75.339036,-5.643856189774724
3,ENG25,3,1,A12,837S1401,50,80.847069,-5.643856189774724
3,ENG25,1,1,B1,837S1394,100,36.8454,-6.643856189774724
3,ENG25,2,1,B2,837S1394,100,43.480075,-6.643856189774724
3,ENG25,3,1,B3,837S1394,100,36.407261,-6.643856189774724
3,ENG25,1,1,B4,837S1399,100,70.707281,-6.643856189774724
3,ENG25,2,1,B5,837S1399,100,70.331734,-6.643856189774724
3,ENG25,3,1,B6,837S1399,100,61.193407,-6.643856189774724
3,ENG25,1,1,B7,837S1400,100,100,-6.643856189774724
3,ENG25,2,1,B8,837S1400,100,99.874817,-6.643856189774724
3,ENG25,3,1,B9,837S1400,100,99.812226,-6.643856189774724
3,ENG25,1,1,B10,837S1401,100,57.625704,-6.643856189774724
3,ENG25,2,1,B11,837S1401,100,51.867306,-6.643856189774724
3,ENG25,3,1,B12,837S1401,100,55.309827,-6.643856189774724
3,ENG25,1,1,C1,837S1394,200,51.429168,-7.643856189774724
3,ENG25,2,1,C2,837S1394,200,18.944294,-7.643856189774724
3,ENG25,3,1,C3,837S1394,200,22.762362,-7.643856189774724
3,ENG25,1,1,C4,837S1399,200,58.87753,-7.643856189774724
3,ENG25,2,1,C5,837S1399,200,51.616941,-7.643856189774724
3,ENG25,3,1,C6,837S1399,200,55.873148,-7.643856189774724
3,ENG25,1,1,C7,837S1400,200,98.748174,-7.643856189774724
3,ENG25,2,1,C8,837S1400,200,98.99854,-7.643856189774724
3,ENG25,3,1,C9,837S1400,200,98.748174,-7.643856189774724
3,ENG25,1,1,C10,837S1401,200,39.78719,-7.643856189774724
3,ENG25,2,1,C11,837S1401,200,31.96328,-7.643856189774724
3,ENG25,3,1,C12,837S1401,200,1.418736,-7.643856189774724
3,ENG25,1,1,D1,837S1394,400,23.263092,-8.643856189774725
3,ENG25,2,1,D2,837S1394,400,27.519299,-8.643856189774725
3,ENG25,3,1,D3,837S1394,400,19.820572,-8.643856189774725
3,ENG25,1,1,D4,837S1399,400,52.242854,-8.643856189774725
3,ENG25,2,1,D5,837S1399,400,50.615481,-8.643856189774725
3,ENG25,3,1,D6,837S1399,400,54.433549,-8.643856189774725
3,ENG25,1,1,D7,837S1400,400,90.611308,-8.643856189774725
3,ENG25,2,1,D8,837S1400,400,95.180472,-8.643856189774725
3,ENG25,3,1,D9,837S1400,400,89.109117,-8.643856189774725
3,ENG25,1,1,D10,837S1401,400,12.372209,-8.643856189774725
3,ENG25,2,1,D11,837S1401,400,-0.897142,-8.643856189774725
3,ENG25,3,1,D12,837S1401,400,-9.534738,-8.643856189774725
3,ENG25,1,1,E1,837S1394,800,25.891926,-9.643856189774723
3,ENG25,2,1,E2,837S1394,800,29.897768,-9.643856189774723
3,ENG25,3,1,E3,837S1394,800,20.133528,-9.643856189774723
3,ENG25,1,1,E4,837S1399,800,39.78719,-9.643856189774723
3,ENG25,2,1,E5,837S1399,800,43.22971,-9.643856189774723
3,ENG25,3,1,E6,837S1399,800,59.87899,-9.643856189774723
3,ENG25,1,1,E7,837S1400,800,77.216774,-9.643856189774723
3,ENG25,2,1,E8,837S1400,800,86.730649,-9.643856189774723
3,ENG25,3,1,E9,837S1400,800,65.512205,-9.643856189774723
3,ENG25,1,1,E10,837S1401,800,11.996662,-9.643856189774723
3,ENG25,2,1,E11,837S1401,800,25.14083,-9.643856189774723
3,ENG25,3,1,E12,837S1401,800,17.567286,-9.643856189774723
3,ENG25,1,1,F1,837S1394,1600,18.881702,-10.643856189774723
3,ENG25,2,1,F2,837S1394,1600,27.644482,-10.643856189774723
3,ENG25,3,1,F3,837S1394,1600,25.328604,-10.643856189774723
3,ENG25,1,1,F4,837S1399,1600,36.282078,-10.643856189774723
3,ENG25,2,1,F5,837S1399,1600,16.127686,-10.643856189774723
3,ENG25,3,1,F6,837S1399,1600,19.382433,-10.643856189774723
3,ENG25,1,1,F7,837S1400,1600,49.551429,-10.643856189774723
3,ENG25,2,1,F8,837S1400,1600,54.120593,-10.643856189774723
3,ENG25,3,1,F9,837S1400,1600,25.891926,-10.643856189774723
3,ENG25,3,1,F10,837S1401,1600,11.683705,-10.643856189774723
3,ENG25,3,1,F11,837S1401,1600,0.292093,-10.643856189774723
3,ENG25,3,1,F12,837S1401,1600,19.069476,-10.643856189774723
3,ENG25,1,1,G1,837S1394,3200,31.775506,-11.643856189774723
3,ENG25,2,1,G2,837S1394,3200,37.596495,-11.643856189774723
3,ENG25,3,1,G3,837S1394,3200,31.900689,-11.643856189774723
3,ENG25,1,1,G4,837S1399,3200,30.586272,-11.643856189774723
3,ENG25,2,1,G5,837S1399,3200,26.768204,-11.643856189774723
3,ENG25,3,1,G6,837S1399,3200,18.568746,-11.643856189774723
3,ENG25,1,1,G7,837S1400,3200,16.691008,-11.643856189774723
3,ENG25,2,1,G8,837S1400,3200,24.953057,-11.643856189774723
3,ENG25,3,1,G9,837S1400,3200,-3.713749,-11.643856189774723
3,ENG25,1,1,G10,837S1401,3200,20.133528,-11.643856189774723
3,ENG25,2,1,G11,837S1401,3200,-7.907365,-11.643856189774723
3,ENG25,3,1,G12,837S1401,3200,12.309618,-11.643856189774723
3,ENG25,1,2,A1,837S1408,50,99.74866,-5.643856189774724
3,ENG25,2,2,A2,837S1408,50,99.798928,-5.643856189774724
3,ENG25,3,2,A3,837S1408,50,99.698391,-5.643856189774724
3,ENG25,1,2,A4,837S1419,50,72.302279,-5.643856189774724
3,ENG25,2,2,A5,837S1419,50,70.090483,-5.643856189774724
3,ENG25,3,2,A6,837S1419,50,68.58244,-5.643856189774724
3,ENG25,1,2,A7,837S1421,50,-5.060322,-5.643856189774724
3,ENG25,2,2,A8,837S1421,50,5.797587,-5.643856189774724
3,ENG25,3,2,A9,837S1421,50,-15.566354,-5.643856189774724
3,ENG25,1,2,A10,837S1434,50,89.091823,-5.643856189774724
3,ENG25,2,2,A11,837S1434,50,86.327078,-5.643856189774724
3,ENG25,3,2,A12,837S1434,50,86.779491,-5.643856189774724
3,ENG25,1,2,B1,837S1408,100,97.587131,-6.643856189774724
3,ENG25,2,2,B2,837S1408,100,98.341153,-6.643856189774724
3,ENG25,3,2,B3,837S1408,100,97.285523,-6.643856189774724
3,ENG25,1,2,B4,837S1419,100,57.774799,-6.643856189774724
3,ENG25,2,2,B5,837S1419,100,53.25067,-6.643856189774724
3,ENG25,3,2,B6,837S1419,100,53.150134,-6.643856189774724
3,ENG25,1,2,B7,837S1421,100,-25.821046,-6.643856189774724
3,ENG25,2,2,B8,837S1421,100,-18.532172,-6.643856189774724
3,ENG25,3,2,B9,837S1421,100,-32.30563,-6.643856189774724
3,ENG25,1,2,B10,837S1434,100,75.268097,-6.643856189774724
3,ENG25,2,2,B11,837S1434,100,75.318365,-6.643856189774724
3,ENG25,3,2,B12,837S1434,100,70.794236,-6.643856189774724
3,ENG25,1,2,C1,837S1408,200,87.835121,-7.643856189774724
3,ENG25,2,2,C2,837S1408,200,90.097185,-7.643856189774724
3,ENG25,3,2,C3,837S1408,200,89.4437,-7.643856189774724
3,ENG25,1,2,C4,837S1419,200,50.485925,-7.643856189774724
3,ENG25,2,2,C5,837S1419,200,43.951072,-7.643856189774724
3,ENG25,3,2,C6,837S1419,200,41.387399,-7.643856189774724
3,ENG25,1,2,C7,837S1421,200,7.154826,-7.643856189774724
3,ENG25,2,2,C8,837S1421,200,-7.47319,-7.643856189774724
3,ENG25,3,2,C9,837S1421,200,-19.989946,-7.643856189774724
3,ENG25,1,2,C10,837S1434,200,59.936327,-7.643856189774724
3,ENG25,2,2,C11,837S1434,200,53.099866,-7.643856189774724
3,ENG25,3,2,C12,837S1434,200,46.766086,-7.643856189774724
3,ENG25,1,2,D1,837S1408,400,73.257373,-8.643856189774725
3,ENG25,2,2,D2,837S1408,400,72.402815,-8.643856189774725
3,ENG25,3,2,D3,837S1408,400,72.151475,-8.643856189774725
3,ENG25,1,2,D4,837S1419,400,34.450402,-8.643856189774725
3,ENG25,2,2,D5,837S1419,400,24.19571,-8.643856189774725
3,ENG25,3,2,D6,837S1419,400,31.484584,-8.643856189774725
3,ENG25,1,2,D7,837S1421,400,4.289544,-8.643856189774725
3,ENG25,2,2,D8,837S1421,400,40.030161,-8.643856189774725
3,ENG25,3,2,D9,837S1421,400,-14.963137,-8.643856189774725
3,ENG25,1,2,D10,837S1434,400,46.062332,-8.643856189774725
3,ENG25,2,2,D11,837S1434,400,43.197051,-8.643856189774725
3,ENG25,3,2,D12,837S1434,400,33.394772,-8.643856189774725
3,ENG25,1,2,E1,837S1408,800,49.932976,-9.643856189774723
3,ENG25,2,2,E2,837S1408,800,53.300938,-9.643856189774723
3,ENG25,3,2,E3,837S1408,800,53.300938,-9.643856189774723
3,ENG25,1,2,E4,837S1419,800,35.254692,-9.643856189774723
3,ENG25,2,2,E5,837S1419,800,24.095174,-9.643856189774723
3,ENG25,3,2,E6,837S1419,800,30.630027,-9.643856189774723
3,ENG25,1,2,E7,837S1421,800,-4.909517,-9.643856189774723
3,ENG25,2,2,E8,837S1421,800,19.520777,-9.643856189774723
3,ENG25,3,2,E9,837S1421,800,15.046917,-9.643856189774723
3,ENG25,1,2,E10,837S1434,800,32.38941,-9.643856189774723
3,ENG25,2,2,E11,837S1434,800,30.579759,-9.643856189774723
3,ENG25,3,2,E12,837S1434,800,17.459786,-9.643856189774723
3,ENG25,1,2,F1,837S1408,1600,34.651475,-10.643856189774723
3,ENG25,2,2,F2,837S1408,1600,31.987265,-10.643856189774723
3,ENG25,3,2,F3,837S1408,1600,32.691019,-10.643856189774723
3,ENG25,1,2,F4,837S1419,1600,25.80429,-10.643856189774723
3,ENG25,2,2,F5,837S1419,1600,26.407507,-10.643856189774723
3,ENG25,3,2,F6,837S1419,1600,20.123995,-10.643856189774723
3,ENG25,1,2,F7,837S1421,1600,17.308981,-10.643856189774723
3,ENG25,2,2,F8,837S1421,1600,21.430965,-10.643856189774723
3,ENG25,3,2,F9,837S1421,1600,11.27681,-10.643856189774723
3,ENG25,3,2,F10,837S1434,1600,27.362601,-10.643856189774723
3,ENG25,3,2,F11,837S1434,1600,21.481233,-10.643856189774723
3,ENG25,3,2,F12,837S1434,1600,18.817024,-10.643856189774723
3,ENG25,1,2,G1,837S1408,3200,27.211796,-11.643856189774723
3,ENG25,2,2,G2,837S1408,3200,21.179625,-11.643856189774723
3,ENG25,3,2,G3,837S1408,3200,23.894102,-11.643856189774723
3,ENG25,1,2,G4,837S1419,3200,24.648123,-11.643856189774723
3,ENG25,2,2,G5,837S1419,3200,8.059651,-11.643856189774723
3,ENG25,3,2,G6,837S1419,3200,15.046917,-11.643856189774723
3,ENG25,1,2,G7,837S1421,3200,-11.69571,-11.643856189774723
3,ENG25,2,2,G8,837S1421,3200,15.599866,-11.643856189774723
3,ENG25,3,2,G9,837S1421,3200,-13.455094,-11.643856189774723
3,ENG25,1,2,G10,837S1434,3200,22.788204,-11.643856189774723
3,ENG25,2,2,G11,837S1434,3200,16.052279,-11.643856189774723
3,ENG25,3,2,G12,837S1434,3200,0.418901,-11.643856189774723
3,ENG25,1,3,A1,837S1435,50,47.720422,-5.643856189774724
3,ENG25,2,3,A2,837S1435,50,37.207988,-5.643856189774724
3,ENG25,3,3,A3,837S1435,50,37.094951,-5.643856189774724
3,ENG25,1,3,A4,837S1439,50,99.773926,-5.643856189774724
3,ENG25,2,3,A5,837S1439,50,99.943482,-5.643856189774724
3,ENG25,3,3,A6,837S1439,50,99.604371,-5.643856189774724
3,ENG25,1,3,A7,837S1457,50,40.259985,-5.643856189774724
3,ENG25,2,3,A8,837S1457,50,49.868124,-5.643856189774724
3,ENG25,3,3,A9,837S1457,50,45.516202,-5.643856189774724
3,ENG25,1,3,A10,837S1458,50,85.361718,-5.643856189774724
3,ENG25,2,3,A11,837S1458,50,79.76639,-5.643856189774724
3,ENG25,3,3,A12,837S1458,50,84.796534,-5.643856189774724
3,ENG25,1,3,B1,837S1435,100,33.308214,-6.643856189774724
3,ENG25,2,3,B2,837S1435,100,42.068576,-6.643856189774724
3,ENG25,3,3,B3,837S1435,100,34.269028,-6.643856189774724
3,ENG25,1,3,B4,837S1439,100,99.943482,-6.643856189774724
3,ENG25,2,3,B5,837S1439,100,99.547852,-6.643856189774724
3,ENG25,3,3,B6,837S1439,100,99.773926,-6.643856189774724
3,ENG25,1,3,B7,837S1457,100,35.681989,-6.643856189774724
3,ENG25,2,3,B8,837S1457,100,40.259985,-6.643856189774724
3,ENG25,3,3,B9,837S1457,100,24.039186,-6.643856189774724
3,ENG25,1,3,B10,837S1458,100,61.058779,-6.643856189774724
3,ENG25,2,3,B11,837S1458,100,60.776187,-6.643856189774724
3,ENG25,3,3,B12,837S1458,100,59.024115,-6.643856189774724
3,ENG25,1,3,C1,837S1435,200,45.120573,-7.643856189774724
3,ENG25,2,3,C2,837S1435,200,28.221552,-7.643856189774724
3,ENG25,3,3,C3,837S1435,200,27.034665,-7.643856189774724
3,ENG25,1,3,C4,837S1439,200,97.908817,-7.643856189774724
3,ENG25,2,3,C5,837S1439,200,97.852298,-7.643856189774724
3,ENG25,3,3,C6,837S1439,200,98.360965,-7.643856189774724
3,ENG25,1,3,C7,837S1457,200,9.17483,-7.643856189774724
3,ENG25,2,3,C8,837S1457,200,29.577995,-7.643856189774724
3,ENG25,3,3,C9,837S1457,200,-3.202713,-7.643856189774724
3,ENG25,1,3,C10,837S1458,200,28.786737,-7.643856189774724
3,ENG25,2,3,C11,837S1458,200,31.386586,-7.643856189774724
3,ENG25,3,3,C12,837S1458,200,27.260739,-7.643856189774724
3,ENG25,1,3,D1,837S1435,400,20.422005,-8.643856189774725
3,ENG25,2,3,D2,837S1435,400,23.360965,-8.643856189774725
3,ENG25,3,3,D3,837S1435,400,29.917106,-8.643856189774725
3,ENG25,1,3,D4,837S1439,400,92.765637,-8.643856189774725
3,ENG25,2,3,D5,837S1439,400,91.013564,-8.643856189774725
3,ENG25,3,3,D6,837S1439,400,92.426526,-8.643856189774725
3,ENG25,1,3,D7,837S1457,400,42.520723,-8.643856189774725
3,ENG25,2,3,D8,837S1457,400,43.707611,-8.643856189774725
3,ENG25,3,3,D9,837S1457,400,3.636021,-8.643856189774725
3,ENG25,1,3,D10,837S1458,400,-1.507159,-8.643856189774725
3,ENG25,2,3,D11,837S1458,400,-9.984928,-8.643856189774725
3,ENG25,3,3,D12,837S1458,400,-18.74529,-8.643856189774725
3,ENG25,1,3,E1,837S1435,800,30.086662,-9.643856189774723
3,ENG25,2,3,E2,837S1435,800,31.725697,-9.643856189774723
3,ENG25,3,3,E3,837S1435,800,30.086662,-9.643856189774723
3,ENG25,1,3,E4,837S1439,800,77.110023,-9.643856189774723
3,ENG25,2,3,E5,837S1439,800,76.714393,-9.643856189774723
3,ENG25,3,3,E6,837S1439,800,79.596835,-9.643856189774723
3,ENG25,1,3,E7,837S1457,800,33.590806,-9.643856189774723
3,ENG25,2,3,E8,837S1457,800,50.602864,-9.643856189774723
3,ENG25,3,3,E9,837S1457,800,12.905049,-9.643856189774723
3,ENG25,1,3,E10,837S1458,800,-39.996232,-9.643856189774723
3,ENG25,2,3,E11,837S1458,800,-39.657121,-9.643856189774723
3,ENG25,3,3,E12,837S1458,800,-62.886209,-9.643856189774723
3,ENG25,1,3,F1,837S1435,1600,20.59156,-10.643856189774723
3,ENG25,2,3,F2,837S1435,1600,28.165034,-10.643856189774723
3,ENG25,3,3,F3,837S1435,1600,28.108515,-10.643856189774723
3,ENG25,1,3,F4,837S1439,1600,60.550113,-10.643856189774723
3,ENG25,2,3,F5,837S1439,1600,57.667671,-10.643856189774723
3,ENG25,3,3,F6,837S1439,1600,59.250188,-10.643856189774723
3,ENG25,1,3,F7,837S1457,1600,12.452901,-10.643856189774723
3,ENG25,2,3,F8,837S1457,1600,31.330068,-10.643856189774723
3,ENG25,3,3,F9,837S1457,1600,-16.145441,-10.643856189774723
3,ENG25,3,3,F10,837S1458,1600,-41.239638,-10.643856189774723
3,ENG25,3,3,F11,837S1458,1600,-54.40844,-10.643856189774723
3,ENG25,3,3,F12,837S1458,1600,-63.733986,-10.643856189774723
3,ENG25,1,3,G1,837S1435,3200,23.078372,-11.643856189774723
3,ENG25,2,3,G2,837S1435,3200,21.100226,-11.643856189774723
3,ENG25,3,3,G3,837S1435,3200,24.434815,-11.643856189774723
3,ENG25,1,3,G4,837S1439,3200,42.238131,-11.643856189774723
3,ENG25,2,3,G5,837S1439,3200,33.590806,-11.643856189774723
3,ENG25,3,3,G6,837S1439,3200,32.234363,-11.643856189774723
3,ENG25,1,3,G7,837S1457,3200,11.605124,-11.643856189774723
3,ENG25,2,3,G8,837S1457,3200,16.296157,-11.643856189774723
3,ENG25,3,3,G9,837S1457,3200,8.948757,-11.643856189774723
3,ENG25,1,3,G10,837S1458,3200,-40.44838,-11.643856189774723
3,ENG25,2,3,G11,837S1458,3200,-45.930671,-11.643856189774723
3,ENG25,3,3,G12,837S1458,3200,-46.891485,-11.643856189774723
3,ENG25,1,4,A1,837S1460,50,68.396664,-5.643856189774724
3,ENG25,2,4,A2,837S1460,50,70.389249,-5.643856189774724
3,ENG25,3,4,A3,837S1460,50,63.021316,-5.643856189774724
3,ENG25,1,4,A4,837S1461,50,89.110287,-5.643856189774724
3,ENG25,2,4,A5,837S1461,50,90.268767,-5.643856189774724
3,ENG25,3,4,A6,837S1461,50,89.295644,-5.643856189774724
3,ENG25,1,4,A7,837S1465,50,99.907322,-5.643856189774724
3,ENG25,2,4,A8,837S1465,50,99.907322,-5.643856189774724
3,ENG25,3,4,A9,837S1465,50,99.907322,-5.643856189774724
3,ENG25,1,4,A10,837S1472,50,58.850788,-5.643856189774724
3,ENG25,2,4,A11,837S1472,50,60.426321,-5.643856189774724
3,ENG25,3,4,A12,837S1472,50,70.018536,-5.643856189774724
3,ENG25,1,4,B1,837S1460,100,64.457831,-6.643856189774724
3,ENG25,2,4,B2,837S1460,100,76.274328,-6.643856189774724
3,ENG25,3,4,B3,837S1460,100,56.626506,-6.643856189774724
3,ENG25,1,4,B4,837S1461,100,76.506024,-6.643856189774724
3,ENG25,2,4,B5,837S1461,100,80.630213,-6.643856189774724
3,ENG25,3,4,B6,837S1461,100,77.34013,-6.643856189774724
3,ENG25,1,4,B7,837S1465,100,97.961075,-6.643856189774724
3,ENG25,2,4,B8,837S1465,100,98.331789,-6.643856189774724
3,ENG25,3,4,B9,837S1465,100,98.007414,-6.643856189774724
3,ENG25,1,4,B10,837S1472,100,49.304912,-6.643856189774724
3,ENG25,2,4,B11,837S1472,100,47.312326,-6.643856189774724
3,ENG25,3,4,B12,837S1472,100,41.473587,-6.643856189774724
3,ENG25,1,4,C1,837S1460,200,52.363299,-7.643856189774724
3,ENG25,2,4,C2,837S1460,200,43.280816,-7.643856189774724
3,ENG25,3,4,C3,837S1460,200,41.519926,-7.643856189774724
3,ENG25,1,4,C4,837S1461,200,54.170528,-7.643856189774724
3,ENG25,2,4,C5,837S1461,200,61.445783,-7.643856189774724
3,ENG25,3,4,C6,837S1461,200,63.531047,-7.643856189774724
3,ENG25,1,4,C7,837S1465,200,91.473587,-7.643856189774724
3,ENG25,2,4,C8,837S1465,200,92.678406,-7.643856189774724
3,ENG25,3,4,C9,837S1465,200,89.851715,-7.643856189774724
3,ENG25,1,4,C10,837S1472,200,36.561631,-7.643856189774724
3,ENG25,2,4,C11,837S1472,200,21.640408,-7.643856189774724
3,ENG25,3,4,C12,837S1472,200,29.147359,-7.643856189774724
3,ENG25,1,4,D1,837S1460,400,43.790547,-8.643856189774725
3,ENG25,2,4,D2,837S1460,400,45.458758,-8.643856189774725
3,ENG25,3,4,D3,837S1460,400,46.987952,-8.643856189774725
3,ENG25,1,4,D4,837S1461,400,47.08063,-8.643856189774725
3,ENG25,2,4,D5,837S1461,400,44.022243,-8.643856189774725
3,ENG25,3,4,D6,837S1461,400,50.231696,-8.643856189774725
3,ENG25,1,4,D7,837S1465,400,75.949954,-8.643856189774725
3,ENG25,2,4,D8,837S1465,400,76.830399,-8.643856189774725
3,ENG25,3,4,D9,837S1465,400,66.635774,-8.643856189774725
3,ENG25,1,4,D10,837S1472,400,26.923077,-8.643856189774725
3,ENG25,2,4,D11,837S1472,400,41.102873,-8.643856189774725
3,ENG25,3,4,D12,837S1472,400,22.1038,-8.643856189774725
3,ENG25,1,4,E1,837S1460,800,27.710843,-9.643856189774723
3,ENG25,2,4,E2,837S1460,800,32.159407,-9.643856189774723
3,ENG25,3,4,E3,837S1460,800,23.401297,-9.643856189774723
3,ENG25,1,4,E4,837S1461,800,31.556997,-9.643856189774723
3,ENG25,2,4,E5,837S1461,800,27.803522,-9.643856189774723
3,ENG25,3,4,E6,837S1461,800,42.771084,-9.643856189774723
3,ENG25,1,4,E7,837S1465,800,44.810009,-9.643856189774723
3,ENG25,2,4,E8,837S1465,800,50.046339,-9.643856189774723
3,ENG25,3,4,E9,837S1465,800,38.646895,-9.643856189774723
3,ENG25,1,4,E10,837S1472,800,32.53012,-9.643856189774723
3,ENG25,2,4,E11,837S1472,800,21.872104,-9.643856189774723
3,ENG25,3,4,E12,837S1472,800,31.232623,-9.643856189774723
3,ENG25,1,4,F1,837S1460,1600,41.380908,-10.643856189774723
3,ENG25,2,4,F2,837S1460,1600,38.36886,-10.643856189774723
3,ENG25,3,4,F3,837S1460,1600,23.076923,-10.643856189774723
3,ENG25,1,4,F4,837S1461,1600,19.833179,-10.643856189774723
3,ENG25,2,4,F5,837S1461,1600,11.909175,-10.643856189774723
3,ENG25,3,4,F6,837S1461,1600,35.44949,-10.643856189774723
3,ENG25,1,4,F7,837S1465,1600,15.338276,-10.643856189774723
3,ENG25,2,4,F8,837S1465,1600,35.820204,-10.643856189774723
3,ENG25,3,4,F9,837S1465,1600,15.848007,-10.643856189774723
3,ENG25,3,4,F10,837S1472,1600,41.102873,-10.643856189774723
3,ENG25,3,4,F11,837S1472,1600,31.603336,-10.643856189774723
3,ENG25,3,4,F12,837S1472,1600,23.169601,-10.643856189774723
3,ENG25,1,4,G1,837S1460,3200,30.491196,-11.643856189774723
3,ENG25,2,4,G2,837S1460,3200,23.308619,-11.643856189774723
3,ENG25,3,4,G3,837S1460,3200,28.174235,-11.643856189774723
3,ENG25,1,4,G4,837S1461,3200,21.779425,-11.643856189774723
3,ENG25,2,4,G5,837S1461,3200,15.801668,-11.643856189774723
3,ENG25,3,4,G6,837S1461,3200,5.143652,-11.643856189774723
3,ENG25,1,4,G7,837S1465,3200,-6.024096,-11.643856189774723
3,ENG25,2,4,G8,837S1465,3200,22.891566,-11.643856189774723
3,ENG25,3,4,G9,837S1465,3200,-1.482854,-11.643856189774723
3,ENG25,1,4,G10,837S1472,3200,16.543095,-11.643856189774723
3,ENG25,2,4,G11,837S1472,3200,24.235403,-11.643856189774723
3,ENG25,3,4,G12,837S1472,3200,42.493049,-11.643856189774723
3,ENG25,1,5,A1,837S1476,50,39.396613,-5.643856189774724
3,ENG25,2,5,A2,837S1476,50,47.547636,-5.643856189774724
3,ENG25,3,5,A3,837S1476,50,45.007057,-5.643856189774724
3,ENG25,1,5,A4,837S1479,50,59.880028,-5.643856189774724
3,ENG25,2,5,A5,837S1479,50,60.938603,-5.643856189774724
3,ENG25,3,5,A6,837S1479,50,58.821454,-5.643856189774724
3,ENG25,1,5,A7,837S1485,50,92.854622,-5.643856189774724
3,ENG25,2,5,A8,837S1485,50,92.801694,-5.643856189774724
3,ENG25,3,5,A9,837S1485,50,93.119266,-5.643856189774724
3,ENG25,1,5,A10,837S1491,50,30.822159,-5.643856189774724
3,ENG25,2,5,A11,837S1491,50,29.446013,-5.643856189774724
3,ENG25,3,5,A12,837S1491,50,17.484121,-5.643856189774724
3,ENG25,1,5,B1,837S1476,100,24.15314,-6.643856189774724
3,ENG25,2,5,B2,837S1476,100,29.287227,-6.643856189774724
3,ENG25,3,5,B3,837S1476,100,26.217361,-6.643856189774724
3,ENG25,1,5,B4,837S1479,100,51.570219,-6.643856189774724
3,ENG25,2,5,B5,837S1479,100,44.742414,-6.643856189774724
3,ENG25,3,5,B6,837S1479,100,51.358504,-6.643856189774724
3,ENG25,1,5,B7,837S1485,100,80.416373,-6.643856189774724
3,ENG25,2,5,B8,837S1485,100,81.898377,-6.643856189774724
3,ENG25,3,5,B9,837S1485,100,79.146083,-6.643856189774724
3,ENG25,1,5,B10,837S1491,100,25.741002,-6.643856189774724
3,ENG25,2,5,B11,837S1491,100,19.60127,-6.643856189774724
3,ENG25,3,5,B12,837S1491,100,-0.458716,-6.643856189774724
3,ENG25,1,5,C1,837S1476,200,3.352152,-7.643856189774724
3,ENG25,2,5,C2,837S1476,200,10.709245,-7.643856189774724
3,ENG25,3,5,C3,837S1476,200,10.391673,-7.643856189774724
3,ENG25,1,5,C4,837S1479,200,38.761468,-7.643856189774724
3,ENG25,2,5,C5,837S1479,200,37.226535,-7.643856189774724
3,ENG25,3,5,C6,837S1479,200,27.805222,-7.643856189774724
3,ENG25,1,5,C7,837S1485,200,58.715596,-7.643856189774724
3,ENG25,2,5,C8,837S1485,200,62.791108,-7.643856189774724
3,ENG25,3,5,C9,837S1485,200,52.311221,-7.643856189774724
3,ENG25,1,5,C10,837S1491,200,19.812985,-7.643856189774724
3,ENG25,2,5,C11,837S1491,200,12.085392,-7.643856189774724
3,ENG25,3,5,C12,837S1491,200,5.469301,-7.643856189774724
3,ENG25,1,5,D1,837S1476,400,12.244178,-8.643856189774725
3,ENG25,2,5,D2,837S1476,400,17.166549,-8.643856189774725
3,ENG25,3,5,D3,837S1476,400,16.901905,-8.643856189774725
3,ENG25,1,5,D4,837S1479,400,41.937191,-8.643856189774725
3,ENG25,2,5,D5,837S1479,400,29.869442,-8.643856189774725
3,ENG25,3,5,D6,837S1479,400,22.353564,-8.643856189774725
3,ENG25,1,5,D7,837S1485,400,36.326747,-8.643856189774725
3,ENG25,2,5,D8,837S1485,400,40.878617,-8.643856189774725
3,ENG25,3,5,D9,837S1485,400,22.141849,-8.643856189774725
3,ENG25,1,5,D10,837S1491,400,9.491884,-8.643856189774725
3,ENG25,2,5,D11,837S1491,400,-1.51729,-8.643856189774725
3,ENG25,3,5,D12,837S1491,400,-25.54693,-8.643856189774725
3,ENG25,1,5,E1,837S1476,800,-3.475653,-9.643856189774723
3,ENG25,2,5,E2,837S1476,800,-1.781934,-9.643856189774723
3,ENG25,3,5,E3,837S1476,800,9.333098,-9.643856189774723
3,ENG25,1,5,E4,837S1479,800,25.052929,-9.643856189774723
3,ENG25,2,5,E5,837S1479,800,18.330981,-9.643856189774723
3,ENG25,3,5,E6,837S1479,800,18.436838,-9.643856189774723
3,ENG25,1,5,E7,837S1485,800,43.842625,-9.643856189774723
3,ENG25,2,5,E8,837S1485,800,34.52717,-9.643856189774723
3,ENG25,3,5,E9,837S1485,800,14.361327,-9.643856189774723
3,ENG25,1,5,E10,837S1491,800,23.041637,-9.643856189774723
3,ENG25,2,5,E11,837S1491,800,16.213832,-9.643856189774723
3,ENG25,3,5,E12,837S1491,800,4.199012,-9.643856189774723
3,ENG25,1,5,F1,837S1476,1600,14.043754,-10.643856189774723
3,ENG25,2,5,F2,837S1476,1600,22.565279,-10.643856189774723
3,ENG25,3,5,F3,837S1476,1600,18.436838,-10.643856189774723
3,ENG25,1,5,F4,837S1479,1600,27.805222,-10.643856189774723
3,ENG25,2,5,F5,837S1479,1600,22.194778,-10.643856189774723
3,ENG25,3,5,F6,837S1479,1600,17.11362,-10.643856189774723
3,ENG25,1,5,F7,837S1485,1600,6.527876,-10.643856189774723
3,ENG25,2,5,F8,837S1485,1600,17.642908,-10.643856189774723
3,ENG25,3,5,F9,837S1485,1600,41.672548,-10.643856189774723
3,ENG25,3,5,F10,837S1491,1600,18.542696,-10.643856189774723
3,ENG25,3,5,F11,837S1491,1600,13.196895,-10.643856189774723
3,ENG25,3,5,F12,837S1491,1600,15.208186,-10.643856189774723
3,ENG25,1,5,G1,837S1476,3200,21.136203,-11.643856189774723
3,ENG25,2,5,G2,837S1476,3200,12.932251,-11.643856189774723
3,ENG25,3,5,G3,837S1476,3200,22.459421,-11.643856189774723
3,ENG25,1,5,G4,837S1479,3200,30.980946,-11.643856189774723
3,ENG25,2,5,G5,837S1479,3200,21.136203,-11.643856189774723
3,ENG25,3,5,G6,837S1479,3200,15.208186,-11.643856189774723
3,ENG25,1,5,G7,837S1485,3200,13.779111,-11.643856189774723
3,ENG25,2,5,G8,837S1485,3200,22.459421,-11.643856189774723
3,ENG25,3,5,G9,837S1485,3200,-5.116443,-11.643856189774723
3,ENG25,1,5,G10,837S1491,3200,22.459421,-11.643856189774723
3,ENG25,2,5,G11,837S1491,3200,5.52223,-11.643856189774723
3,ENG25,3,5,G12,837S1491,3200,13.038109,-11.643856189774723
3,ENG25,1,6,A1,837S1492,50,91.506807,-5.643856189774724
3,ENG25,2,6,A2,837S1492,50,92.667079,-5.643856189774724
3,ENG25,3,6,A3,837S1492,50,92.527847,-5.643856189774724
3,ENG25,1,6,A4,837S1493,50,93.038366,-5.643856189774724
3,ENG25,2,6,A5,837S1493,50,93.966584,-5.643856189774724
3,ENG25,3,6,A6,837S1493,50,93.966584,-5.643856189774724
3,ENG25,1,6,A7,837S1495,50,69.740099,-5.643856189774724
3,ENG25,2,6,A8,837S1495,50,74.288366,-5.643856189774724
3,ENG25,3,6,A9,837S1495,50,63.660272,-5.643856189774724
3,ENG25,1,6,A10,837S1498,50,91.506807,-5.643856189774724
3,ENG25,2,6,A11,837S1498,50,91.785272,-5.643856189774724
3,ENG25,3,6,A12,837S1498,50,93.548886,-5.643856189774724
3,ENG25,1,6,B1,837S1492,100,85.287748,-6.643856189774724
3,ENG25,2,6,B2,837S1492,100,86.680074,-6.643856189774724
3,ENG25,3,6,B3,837S1492,100,84.777228,-6.643856189774724
3,ENG25,1,6,B4,837S1493,100,87.237005,-6.643856189774724
3,ENG25,2,6,B5,837S1493,100,89.139851,-6.643856189774724
3,ENG25,3,6,B6,837S1493,100,87.933168,-6.643856189774724
3,ENG25,1,6,B7,837S1495,100,54.935025,-6.643856189774724
3,ENG25,2,6,B8,837S1495,100,54.14604,-6.643856189774724
3,ENG25,3,6,B9,837S1495,100,44.306931,-6.643856189774724
3,ENG25,1,6,B10,837S1498,100,85.380569,-6.643856189774724
3,ENG25,2,6,B11,837S1498,100,83.152847,-6.643856189774724
3,ENG25,3,6,B12,837S1498,100,84.870049,-6.643856189774724
3,ENG25,1,6,C1,837S1492,200,71.689356,-7.643856189774724
3,ENG25,2,6,C2,837S1492,200,70.668317,-7.643856189774724
3,ENG25,3,6,C3,837S1492,200,72.246287,-7.643856189774724
3,ENG25,1,6,C4,837S1493,200,79.439975,-7.643856189774724
3,ENG25,2,6,C5,837S1493,200,77.676361,-7.643856189774724
3,ENG25,3,6,C6,837S1493,200,76.05198,-7.643856189774724
3,ENG25,1,6,C7,837S1495,200,51.825495,-7.643856189774724
3,ENG25,2,6,C8,837S1495,200,44.77104,-7.643856189774724
3,ENG25,3,6,C9,837S1495,200,39.526609,-7.643856189774724
3,ENG25,1,6,C10,837S1498,200,74.938119,-7.643856189774724
3,ENG25,2,6,C11,837S1498,200,72.756807,-7.643856189774724
3,ENG25,3,6,C12,837S1498,200,72.988861,-7.643856189774724
3,ENG25,1,6,D1,837S1492,400,60.133045,-8.643856189774725
3,ENG25,2,6,D2,837S1492,400,62.871287,-8.643856189774725
3,ENG25,3,6,D3,837S1492,400,64.634901,-8.643856189774725
3,ENG25,1,6,D4,837S1493,400,64.402847,-8.643856189774725
3,ENG25,2,6,D5,837S1493,400,65.795173,-8.643856189774725
3,ENG25,3,6,D6,837S1493,400,71.36448,-8.643856189774725
3,ENG25,1,6,D7,837S1495,400,50.154703,-8.643856189774725
3,ENG25,2,6,D8,837S1495,400,37.855817,-8.643856189774725
3,ENG25,3,6,D9,837S1495,400,21.147896,-8.643856189774725
3,ENG25,1,6,D10,837S1498,400,53.681931,-8.643856189774725
3,ENG25,2,6,D11,837S1498,400,60.550743,-8.643856189774725
3,ENG25,3,6,D12,837S1498,400,52.568069,-8.643856189774725
3,ENG25,1,6,E1,837S1492,800,39.526609,-9.643856189774723
3,ENG25,2,6,E2,837S1492,800,41.197401,-9.643856189774723
3,ENG25,3,6,E3,837S1492,800,39.944307,-9.643856189774723
3,ENG25,1,6,E4,837S1493,800,50.850866,-9.643856189774723
3,ENG25,2,6,E5,837S1493,800,44.631807,-9.643856189774723
3,ENG25,3,6,E6,837S1493,800,58.369431,-9.643856189774723
3,ENG25,1,6,E7,837S1495,800,27.366955,-9.643856189774723
3,ENG25,2,6,E8,837S1495,800,38.737624,-9.643856189774723
3,ENG25,3,6,E9,837S1495,800,18.409653,-9.643856189774723
3,ENG25,1,6,E10,837S1498,800,31.77599,-9.643856189774723
3,ENG25,2,6,E11,837S1498,800,24.211015,-9.643856189774723
3,ENG25,3,6,E12,837S1498,800,52.61448,-9.643856189774723
3,ENG25,1,6,F1,837S1492,1600,46.116955,-10.643856189774723
3,ENG25,2,6,F2,837S1492,1600,48.112624,-10.643856189774723
3,ENG25,3,6,F3,837S1492,1600,37.391708,-10.643856189774723
3,ENG25,1,6,F4,837S1493,1600,47.37005,-10.643856189774723
3,ENG25,2,6,F5,837S1493,1600,37.762995,-10.643856189774723
3,ENG25,3,6,F6,837S1493,1600,49.087252,-10.643856189774723
3,ENG25,1,6,F7,837S1495,1600,31.219059,-10.643856189774723
3,ENG25,2,6,F8,837S1495,1600,32.472153,-10.643856189774723
3,ENG25,3,6,F9,837S1495,1600,27.877475,-10.643856189774723
3,ENG25,3,6,F10,837S1498,1600,48.483911,-10.643856189774723
3,ENG25,3,6,F11,837S1498,1600,38.459158,-10.643856189774723
3,ENG25,3,6,F12,837S1498,1600,26.624381,-10.643856189774723
3,ENG25,1,6,G1,837S1492,3200,26.113861,-11.643856189774723
3,ENG25,2,6,G2,837S1492,3200,30.801361,-11.643856189774723
3,ENG25,3,6,G3,837S1492,3200,36.649134,-11.643856189774723
3,ENG25,1,6,G4,837S1493,3200,27.877475,-11.643856189774723
3,ENG25,2,6,G5,837S1493,3200,18.409653,-11.643856189774723
3,ENG25,3,6,G6,837S1493,3200,29.733911,-11.643856189774723
3,ENG25,1,6,G7,837S1495,3200,22.447401,-11.643856189774723
3,ENG25,2,6,G8,837S1495,3200,27.691832,-11.643856189774723
3,ENG25,3,6,G9,837S1495,3200,22.540223,-11.643856189774723
3,ENG25,1,6,G10,837S1498,3200,29.965965,-11.643856189774723
3,ENG25,2,6,G11,837S1498,3200,31.172649,-11.643856189774723
3,ENG25,3,6,G12,837S1498,3200,39.294554,-11.643856189774723
4,THA22,1,1,A1,837S1033,50,88.6,-5.643856189774724
4,THA22,2,1,A2,837S1033,50,88,-5.643856189774724
4,THA22,3,1,A3,837S1033,50,90,-5.643856189774724
4,THA22,1,1,A4,837S1056,50,81.3,-5.643856189774724
4,THA22,2,1,A5,837S1056,50,79.55474784189005,-5.643856189774724
4,THA22,3,1,A6,837S1056,50,80.78146297137664,-5.643856189774724
4,THA22,1,1,A7,837S1058,50,52.08995910949568,-5.643856189774724
4,THA22,2,1,A8,837S1058,50,58.0872330758746,-5.643856189774724
4,THA22,3,1,A9,837S1058,50,53.24852339845524,-5.643856189774724
4,THA22,1,1,A10,837S1093,50,97.27396637891869,-5.643856189774724
4,THA22,2,1,A11,837S1093,50,97.61472058155384,-5.643856189774724
4,THA22,3,1,A12,837S1093,50,96.7287596547024,-5.643856189774724
4,THA22,1,1,B1,837S1033,100,80.9,-6.643856189774724
4,THA22,2,1,B2,837S1033,100,78.5,-6.643856189774724
4,THA22,3,1,B3,837S1033,100,72.3,-6.643856189774724
4,THA22,1,1,B4,837S1056,100,60,-6.643856189774724
4,THA22,2,1,B5,837S1056,100,55.565651976374376,-6.643856189774724
4,THA22,3,1,B6,837S1056,100,56.04270786006361,-6.643856189774724
4,THA22,1,1,B7,837S1058,100,16.51522035438437,-6.643856189774724
4,THA22,2,1,B8,837S1058,100,13.175829168559744,-6.643856189774724
4,THA22,3,1,B9,837S1058,100,14.129940935938208,-6.643856189774724
4,THA22,1,1,B10,837S1093,100,89.36846887778282,-6.643856189774724
4,THA22,2,1,B11,837S1093,100,89.91367560199909,-6.643856189774724
4,THA22,3,1,B12,837S1093,100,86.84688777828259,-6.643856189774724
4,THA22,1,1,C1,837S1033,200,62.9,-7.643856189774724
4,THA22,2,1,C2,837S1033,200,51.7,-7.643856189774724
4,THA22,3,1,C3,837S1033,200,52.8,-7.643856189774724
4,THA22,1,1,C4,837S1056,200,27.8,-7.643856189774724
4,THA22,2,1,C5,837S1056,200,27.760109041344833,-7.643856189774724
4,THA22,3,1,C6,837S1056,200,24.625170377101313,-7.643856189774724
4,THA22,1,1,C7,837S1058,200,-2.77146751476603,-7.643856189774724
4,THA22,2,1,C8,837S1058,200,-11.903680145388478,-7.643856189774724
4,THA22,3,1,C9,837S1058,200,-19.877328487051344,-7.643856189774724
4,THA22,1,1,C10,837S1093,200,75.1249432076329,-7.643856189774724
4,THA22,2,1,C11,837S1093,200,71.99000454338938,-7.643856189774724
4,THA22,3,1,C12,837S1093,200,73.96637891867333,-7.643856189774724
4,THA22,1,1,D1,837S1033,400,41,-8.643856189774725
4,THA22,2,1,D2,837S1033,400,28.5,-8.643856189774725
4,THA22,3,1,D3,837S1033,400,23.1,-8.643856189774725
4,THA22,1,1,D4,837S1056,400,1.6,-8.643856189774725
4,THA22,2,1,D5,837S1056,400,9.76828714220808,-8.643856189774725
4,THA22,3,1,D6,837S1056,400,0.49977283053156896,-8.643856189774725
4,THA22,1,1,D7,837S1058,400,-23.284870513403007,-8.643856189774725
4,THA22,2,1,D8,837S1058,400,-32.41708314402544,-8.643856189774725
4,THA22,3,1,D9,837S1058,400,-15.038618809631998,-8.643856189774725
4,THA22,1,1,D10,837S1093,400,35.80190822353475,-8.643856189774725
4,THA22,2,1,D11,837S1093,400,45.7519309404816,-8.643856189774725
4,THA22,3,1,D12,837S1093,400,45.070422535211264,-8.643856189774725
4,THA22,1,1,E1,837S1033,800,19.1,-9.643856189774723
4,THA22,2,1,E2,837S1033,800,-3.2,-9.643856189774723
4,THA22,3,1,E3,837S1033,800,6.6,-9.643856189774723
4,THA22,1,1,E4,837S1056,800,-17.4,-9.643856189774723
4,THA22,2,1,E5,837S1056,800,-17.219445706497055,-9.643856189774723
4,THA22,3,1,E6,837S1056,800,-21.581099500227168,-9.643856189774723
4,THA22,1,1,E7,837S1058,800,-30.84961381190371,-9.643856189774723
4,THA22,2,1,E8,837S1058,800,-41.68559745570195,-9.643856189774723
4,THA22,3,1,E9,837S1058,800,-21.853702862335297,-9.643856189774723
4,THA22,1,1,E10,837S1093,800,7.3148568832348815,-9.643856189774723
4,THA22,2,1,E11,837S1093,800,7.110404361653792,-9.643856189774723
4,THA22,3,1,E12,837S1093,800,17.67378464334392,-9.643856189774723
4,THA22,1,1,F1,837S1033,1600,3.566560654248065,-10.643856189774723
4,THA22,2,1,F2,837S1033,1600,-21.78555202180827,-10.643856189774723
4,THA22,3,1,F3,837S1033,1600,-23.284870513403007,-10.643856189774723
4,THA22,1,1,F4,837S1056,1600,-35.55202180826896,-10.643856189774723
4,THA22,2,1,F5,837S1056,1600,-22.60336210813267,-10.643856189774723
4,THA22,3,1,F6,837S1056,1600,-24.784189004997728,-10.643856189774723
4,THA22,1,1,F7,837S1058,1600,-42.844161744661534,-10.643856189774723
4,THA22,2,1,F8,837S1058,1600,-39.16401635620173,-10.643856189774723
4,THA22,3,1,F9,837S1058,1600,-47.88732394366198,-10.643856189774723
4,THA22,1,1,F10,837S1093,1600,-14.2208087233076,-10.643856189774723
4,THA22,2,1,F11,837S1093,1600,-11.63107678328032,-10.643856189774723
4,THA22,3,1,F12,837S1093,1600,3.1576556110858576,-10.643856189774723
4,THA22,1,1,G1,837S1033,3200,-5.770104497955472,-11.643856189774723
4,THA22,2,1,G2,837S1033,3200,-14.697864606996832,-11.643856189774723
4,THA22,3,1,G3,837S1033,3200,-0.999545661063152,-11.643856189774723
4,THA22,1,1,G4,837S1056,3200,-5.565651976374369,-11.643856189774723
4,THA22,2,1,G5,837S1056,3200,-0.5906406179009451,-11.643856189774723
4,THA22,3,1,G6,837S1056,3200,-29.07769195820083,-11.643856189774723
4,THA22,1,1,G7,837S1058,3200,-6.383462062698769,-11.643856189774723
4,THA22,2,1,G8,837S1058,3200,-33.37119491140393,-11.643856189774723
4,THA22,3,1,G9,837S1058,3200,-14.629713766469791,-11.643856189774723
4,THA22,1,1,G10,837S1093,3200,-23.761926397092253,-11.643856189774723
4,THA22,2,1,G11,837S1093,3200,-22.535211267605646,-11.643856189774723
4,THA22,3,1,G12,837S1093,3200,29.940935938209904,-11.643856189774723
4,THA22,1,2,A1,837S1095,50,99.11403907314858,-5.643856189774724
4,THA22,2,2,A2,837S1095,50,98.5688323489323,-5.643856189774724
4,THA22,3,2,A3,837S1095,50,98.90958655156749,-5.643856189774724
4,THA22,1,2,B1,837S1095,100,92.77601090413448,-6.643856189774724
4,THA22,2,2,B2,837S1095,100,92.43525670149933,-6.643856189774724
4,THA22,3,2,B3,837S1095,100,94.82053611994549,-6.643856189774724
4,THA22,1,2,C1,837S1095,200,74.3071331213085,-7.643856189774724
4,THA22,2,2,C2,837S1095,200,74.64788732394366,-7.643856189774724
4,THA22,3,2,C3,837S1095,200,71.99000454338938,-7.643856189774724
4,THA22,1,2,D1,837S1095,400,54.95229441163107,-8.643856189774725
4,THA22,2,2,D2,837S1095,400,39.41390277146751,-8.643856189774725
4,THA22,3,2,D3,837S1095,400,46.02453430258973,-8.643856189774725
4,THA22,1,2,E1,837S1095,800,17.605633802816897,-9.643856189774723
4,THA22,2,2,E2,837S1095,800,16.651522035438433,-9.643856189774723
4,THA22,3,2,E3,837S1095,800,15.152203543843695,-9.643856189774723
4,THA22,1,2,F1,837S1095,1600,-2.975920036347119,-10.643856189774723
4,THA22,2,2,F2,837S1095,1600,-9.17764652430715,-10.643856189774723
4,THA22,3,2,F3,837S1095,1600,-3.3848250795093264,-10.643856189774723
4,THA22,1,2,G1,837S1095,3200,-4.134484325306673,-11.643856189774723
4,THA22,2,2,G2,837S1095,3200,-4.066333484779648,-11.643856189774723
4,THA22,3,2,G3,837S1095,3200,3.975465697410258,-11.643856189774723
4,ENG24,1,1,A1,837S1033,50,64.63171864631718,-5.643856189774724
4,ENG24,2,1,A2,837S1033,50,51.49303251493033,-5.643856189774724
4,ENG24,3,1,A3,837S1033,50,58.72594558725945,-5.643856189774724
4,ENG24,1,1,A4,837S1056,50,51.49303251493033,-5.643856189774724
4,ENG24,2,1,A5,837S1056,50,44.85733244857333,-5.643856189774724
4,ENG24,3,1,A6,837S1056,50,59.25680159256802,-5.643856189774724
4,ENG24,1,1,A7,837S1058,50,27.140013271400136,-5.643856189774724
4,ENG24,2,1,A8,837S1058,50,17.650962176509623,-5.643856189774724
4,ENG24,3,1,A9,837S1058,50,24.95023224950232,-5.643856189774724
4,ENG24,1,1,A10,837S1093,50,91.5726609157266,-5.643856189774724
4,ENG24,2,1,A11,837S1093,50,90.77637690776376,-5.643856189774724
4,ENG24,3,1,A12,837S1093,50,91.24087591240875,-5.643856189774724
4,ENG24,1,1,B1,837S1033,100,38.68613138686131,-6.643856189774724
4,ENG24,2,1,B2,837S1033,100,31.718646317186455,-6.643856189774724
4,ENG24,3,1,B3,837S1033,100,34.77106834771068,-6.643856189774724
4,ENG24,1,1,B4,837S1056,100,36.496350364963504,-6.643856189774724
4,ENG24,2,1,B5,837S1056,100,22.36230922362309,-6.643856189774724
4,ENG24,3,1,B6,837S1056,100,31.718646317186455,-6.643856189774724
4,ENG24,1,1,B7,837S1058,100,-17.584605175846065,-6.643856189774724
4,ENG24,2,1,B8,837S1058,100,-13.271400132713993,-6.643856189774724
4,ENG24,3,1,B9,837S1058,100,-9.95355009953549,-6.643856189774724
4,ENG24,1,1,B10,837S1093,100,70.53749170537492,-6.643856189774724
4,ENG24,2,1,B11,837S1093,100,66.42335766423358,-6.643856189774724
4,ENG24,3,1,B12,837S1093,100,65.89250165892503,-6.643856189774724
4,ENG24,1,1,C1,837S1033,200,29.8606502986065,-7.643856189774724
4,ENG24,2,1,C2,837S1033,200,21.167883211678827,-7.643856189774724
4,ENG24,3,1,C3,837S1033,200,-3.715992037159907,-7.643856189774724
4,ENG24,1,1,C4,837S1056,200,1.6589250165892508,-7.643856189774724
4,ENG24,2,1,C5,837S1056,200,7.962840079628392,-7.643856189774724
4,ENG24,3,1,C6,837S1056,200,5.573988055739875,-7.643856189774724
4,ENG24,1,1,C7,837S1058,200,-6.502986065029859,-7.643856189774724
4,ENG24,2,1,C8,837S1058,200,-26.14465826144658,-7.643856189774724
4,ENG24,3,1,C9,837S1058,200,-12.475116124751167,-7.643856189774724
4,ENG24,1,1,C10,837S1093,200,26.94094226940942,-7.643856189774724
4,ENG24,2,1,C11,837S1093,200,30.723291307232913,-7.643856189774724
4,ENG24,3,1,C12,837S1093,200,28.732581287325814,-7.643856189774724
4,ENG24,1,1,D1,837S1033,400,18.911745189117457,-8.643856189774725
4,ENG24,2,1,D2,837S1033,400,-11.413404114134051,-8.643856189774725
4,ENG24,3,1,D3,837S1033,400,-8.360982083609827,-8.643856189774725
4,ENG24,1,1,D4,837S1056,400,-23.490378234903787,-8.643856189774725
4,ENG24,2,1,D5,837S1056,400,-18.845388188453867,-8.643856189774725
4,ENG24,3,1,D6,837S1056,400,-21.566025215660247,-8.643856189774725
4,ENG24,1,1,D7,837S1058,400,-10.086264100862635,-8.643856189774725
4,ENG24,2,1,D8,837S1058,400,-34.37292634372926,-8.643856189774725
4,ENG24,3,1,D9,837S1058,400,-4.9767750497677525,-8.643856189774725
4,ENG24,1,1,D10,837S1093,400,-8.095554080955552,-8.643856189774725
4,ENG24,2,1,D11,837S1093,400,1.9907100199070984,-8.643856189774725
4,ENG24,3,1,D12,837S1093,400,-9.28998009289981,-8.643856189774725
4,ENG24,1,1,E1,837S1033,800,-8.626410086264102,-9.643856189774723
4,ENG24,2,1,E2,837S1033,800,-15.527538155275394,-9.643856189774723
4,ENG24,3,1,E3,837S1033,800,-23.291307232913084,-9.643856189774723
4,ENG24,1,1,E4,837S1056,800,-30.988719309887216,-9.643856189774723
4,ENG24,2,1,E5,837S1056,800,-23.68944923689449,-9.643856189774723
4,ENG24,3,1,E6,837S1056,800,-28.798938287989387,-9.643856189774723
4,ENG24,1,1,E7,837S1058,800,-27.073656270736564,-9.643856189774723
4,ENG24,2,1,E8,837S1058,800,-26.47644326476444,-9.643856189774723
4,ENG24,3,1,E9,837S1058,800,-29.064366290643648,-9.643856189774723
4,ENG24,1,1,E10,837S1093,800,-8.427339084273399,-9.643856189774723
4,ENG24,2,1,E11,837S1093,800,-6.4366290643662865,-9.643856189774723
4,ENG24,3,1,E12,837S1093,800,-3.450564034505632,-9.643856189774723
4,ENG24,1,1,F1,837S1033,1600,-17.98274717982747,-10.643856189774723
4,ENG24,2,1,F2,837S1033,1600,-24.41937624419377,-10.643856189774723
4,ENG24,3,1,F3,837S1033,1600,-42.99933642999335,-10.643856189774723
4,ENG24,1,1,F4,837S1056,1600,-43.13205043132052,-10.643856189774723
4,ENG24,2,1,F5,837S1056,1600,-28.135368281353692,-10.643856189774723
4,ENG24,3,1,F6,837S1056,1600,-25.879230258792305,-10.643856189774723
4,ENG24,1,1,F7,837S1058,1600,-31.05507631055076,-10.643856189774723
4,ENG24,2,1,F8,837S1058,1600,-37.09356337093564,-10.643856189774723
4,ENG24,3,1,F9,837S1058,1600,-19.442601194426004,-10.643856189774723
4,ENG24,1,1,F10,837S1093,1600,-29.39615129396151,-10.643856189774723
4,ENG24,2,1,F11,837S1093,1600,-17.85003317850034,-10.643856189774723
4,ENG24,3,1,F12,837S1093,1600,1.9907100199070984,-10.643856189774723
4,ENG24,1,1,G1,837S1033,3200,-15.328467153284665,-11.643856189774723
4,ENG24,2,1,G2,837S1033,3200,-32.18314532183146,-11.643856189774723
4,ENG24,3,1,G3,837S1033,3200,-28.400796284007953,-11.643856189774723
4,ENG24,1,1,G4,837S1056,3200,-31.32050431320502,-11.643856189774723
4,ENG24,2,1,G5,837S1056,3200,-7.36562707365627,-11.643856189774723
4,ENG24,3,1,G6,837S1056,3200,-13.404114134041151,-11.643856189774723
4,ENG24,1,1,G7,837S1058,3200,-9.223623092236238,-11.643856189774723
4,ENG24,2,1,G8,837S1058,3200,-14.067684140676846,-11.643856189774723
4,ENG24,3,1,G9,837S1058,3200,-10.285335102853338,-11.643856189774723
4,ENG24,1,1,G10,837S1093,3200,-23.755806237558065,-11.643856189774723
4,ENG24,2,1,G11,837S1093,3200,-5.7067020570670195,-11.643856189774723
4,ENG24,3,1,G12,837S1093,3200,-13.603185136031854,-11.643856189774723
4,ENG24,1,2,A4,837S1095,50,87.26328649969456,-5.643856189774724
4,ENG24,2,2,A5,837S1095,50,85.4306658521686,-5.643856189774724
4,ENG24,3,2,A6,837S1095,50,88.08796579108125,-5.643856189774724
4,ENG24,1,2,B4,837S1095,100,63.98900427611484,-6.643856189774724
4,ENG24,2,2,B5,837S1095,100,66.0965180207697,-6.643856189774724
4,ENG24,3,2,B6,837S1095,100,69.94502138057422,-6.643856189774724
4,ENG24,1,2,C4,837S1095,200,-0.3359804520464422,-7.643856189774724
4,ENG24,2,2,C5,837S1095,200,12.492364080635298,-7.643856189774724
4,ENG24,3,2,C6,837S1095,200,12.125839951130118,-7.643856189774724
4,ENG24,1,2,D4,837S1095,400,-4.001221747098356,-8.643856189774725
4,ENG24,2,2,D5,837S1095,400,-16.737935247403783,-8.643856189774725
4,ENG24,3,2,D6,837S1095,400,-35.797189981673796,-8.643856189774725
4,ENG24,1,2,E4,837S1095,800,-17.10445937690899,-9.643856189774723
4,ENG24,2,2,E5,837S1095,800,-17.470983506414186,-9.643856189774723
4,ENG24,3,2,E6,837S1095,800,-44.41050702504583,-9.643856189774723
4,ENG24,1,2,F4,837S1095,1600,-44.777031154551025,-10.643856189774723
4,ENG24,2,2,F5,837S1095,1600,-26.450824679291387,-10.643856189774723
4,ENG24,3,2,F6,837S1095,1600,-51.3744654856445,-10.643856189774723
4,ENG24,1,2,G4,837S1095,3200,-18.20403176542456,-11.643856189774723
4,ENG24,2,2,G5,837S1095,3200,-36.71350030543678,-11.643856189774723
4,ENG24,3,2,G6,837S1095,3200,-10.598656078191809,-11.643856189774723
4,ENG25,1,1,A1,837S1033,50,92.63050153531218,-5.643856189774724
4,ENG25,2,1,A2,837S1033,50,92.40020470829069,-5.643856189774724
4,ENG25,3,1,A3,837S1033,50,92.63050153531218,-5.643856189774724
4,ENG25,1,1,A4,837S1056,50,59.007164790174,-5.643856189774724
4,ENG25,2,1,A5,837S1056,50,52.32855680655067,-5.643856189774724
4,ENG25,3,1,A6,837S1056,50,60.23541453428864,-5.643856189774724
4,ENG25,1,1,A7,837S1058,50,32.906857727737986,-5.643856189774724
4,ENG25,2,1,A8,837S1058,50,21.315250767656096,-5.643856189774724
4,ENG25,3,1,A9,837S1058,50,35.823950870010236,-5.643856189774724
4,ENG25,1,1,A10,837S1093,50,91.7093142272262,-5.643856189774724
4,ENG25,2,1,A11,837S1093,50,90.8648925281474,-5.643856189774724
4,ENG25,3,1,A12,837S1093,50,89.94370522006142,-5.643856189774724
4,ENG25,1,1,B1,837S1033,100,88.48515864892528,-6.643856189774724
4,ENG25,2,1,B2,837S1033,100,86.79631525076766,-6.643856189774724
4,ENG25,3,1,B3,837S1033,100,89.02251791197543,-6.643856189774724
4,ENG25,1,1,B4,837S1056,100,42.425793244626405,-6.643856189774724
4,ENG25,2,1,B5,837S1056,100,28.83828045035824,-6.643856189774724
4,ENG25,3,1,B6,837S1056,100,38.81780962128967,-6.643856189774724
4,ENG25,1,1,B7,837S1058,100,1.2794268167860847,-6.643856189774724
4,ENG25,2,1,B8,837S1058,100,-4.401228249744122,-6.643856189774724
4,ENG25,3,1,B9,837S1058,100,21.468781985670432,-6.643856189774724
4,ENG25,1,1,B10,837S1093,100,78.1985670419652,-6.643856189774724
4,ENG25,2,1,B11,837S1093,100,75.5885363357216,-6.643856189774724
4,ENG25,3,1,B12,837S1093,100,73.05527123848516,-6.643856189774724
4,ENG25,1,1,C1,837S1033,200,81.88331627430911,-7.643856189774724
4,ENG25,2,1,C2,837S1033,200,76.81678607983623,-7.643856189774724
4,ENG25,3,1,C3,837S1033,200,69.29375639713409,-7.643856189774724
4,ENG25,1,1,C4,837S1056,200,14.406345957011268,-7.643856189774724
4,ENG25,2,1,C5,837S1056,200,0.895598771750258,-7.643856189774724
4,ENG25,3,1,C6,837S1056,200,8.879222108495398,-7.643856189774724
4,ENG25,1,1,C7,837S1058,200,-10.158648925281469,-7.643856189774724
4,ENG25,2,1,C8,837S1058,200,-17.297850562947787,-7.643856189774724
4,ENG25,3,1,C9,837S1058,200,-21.21289662231321,-7.643856189774724
4,ENG25,1,1,C10,837S1093,200,37.51279426816786,-7.643856189774724
4,ENG25,2,1,C11,837S1093,200,41.427840327533275,-7.643856189774724
4,ENG25,3,1,C12,837S1093,200,43.34698055271238,-7.643856189774724
4,ENG25,1,1,D1,837S1033,400,68.90992835209826,-8.643856189774725
4,ENG25,2,1,D2,837S1033,400,60.7727737973388,-8.643856189774725
4,ENG25,3,1,D3,837S1033,400,62.61514841351075,-8.643856189774725
4,ENG25,1,1,D4,837S1056,400,-7.471852610030695,-8.643856189774725
4,ENG25,2,1,D5,837S1056,400,10.03070624360288,-8.643856189774725
4,ENG25,3,1,D6,837S1056,400,5.578300921187321,-8.643856189774725
4,ENG25,1,1,D7,837S1058,400,-4.401228249744122,-8.643856189774725
4,ENG25,2,1,D8,837S1058,400,-2.251791197543483,-8.643856189774725
4,ENG25,3,1,D9,837S1058,400,-10.081883316274316,-8.643856189774725
4,ENG25,1,1,D10,837S1093,400,2.5076765609007197,-8.643856189774725
4,ENG25,2,1,D11,837S1093,400,12.180143295803475,-8.643856189774725
4,ENG25,3,1,D12,837S1093,400,15.941658137154562,-8.643856189774725
4,ENG25,1,1,E1,837S1033,800,47.49232343909928,-9.643856189774723
4,ENG25,2,1,E2,837S1033,800,33.751279426816794,-9.643856189774723
4,ENG25,3,1,E3,837S1033,800,36.82190378710338,-9.643856189774723
4,ENG25,1,1,E4,837S1056,800,-5.859774820880247,-9.643856189774723
4,ENG25,2,1,E5,837S1056,800,6.34595701125896,-9.643856189774723
4,ENG25,3,1,E6,837S1056,800,3.045035823950869,-9.643856189774723
4,ENG25,1,1,E7,837S1058,800,7.574206755373609,-9.643856189774723
4,ENG25,2,1,E8,837S1058,800,-1.0235414534288625,-9.643856189774723
4,ENG25,3,1,E9,837S1058,800,2.123848515864907,-9.643856189774723
4,ENG25,1,1,E10,837S1093,800,-13.766632548618205,-9.643856189774723
4,ENG25,2,1,E11,837S1093,800,-9.390992835209817,-9.643856189774723
4,ENG25,3,1,E12,837S1093,800,-5.47594677584442,-9.643856189774723
4,ENG25,1,1,F1,837S1033,1600,20.701125895598764,-10.643856189774723
4,ENG25,2,1,F2,837S1033,1600,8.879222108495398,-10.643856189774723
4,ENG25,3,1,F3,837S1033,1600,10.644831115660196,-10.643856189774723
4,ENG25,1,1,F4,837S1056,1600,-22.364380757420665,-10.643856189774723
4,ENG25,2,1,F5,837S1056,1600,5.271238485158662,-10.643856189774723
4,ENG25,3,1,F6,837S1056,1600,-0.17911975435005445,-10.643856189774723
4,ENG25,1,1,F7,837S1058,1600,-2.1750255885363288,-10.643856189774723
4,ENG25,2,1,F8,837S1058,1600,-4.3244626407369395,-10.643856189774723
4,ENG25,3,1,F9,837S1058,1600,-11.617195496417594,-10.643856189774723
4,ENG25,1,1,F10,837S1093,1600,-9.007164790174002,-10.643856189774723
4,ENG25,2,1,F11,837S1093,1600,-20.98259979529172,-10.643856189774723
4,ENG25,3,1,F12,837S1093,1600,-2.8659160696008,-10.643856189774723
4,ENG25,1,1,G1,837S1033,3200,14.713408393039929,-11.643856189774723
4,ENG25,2,1,G2,837S1033,3200,-2.5588536335721557,-11.643856189774723
4,ENG25,3,1,G3,837S1033,3200,3.966223132036845,-11.643856189774723
4,ENG25,1,1,G4,837S1056,3200,0.2814738996929407,-11.643856189774723
4,ENG25,2,1,G5,837S1056,3200,5.1177072671443256,-11.643856189774723
4,ENG25,3,1,G6,837S1056,3200,5.578300921187321,-11.643856189774723
4,ENG25,1,1,G7,837S1058,3200,12.487205731832134,-11.643856189774723
4,ENG25,2,1,G8,837S1058,3200,26.535312180143293,-11.643856189774723
4,ENG25,3,1,G9,837S1058,3200,3.8126919140225226,-11.643856189774723
4,ENG25,1,1,G10,837S1093,3200,3.2753326509723735,-11.643856189774723
4,ENG25,2,1,G11,837S1093,3200,14.176049129989764,-11.643856189774723
4,ENG25,3,1,G12,837S1093,3200,12.871033776867977,-11.643856189774723
4,ENG25,1,2,A7,837S1095,50,88.31877729257641,-5.643856189774724
4,ENG25,2,2,A8,837S1095,50,90.50218340611356,-5.643856189774724
4,ENG25,3,2,A9,837S1095,50,87.77292576419214,-5.643856189774724
4,ENG25,1,2,B7,837S1095,100,64.08296943231441,-6.643856189774724
4,ENG25,2,2,B8,837S1095,100,60.043668122270745,-6.643856189774724
4,ENG25,3,2,B9,837S1095,100,63.1004366812227,-6.643856189774724
4,ENG25,1,2,C7,837S1095,200,10.1528384279476,-7.643856189774724
4,ENG25,2,2,C8,837S1095,200,-11.572052401746731,-7.643856189774724
4,ENG25,3,2,C9,837S1095,200,-6.004366812227062,-7.643856189774724
4,ENG25,1,2,D7,837S1095,400,-40.39301310043669,-8.643856189774725
4,ENG25,2,2,D8,837S1095,400,-34.279475982532745,-8.643856189774725
4,ENG25,3,2,D9,837S1095,400,-11.35371179039302,-8.643856189774725
4,ENG25,1,2,E7,837S1095,800,-57.860262008733635,-9.643856189774723
4,ENG25,2,2,E8,837S1095,800,-56.98689956331876,-9.643856189774723
4,ENG25,3,2,E9,837S1095,800,-61.244541484716166,-9.643856189774723
4,ENG25,1,2,F7,837S1095,1600,-11.462882096069876,-10.643856189774723
4,ENG25,2,2,F8,837S1095,1600,-49.56331877729258,-10.643856189774723
4,ENG25,3,2,F9,837S1095,1600,-51.85589519650654,-10.643856189774723
4,ENG25,1,2,G7,837S1095,3200,-34.716157205240165,-11.643856189774723
4,ENG25,2,2,G8,837S1095,3200,-42.79475982532754,-11.643856189774723
4,ENG25,3,2,G9,837S1095,3200,-21.834061135371183,-11.643856189774723
5,THA22,1,1,A1,837S1097,50,97.72283669486012,-5.643856189774724
5,THA22,2,1,A2,837S1097,50,98.1132075471698,-5.643856189774724
5,THA22,3,1,A3,837S1097,50,97.52765126870528,-5.643856189774724
5,THA22,1,1,A4,837S1098,50,68.83539362394275,-5.643856189774724
5,THA22,2,1,A5,837S1098,50,72.6740403383214,-5.643856189774724
5,THA22,3,1,A6,837S1098,50,71.30774235523748,-5.643856189774724
5,THA22,1,1,A7,837S1099,50,96.09629147690306,-5.643856189774724
5,THA22,2,1,A8,837S1099,50,96.87703318152244,-5.643856189774724
5,THA22,3,1,A9,837S1099,50,95.12036434612884,-5.643856189774724
5,THA22,1,1,A10,837S1103,50,50.748210800260246,-5.643856189774724
5,THA22,2,1,A11,837S1103,50,44.37215354586858,-5.643856189774724
5,THA22,3,1,A12,837S1103,50,46.06376057254392,-5.643856189774724
5,THA22,1,1,B1,837S1097,100,85.10084580351334,-6.643856189774724
5,THA22,2,1,B2,837S1097,100,87.05270006506181,-6.643856189774724
5,THA22,3,1,B3,837S1097,100,86.59726740403383,-6.643856189774724
5,THA22,1,1,B4,837S1098,100,51.72413793103448,-6.643856189774724
5,THA22,2,1,B5,837S1098,100,55.23747560182173,-6.643856189774724
5,THA22,3,1,B6,837S1098,100,50.68314899154196,-6.643856189774724
5,THA22,1,1,B7,837S1099,100,86.98763825634353,-6.643856189774724
5,THA22,2,1,B8,837S1099,100,87.18282368249837,-6.643856189774724
5,THA22,3,1,B9,837S1099,100,86.7273910214704,-6.643856189774724
5,THA22,1,1,B10,837S1103,100,14.248536109303828,-6.643856189774724
5,THA22,2,1,B11,837S1103,100,23.55237475601821,-6.643856189774724
5,THA22,3,1,B12,837S1103,100,22.44632400780742,-6.643856189774724
5,THA22,1,1,C1,837S1097,200,52.11450878334418,-7.643856189774724
5,THA22,2,1,C2,837S1097,200,55.562784645413146,-7.643856189774724
5,THA22,3,1,C3,837S1097,200,64.54131424853611,-7.643856189774724
5,THA22,1,1,C4,837S1098,200,27.71633051398828,-7.643856189774724
5,THA22,2,1,C5,837S1098,200,21.92582953806117,-7.643856189774724
5,THA22,3,1,C6,837S1098,200,20.104098893949256,-7.643856189774724
5,THA22,1,1,C7,837S1099,200,68.44502277163305,-7.643856189774724
5,THA22,2,1,C8,837S1099,200,64.15094339622641,-7.643856189774724
5,THA22,3,1,C9,837S1099,200,71.43786597267405,-7.643856189774724
5,THA22,1,1,C10,837S1103,200,-5.139882888744296,-7.643856189774724
5,THA22,2,1,C11,837S1103,200,11.711125569290829,-7.643856189774724
5,THA22,3,1,C12,837S1103,200,-5.139882888744296,-7.643856189774724
5,THA22,1,1,D1,837S1097,400,11.255692908262844,-8.643856189774725
5,THA22,2,1,D2,837S1097,400,21.730644111906315,-8.643856189774725
5,THA22,3,1,D3,837S1097,400,29.14769030579049,-8.643856189774725
5,THA22,1,1,D4,837S1098,400,26.675341574495775,-8.643856189774725
5,THA22,2,1,D5,837S1098,400,8.978529603122965,-8.643856189774725
5,THA22,3,1,D6,837S1098,400,13.01236174365647,-8.643856189774725
5,THA22,1,1,D7,837S1099,400,39.102147039687715,-8.643856189774725
5,THA22,2,1,D8,837S1099,400,35.588809368900456,-8.643856189774725
5,THA22,3,1,D9,837S1099,400,44.04684450227716,-8.643856189774725
5,THA22,1,1,D10,837S1103,400,-26.350032530904357,-8.643856189774725
5,THA22,2,1,D11,837S1103,400,10.214703968770335,-8.643856189774725
5,THA22,3,1,D12,837S1103,400,-8.52309694209498,-8.643856189774725
5,THA22,1,1,E1,837S1097,800,-19.90891346779439,-9.643856189774723
5,THA22,2,1,E2,837S1097,800,-7.351984385165905,-9.643856189774723
5,THA22,3,1,E3,837S1097,800,5.13988288874431,-9.643856189774723
5,THA22,1,1,E4,837S1098,800,12.882238126219915,-9.643856189774723
5,THA22,2,1,E5,837S1098,800,0.7156798959011041,-9.643856189774723
5,THA22,3,1,E6,837S1098,800,-13.662979830839303,-9.643856189774723
5,THA22,1,1,E7,837S1099,800,14.769030579050096,-9.643856189774723
5,THA22,2,1,E8,837S1099,800,12.101496421600515,-9.643856189774723
5,THA22,3,1,E9,837S1099,800,25.95966167859467,-9.643856189774723
5,THA22,1,1,E10,837S1103,800,-8.132726089785308,-9.643856189774723
5,THA22,2,1,E11,837S1103,800,-11.320754716981128,-9.643856189774723
5,THA22,3,1,E12,837S1103,800,-18.28236824983736,-9.643856189774723
5,THA22,1,1,F1,837S1097,1600,-17.826935588809363,-10.643856189774723
5,THA22,2,1,F2,837S1097,1600,-16.13532856213402,-10.643856189774723
5,THA22,3,1,F3,837S1097,1600,-9.759271307742353,-10.643856189774723
5,THA22,1,1,F4,837S1098,1600,3.578399479505535,-10.643856189774723
5,THA22,2,1,F5,837S1098,1600,-4.359141184124923,-10.643856189774723
5,THA22,3,1,F6,837S1098,1600,-15.8750813272609,-10.643856189774723
5,THA22,1,1,F7,837S1099,1600,-10.995445673389725,-10.643856189774723
5,THA22,2,1,F8,837S1099,1600,1.8867924528301927,-10.643856189774723
5,THA22,3,1,F9,837S1099,1600,6.5712426805465185,-10.643856189774723
5,THA22,1,1,F10,837S1103,1600,-8.718282368249831,-10.643856189774723
5,THA22,2,1,F11,837S1103,1600,13.923227065712425,-10.643856189774723
5,THA22,3,1,F12,837S1103,1600,-8.978529603122979,-10.643856189774723
5,THA22,1,1,G1,837S1097,3200,-34.54782042940795,-11.643856189774723
5,THA22,2,1,G2,837S1097,3200,-23.487312947299927,-11.643856189774723
5,THA22,3,1,G3,837S1097,3200,-20.299284320104107,-11.643856189774723
5,THA22,1,1,G4,837S1098,3200,11.971372804163964,-11.643856189774723
5,THA22,2,1,G5,837S1098,3200,-13.272608978529604,-11.643856189774723
5,THA22,3,1,G6,837S1098,3200,-12.231620039037082,-11.643856189774723
5,THA22,1,1,G7,837S1099,3200,-2.1470396877033124,-11.643856189774723
5,THA22,2,1,G8,837S1099,3200,-21.275211450878345,-11.643856189774723
5,THA22,3,1,G9,837S1099,3200,15.4847104749512,-11.643856189774723
5,THA22,1,1,G10,837S1103,3200,-18.087182823682497,-11.643856189774723
5,THA22,2,1,G11,837S1103,3200,-7.6772934287573085,-11.643856189774723
5,THA22,3,1,G12,837S1103,3200,-19.77878985035784,-11.643856189774723
5,THA22,1,2,A1,837S1121,50,80.90169067000626,-5.643856189774724
5,THA22,2,2,A2,837S1121,50,80.58860363180965,-5.643856189774724
5,THA22,3,2,A3,837S1121,50,81.34001252348153,-5.643856189774724
5,THA22,1,2,A4,837S1161,50,95.05322479649342,-5.643856189774724
5,THA22,2,2,A5,837S1161,50,93.73825923606762,-5.643856189774724
5,THA22,3,2,A6,837S1161,50,91.0457107075767,-5.643856189774724
5,THA22,1,2,A7,837S1185,50,47.27614276768942,-5.643856189774724
5,THA22,2,2,A8,837S1185,50,36.75641828428303,-5.643856189774724
5,THA22,3,2,A9,837S1185,50,42.579837194740136,-5.643856189774724
5,THA22,1,2,A10,837S1198,50,99.87476518472135,-5.643856189774724
5,THA22,2,2,A11,837S1198,50,99.93738259236068,-5.643856189774724
5,THA22,3,2,A12,837S1198,50,99.93738259236068,-5.643856189774724
5,THA22,1,2,B1,837S1121,100,64.43331246086413,-6.643856189774724
5,THA22,2,2,B2,837S1121,100,66.37445209768316,-6.643856189774724
5,THA22,3,2,B3,837S1121,100,65.05948653725736,-6.643856189774724
5,THA22,1,2,B4,837S1161,100,80.83907326236694,-6.643856189774724
5,THA22,2,2,B5,837S1161,100,74.89041953663119,-6.643856189774724
5,THA22,3,2,B6,837S1161,100,78.20914214151534,-6.643856189774724
5,THA22,1,2,B7,837S1185,100,23.168440826549784,-6.643856189774724
5,THA22,2,2,B8,837S1185,100,17.595491546649967,-6.643856189774724
5,THA22,3,2,B9,837S1185,100,30.30682529743268,-6.643856189774724
5,THA22,1,2,B10,837S1198,100,99.37382592360674,-6.643856189774724
5,THA22,2,2,B11,837S1198,100,99.06073888541016,-6.643856189774724
5,THA22,3,2,B12,837S1198,100,98.30932999373826,-6.643856189774724
5,THA22,1,2,C1,837S1121,200,36.81903569192235,-7.643856189774724
5,THA22,2,2,C2,837S1121,200,43.20601127113337,-7.643856189774724
5,THA22,3,2,C3,837S1121,200,44.458359423919845,-7.643856189774724
5,THA22,1,2,C4,837S1161,200,52.59862241703194,-7.643856189774724
5,THA22,2,2,C5,837S1161,200,44.52097683155918,-7.643856189774724
5,THA22,3,2,C6,837S1161,200,48.09016906700062,-7.643856189774724
5,THA22,1,2,C7,837S1185,200,9.956167814652474,-7.643856189774724
5,THA22,2,2,C8,837S1185,200,3.1934877896055127,-7.643856189774724
5,THA22,3,2,C9,837S1185,200,9.329993738259232,-7.643856189774724
5,THA22,1,2,C10,837S1198,200,90.54477144646212,-7.643856189774724
5,THA22,2,2,C11,837S1198,200,92.48591108328117,-7.643856189774724
5,THA22,3,2,C12,837S1198,200,87.47651847213525,-7.643856189774724
5,THA22,1,2,D1,837S1121,400,13.337507827175957,-8.643856189774725
5,THA22,2,2,D2,837S1121,400,20.914214151534125,-8.643856189774725
5,THA22,3,2,D3,837S1121,400,31.559173450219163,-8.643856189774725
5,THA22,1,2,D4,837S1161,400,31.621790857858485,-8.643856189774725
5,THA22,2,2,D5,837S1161,400,34.69004383218535,-8.643856189774725
5,THA22,3,2,D6,837S1161,400,26.800250469630555,-8.643856189774725
5,THA22,1,2,D7,837S1185,400,18.409517845961176,-8.643856189774725
5,THA22,2,2,D8,837S1185,400,9.893550407013151,-8.643856189774725
5,THA22,3,2,D9,837S1185,400,29.61803381340012,-8.643856189774725
5,THA22,1,2,D10,837S1198,400,71.82216656230432,-8.643856189774725
5,THA22,2,2,D11,837S1198,400,72.51095804633688,-8.643856189774725
5,THA22,3,2,D12,837S1198,400,69.31747025673137,-8.643856189774725
5,THA22,1,2,E1,837S1121,800,-4.633688165309962,-9.643856189774723
5,THA22,2,2,E2,837S1121,800,5.322479649342512,-9.643856189774723
5,THA22,3,2,E3,837S1121,800,13.087038196618664,-9.643856189774723
5,THA22,1,2,E4,837S1161,800,3.8196618659987536,-9.643856189774723
5,THA22,2,2,E5,837S1161,800,4.44583594239198,-9.643856189774723
5,THA22,3,2,E6,837S1161,800,9.01690670006262,-9.643856189774723
5,THA22,1,2,E7,837S1185,800,5.698184095178462,-9.643856189774723
5,THA22,2,2,E8,837S1185,800,12.273011897307455,-9.643856189774723
5,THA22,3,2,E9,837S1185,800,-73.76330619912335,-9.643856189774723
5,THA22,1,2,E10,837S1198,800,29.492798998121486,-9.643856189774723
5,THA22,2,2,E11,837S1198,800,50.46963055729493,-9.643856189774723
5,THA22,3,2,E12,837S1198,800,27.238572323105828,-9.643856189774723
5,THA22,1,2,F1,837S1121,1600,-17.407639323732,-10.643856189774723
5,THA22,2,2,F2,837S1121,1600,-2.128991859736999,-10.643856189774723
5,THA22,3,2,F3,837S1121,1600,5.948653725735753,-10.643856189774723
5,THA22,1,2,F4,837S1161,1600,4.070131496556044,-10.643856189774723
5,THA22,2,2,F5,837S1161,1600,7.701941139636816,-10.643856189774723
5,THA22,3,2,F6,837S1161,1600,1.6906700062617404,-10.643856189774723
5,THA22,1,2,F7,837S1185,1600,5.635566687539139,-10.643856189774723
5,THA22,2,2,F8,837S1185,1600,1.377582968065127,-10.643856189774723
5,THA22,3,2,F9,837S1185,1600,23.731997495303688,-10.643856189774723
5,THA22,1,2,F10,837S1198,1600,13.4627426424546,-10.643856189774723
5,THA22,2,2,F11,837S1198,1600,28.428303068252973,-10.643856189774723
5,THA22,3,2,F12,837S1198,1600,7.95241077019412,-10.643856189774723
5,THA22,1,2,G1,837S1121,3200,-10.70757670632436,-11.643856189774723
5,THA22,2,2,G2,837S1121,3200,-12.899185973700696,-11.643856189774723
5,THA22,3,2,G3,837S1121,3200,14.026299311208518,-11.643856189774723
5,THA22,1,2,G4,837S1161,3200,19.72448340638697,-11.643856189774723
5,THA22,2,2,G5,837S1161,3200,-1.1271133375078364,-11.643856189774723
5,THA22,3,2,G6,837S1161,3200,-3.318722604884144,-11.643856189774723
5,THA22,1,2,G7,837S1185,3200,-7.952410770194105,-11.643856189774723
5,THA22,2,2,G8,837S1185,3200,-5.385097056981849,-11.643856189774723
5,THA22,3,2,G9,837S1185,3200,18.221665623043208,-11.643856189774723
5,THA22,1,2,G10,837S1198,3200,-11.14589855979962,-11.643856189774723
5,THA22,2,2,G11,837S1198,3200,-4.320601127113349,-11.643856189774723
5,THA22,3,2,G12,837S1198,3200,-24.17031934877896,-11.643856189774723
5,THA22,1,3,A1,837S1209,50,53.6575398447078,-5.643856189774724
5,THA22,2,3,A2,837S1209,50,49.30527176134042,-5.643856189774724
5,THA22,3,3,A3,837S1209,50,42.25582345729464,-5.643856189774724
5,THA22,1,3,A4,837S1221,50,99.63220269718022,-5.643856189774724
5,THA22,2,3,A5,837S1221,50,99.87740089906008,-5.643856189774724
5,THA22,3,3,A6,837S1221,50,99.63220269718022,-5.643856189774724
5,THA22,1,3,A7,837S1235,50,52.55414793624846,-5.643856189774724
5,THA22,2,3,A8,837S1235,50,57.39681242337556,-5.643856189774724
5,THA22,3,3,A9,837S1235,50,55.496526358806705,-5.643856189774724
5,THA22,1,3,A10,837S1268,50,77.38046587658357,-5.643856189774724
5,THA22,2,3,A11,837S1268,50,69.96322026971802,-5.643856189774724
5,THA22,3,3,A12,837S1268,50,72.47650183898651,-5.643856189774724
5,THA22,1,3,B1,837S1209,100,23.62076011442582,-6.643856189774724
5,THA22,2,3,B2,837S1209,100,29.56681651001226,-6.643856189774724
5,THA22,3,3,B3,837S1209,100,36.677564364528,-6.643856189774724
5,THA22,1,3,B4,837S1221,100,98.344912137311,-6.643856189774724
5,THA22,2,3,B5,837S1221,100,97.73191663261136,-6.643856189774724
5,THA22,3,3,B6,837S1221,100,98.344912137311,-6.643856189774724
5,THA22,1,3,B7,837S1235,100,35.75807110747854,-6.643856189774724
5,THA22,2,3,B8,837S1235,100,33.42868818961993,-6.643856189774724
5,THA22,3,3,B9,837S1235,100,31.40580302411115,-6.643856189774724
5,THA22,1,3,B10,837S1268,100,61.25868410298324,-6.643856189774724
5,THA22,2,3,B11,837S1268,100,41.02983244789537,-6.643856189774724
5,THA22,3,3,B12,837S1268,100,46.11769513690233,-6.643856189774724
5,THA22,1,3,C1,837S1209,200,12.648140580302396,-7.643856189774724
5,THA22,2,3,C2,837S1209,200,3.637106661217814,-7.643856189774724
5,THA22,3,3,C3,837S1209,200,18.839395177768697,-7.643856189774724
5,THA22,1,3,C4,837S1221,200,89.5177768696363,-7.643856189774724
5,THA22,2,3,C5,837S1221,200,89.39517776869636,-7.643856189774724
5,THA22,3,3,C6,837S1221,200,88.72088271352676,-7.643856189774724
5,THA22,1,3,C7,837S1235,200,26.501838986514088,-7.643856189774724
5,THA22,2,3,C8,837S1235,200,9.828361258684096,-7.643856189774724
5,THA22,3,3,C9,837S1235,200,10.931753167143428,-7.643856189774724
5,THA22,1,3,C10,837S1268,200,36.677564364528,-7.643856189774724
5,THA22,2,3,C11,837S1268,200,75.4801798120147,-7.643856189774724
5,THA22,3,3,C12,837S1268,200,45.382100531262765,-7.643856189774724
5,THA22,1,3,D1,837S1209,400,-8.684102983244799,-8.643856189774725
5,THA22,2,3,D2,837S1209,400,-5.92562321209644,-8.643856189774725
5,THA22,3,3,D3,837S1209,400,-11.13608500204333,-8.643856189774725
5,THA22,1,3,D4,837S1221,400,71.9861054352268,-8.643856189774725
5,THA22,2,3,D5,837S1221,400,68.85982836125868,-8.643856189774725
5,THA22,3,3,D6,837S1221,400,64.50756027789129,-8.643856189774725
5,THA22,1,3,D7,837S1235,400,6.089088680016346,-8.643856189774725
5,THA22,2,3,D8,837S1235,400,-19.350224765018396,-8.643856189774725
5,THA22,3,3,D9,837S1235,400,3.1467102574581105,-8.643856189774725
5,THA22,1,3,D10,837S1268,400,7.008581937065799,-8.643856189774725
5,THA22,2,3,D11,837S1268,400,83.02002451982018,-8.643856189774725
5,THA22,3,3,D12,837S1268,400,5.292194523906829,-8.643856189774725
5,THA22,1,3,E1,837S1209,800,-19.47282386595832,-9.643856189774723
5,THA22,2,3,E2,837S1209,800,-28.23865958316307,-9.643856189774723
5,THA22,3,3,E3,837S1209,800,-18.92112791172866,-9.643856189774723
5,THA22,1,3,E4,837S1221,800,33.980384143849605,-9.643856189774723
5,THA22,2,3,E5,837S1221,800,35.45157335512873,-9.643856189774723
5,THA22,3,3,E6,837S1221,800,23.314262362076008,-9.643856189774723
5,THA22,1,3,E7,837S1235,800,-12.668573763792397,-9.643856189774723
5,THA22,2,3,E8,837S1235,800,-26.399673069064164,-9.643856189774723
5,THA22,3,3,E9,837S1235,800,-9.113199836534534,-9.643856189774723
5,THA22,1,3,E10,837S1268,800,-16.469145892930115,-9.643856189774723
5,THA22,2,3,E11,837S1268,800,80.5067429505517,-9.643856189774723
5,THA22,3,3,E12,837S1268,800,7.069881487535753,-9.643856189774723
5,THA22,1,3,F1,837S1209,1600,-11.074785451573362,-10.643856189774723
5,THA22,2,3,F2,837S1209,1600,-7.274213322435628,-10.643856189774723
5,THA22,3,3,F3,837S1209,1600,7.3150796894155965,-10.643856189774723
5,THA22,1,3,F4,837S1221,1600,14.180629342051487,-10.643856189774723
5,THA22,2,3,F5,837S1221,1600,13.874131589701676,-10.643856189774723
5,THA22,3,3,F6,837S1221,1600,-4.025337147527594,-10.643856189774723
5,THA22,1,3,F7,837S1235,1600,-1.8185533306089212,-10.643856189774723
5,THA22,2,3,F8,837S1235,1600,-16.591744993870066,-10.643856189774723
5,THA22,3,3,F9,837S1235,1600,3.269309358398033,-10.643856189774723
5,THA22,1,3,F10,837S1268,1600,-9.848794442174096,-10.643856189774723
5,THA22,2,3,F11,837S1268,1600,6.395586432366159,-10.643856189774723
5,THA22,3,3,F12,837S1268,1600,12.648140580302396,-10.643856189774723
5,THA22,1,3,G1,837S1209,3200,-24.621986105435223,-11.643856189774723
5,THA22,2,3,G2,837S1209,3200,-11.565181855333066,-11.643856189774723
5,THA22,3,3,G3,837S1209,3200,-4.822231303637096,-11.643856189774723
5,THA22,1,3,G4,837S1221,3200,3.6984062116877823,-11.643856189774723
5,THA22,2,3,G5,837S1221,3200,3.882304863097658,-11.643856189774723
5,THA22,3,3,G6,837S1221,3200,-16.101348590110348,-11.643856189774723
5,THA22,1,3,G7,837S1235,3200,1.1851246424192825,-11.643856189774723
5,THA22,2,3,G8,837S1235,3200,-8.684102983244799,-11.643856189774723
5,THA22,3,3,G9,837S1235,3200,4.679199019207189,-11.643856189774723
5,THA22,1,3,G10,837S1268,3200,-10.3391908459338,-11.643856189774723
5,THA22,2,3,G11,837S1268,3200,12.525541479362474,-11.643856189774723
5,THA22,3,3,G12,837S1268,3200,12.157744176542709,-11.643856189774723
5,THA22,1,4,A1,837S1280,50,88.93841166936791,-5.643856189774724
5,THA22,2,4,A2,837S1280,50,89.97163695299838,-5.643856189774724
5,THA22,3,4,A3,837S1280,50,91.36952998379256,-5.643856189774724
5,THA22,1,4,A4,837S1286,50,73.68314424635332,-5.643856189774724
5,THA22,2,4,A5,837S1286,50,71.55591572123177,-5.643856189774724
5,THA22,3,4,A6,837S1286,50,72.64991896272285,-5.643856189774724
5,THA22,1,4,A7,837S1288,50,93.43598055105348,-5.643856189774724
5,THA22,2,4,A8,837S1288,50,95.07698541329012,-5.643856189774724
5,THA22,3,4,A9,837S1288,50,95.3808752025932,-5.643856189774724
5,THA22,1,4,A10,837S1293,50,68.33468395461912,-5.643856189774724
5,THA22,2,4,A11,837S1293,50,64.38411669367909,-5.643856189774724
5,THA22,3,4,A12,837S1293,50,61.28444084278768,-5.643856189774724
5,THA22,1,4,B1,837S1280,100,79.33549432739059,-6.643856189774724
5,THA22,2,4,B2,837S1280,100,78.6061588330632,-6.643856189774724
5,THA22,3,4,B3,837S1280,100,79.09238249594813,-6.643856189774724
5,THA22,1,4,B4,837S1286,100,56.543760129659645,-6.643856189774724
5,THA22,2,4,B5,837S1286,100,55.26742301458671,-6.643856189774724
5,THA22,3,4,B6,837S1286,100,53.14019448946515,-6.643856189774724
5,THA22,1,4,B7,837S1288,100,83.52917341977309,-6.643856189774724
5,THA22,2,4,B8,837S1288,100,85.35251215559157,-6.643856189774724
5,THA22,3,4,B9,837S1288,100,84.68395461912479,-6.643856189774724
5,THA22,1,4,B10,837S1293,100,59.400324149108584,-6.643856189774724
5,THA22,2,4,B11,837S1293,100,47.79173419773095,-6.643856189774724
5,THA22,3,4,B12,837S1293,100,50.283630470016206,-6.643856189774724
5,THA22,1,4,C1,837S1280,200,60.555105348460295,-7.643856189774724
5,THA22,2,4,C2,837S1280,200,62.1353322528363,-7.643856189774724
5,THA22,3,4,C3,837S1280,200,62.37844408427877,-7.643856189774724
5,THA22,1,4,C4,837S1286,200,33.934359805510525,-7.643856189774724
5,THA22,2,4,C5,837S1286,200,31.44246353322528,-7.643856189774724
5,THA22,3,4,C6,837S1286,200,22.69043760129659,-7.643856189774724
5,THA22,1,4,C7,837S1288,200,66.14667747163695,-7.643856189774724
5,THA22,2,4,C8,837S1288,200,65.96434359805511,-7.643856189774724
5,THA22,3,4,C9,837S1288,200,63.10777957860616,-7.643856189774724
5,THA22,1,4,C10,837S1293,200,39.9513776337115,-7.643856189774724
5,THA22,2,4,C11,837S1293,200,25.364667747163693,-7.643856189774724
5,THA22,3,4,C12,837S1293,200,29.55834683954619,-7.643856189774724
5,THA22,1,4,D1,837S1280,400,34.96758508914101,-8.643856189774725
5,THA22,2,4,D2,837S1280,400,34.724473257698534,-8.643856189774725
5,THA22,3,4,D3,837S1280,400,35.332252836304704,-8.643856189774725
5,THA22,1,4,D4,837S1286,400,12.115072933549428,-8.643856189774725
5,THA22,2,4,D5,837S1286,400,16.187196110210692,-8.643856189774725
5,THA22,3,4,D6,837S1286,400,10.230956239870338,-8.643856189774725
5,THA22,1,4,D7,837S1288,400,34.663695299837926,-8.643856189774725
5,THA22,2,4,D8,837S1288,400,33.08346839546191,-8.643856189774725
5,THA22,3,4,D9,837S1288,400,39.70826580226904,-8.643856189774725
5,THA22,1,4,D10,837S1293,400,6.037277147487842,-8.643856189774725
5,THA22,2,4,D11,837S1293,400,16.916531604538093,-8.643856189774725
5,THA22,3,4,D12,837S1293,400,8.58995137763371,-8.643856189774725
5,THA22,1,4,E1,837S1280,800,15.883306320907607,-9.643856189774723
5,THA22,2,4,E2,837S1280,800,-3.565640194489461,-9.643856189774723
5,THA22,3,4,E3,837S1280,800,-0.283630470016206,-9.643856189774723
5,THA22,1,4,E4,837S1286,800,-8.914100486223674,-9.643856189774723
5,THA22,2,4,E5,837S1286,800,-1.438411669367909,-9.643856189774723
5,THA22,3,4,E6,837S1286,800,-6.908427876823353,-9.643856189774723
5,THA22,1,4,E7,837S1288,800,16.977309562398702,-9.643856189774723
5,THA22,2,4,E8,837S1288,800,12.965964343598046,-9.643856189774723
5,THA22,3,4,E9,837S1288,800,18.982982171799023,-9.643856189774723
5,THA22,1,4,E10,837S1293,800,5.915721231766611,-9.643856189774723
5,THA22,2,4,E11,837S1293,800,-0.2228525121555975,-9.643856189774723
5,THA22,3,4,E12,837S1293,800,11.38573743922204,-9.643856189774723
5,THA22,1,4,F1,837S1280,1600,8.346839546191248,-10.643856189774723
5,THA22,2,4,F2,837S1280,1600,-11.831442463533222,-10.643856189774723
5,THA22,3,4,F3,837S1280,1600,6.037277147487842,-10.643856189774723
5,THA22,1,4,F4,837S1286,1600,-28.484602917341988,-10.643856189774723
5,THA22,2,4,F5,837S1286,1600,-8.184764991896287,-10.643856189774723
5,THA22,3,4,F6,837S1286,1600,-24.29092382495948,-10.643856189774723
5,THA22,1,4,F7,837S1288,1600,-4.902755267423004,-10.643856189774723
5,THA22,2,4,F8,837S1288,1600,2.3298217179902707,-10.643856189774723
5,THA22,3,4,F9,837S1288,1600,8.77228525121555,-10.643856189774723
5,THA22,1,4,F10,837S1293,1600,-24.898703403565634,-10.643856189774723
5,THA22,2,4,F11,837S1293,1600,-0.6482982171799136,-10.643856189774723
5,THA22,3,4,F12,837S1293,1600,4.821717990275516,-10.643856189774723
5,THA22,1,4,G1,837S1280,3200,-13.168557536466778,-11.643856189774723
5,THA22,2,4,G2,837S1280,3200,-20.097244732576996,-11.643856189774723
5,THA22,3,4,G3,837S1280,3200,-9.157212317666136,-11.643856189774723
5,THA22,1,4,G4,837S1286,3200,-3.200972447325782,-11.643856189774723
5,THA22,2,4,G5,837S1286,3200,-12.98622366288494,-11.643856189774723
5,THA22,3,4,G6,837S1286,3200,-16.511345218800642,-11.643856189774723
5,THA22,1,4,G7,837S1288,3200,6.219611021069696,-11.643856189774723
5,THA22,2,4,G8,837S1288,3200,-25.62803889789305,-11.643856189774723
5,THA22,3,4,G9,837S1288,3200,9.5016207455429509,-11.643856189774723
5,THA22,1,4,G10,837S1293,3200,-21.859805510534855,-11.643856189774723
5,THA22,2,4,G11,837S1293,3200,-2.289303079416527,-11.643856189774723
5,THA22,3,4,G12,837S1293,3200,-3.6264181523500696,-11.643856189774723
5,ENG24,1,1,A1,837S1097,50,92.61122881355932,-5.643856189774724
5,ENG24,2,1,A2,837S1097,50,94.676906779661,-5.643856189774724
5,ENG24,3,1,A3,837S1097,50,92.21398305084746,-5.643856189774724
5,ENG24,1,1,A4,837S1098,50,20.3125,-5.643856189774724
5,ENG24,2,1,A5,837S1098,50,22.537076271186436,-5.643856189774724
5,ENG24,3,1,A6,837S1098,50,35.328389830508485,-5.643856189774724
5,ENG24,1,1,A7,837S1099,50,69.09427966101694,-5.643856189774724
5,ENG24,2,1,A8,837S1099,50,64.5656779661017,-5.643856189774724
5,ENG24,3,1,A9,837S1099,50,65.1218220338983,-5.643856189774724
5,ENG24,1,1,A10,837S1103,50,28.2574152542373,-5.643856189774724
5,ENG24,2,1,A11,837S1103,50,18.485169491525426,-5.643856189774724
5,ENG24,3,1,A12,837S1103,50,29.210805084745772,-5.643856189774724
5,ENG24,1,1,B1,837S1097,100,78.78707627118644,-6.643856189774724
5,ENG24,2,1,B2,837S1097,100,76.95974576271186,-6.643856189774724
5,ENG24,3,1,B3,837S1097,100,82.20338983050847,-6.643856189774724
5,ENG24,1,1,B4,837S1098,100,21.027542372881356,-6.643856189774724
5,ENG24,2,1,B5,837S1098,100,14.433262711864415,-6.643856189774724
5,ENG24,3,1,B6,837S1098,100,17.690677966101703,-6.643856189774724
5,ENG24,1,1,B7,837S1099,100,43.59110169491526,-6.643856189774724
5,ENG24,2,1,B8,837S1099,100,48.516949152542374,-6.643856189774724
5,ENG24,3,1,B9,837S1099,100,47.64300847457628,-6.643856189774724
5,ENG24,1,1,B10,837S1103,100,18.16737288135593,-6.643856189774724
5,ENG24,2,1,B11,837S1103,100,18.16737288135593,-6.643856189774724
5,ENG24,3,1,B12,837S1103,100,-1.456567796610159,-6.643856189774724
5,ENG24,1,1,C1,837S1097,200,45.89512711864408,-7.643856189774724
5,ENG24,2,1,C2,837S1097,200,44.54449152542374,-7.643856189774724
5,ENG24,3,1,C3,837S1097,200,46.21292372881356,-7.643856189774724
5,ENG24,1,1,C4,837S1098,200,11.890889830508485,-7.643856189774724
5,ENG24,2,1,C5,837S1098,200,6.329449152542381,-7.643856189774724
5,ENG24,3,1,C6,837S1098,200,-9.798728813559322,-7.643856189774724
5,ENG24,1,1,C7,837S1099,200,19.438559322033896,-7.643856189774724
5,ENG24,2,1,C8,837S1099,200,10.61970338983052,-7.643856189774724
5,ENG24,3,1,C9,837S1099,200,11.890889830508485,-7.643856189774724
5,ENG24,1,1,C10,837S1103,200,9.110169491525426,-7.643856189774724
5,ENG24,2,1,C11,837S1103,200,9.269067796610171,-7.643856189774724
5,ENG24,3,1,C12,837S1103,200,-21.55720338983049,-7.643856189774724
5,ENG24,1,1,D1,837S1097,400,9.110169491525426,-8.643856189774725
5,ENG24,2,1,D2,837S1097,400,7.680084745762714,-8.643856189774725
5,ENG24,3,1,D3,837S1097,400,18.644067796610173,-8.643856189774725
5,ENG24,1,1,D4,837S1098,400,1.006355932203391,-8.643856189774725
5,ENG24,2,1,D5,837S1098,400,-11.3082627118644,-8.643856189774725
5,ENG24,3,1,D6,837S1098,400,-20.36546610169492,-8.643856189774725
5,ENG24,1,1,D7,837S1099,400,-8.448093220338976,-8.643856189774725
5,ENG24,2,1,D8,837S1099,400,-16.710805084745758,-8.643856189774725
5,ENG24,3,1,D9,837S1099,400,8.633474576271198,-8.643856189774725
5,ENG24,1,1,D10,837S1103,400,-3.2044491525423666,-8.643856189774725
5,ENG24,2,1,D11,837S1103,400,-5.270127118644055,-8.643856189774725
5,ENG24,3,1,D12,837S1103,400,-18.458686440677965,-8.643856189774725
5,ENG24,1,1,E1,837S1097,800,-11.86440677966101,-9.643856189774723
5,ENG24,2,1,E2,837S1097,800,-9.639830508474574,-9.643856189774723
5,ENG24,3,1,E3,837S1097,800,-17.346398305084733,-9.643856189774723
5,ENG24,1,1,E4,837S1098,800,-12.261652542372886,-9.643856189774723
5,ENG24,2,1,E5,837S1098,800,9.189618644067792,-9.643856189774723
5,ENG24,3,1,E6,837S1098,800,-24.020127118644055,-9.643856189774723
5,ENG24,1,1,E7,837S1099,800,-8.845338983050837,-9.643856189774723
5,ENG24,2,1,E8,837S1099,800,-14.565677966101688,-9.643856189774723
5,ENG24,3,1,E9,837S1099,800,-6.461864406779654,-9.643856189774723
5,ENG24,1,1,E10,837S1103,800,4.581567796610173,-9.643856189774723
5,ENG24,2,1,E11,837S1103,800,-19.88877118644068,-9.643856189774723
5,ENG24,3,1,E12,837S1103,800,-36.33474576271186,-9.643856189774723
5,ENG24,1,1,F1,837S1097,1600,-21.477754237288124,-10.643856189774723
5,ENG24,2,1,F2,837S1097,1600,-27.03919491525424,-10.643856189774723
5,ENG24,3,1,F3,837S1097,1600,-7.8125,-10.643856189774723
5,ENG24,1,1,F4,837S1098,1600,-3.681144067796609,-10.643856189774723
5,ENG24,2,1,F5,837S1098,1600,2.0391949152542423,-10.643856189774723
5,ENG24,3,1,F6,837S1098,1600,-3.2838983050847332,-10.643856189774723
5,ENG24,1,1,F7,837S1099,1600,-0.34427966101692675,-10.643856189774723
5,ENG24,2,1,F8,837S1099,1600,6.647245762711876,-10.643856189774723
5,ENG24,3,1,F9,837S1099,1600,1.800847457627114,-10.643856189774723
5,ENG24,1,1,F10,837S1103,1600,20.94809322033899,-10.643856189774723
5,ENG24,2,1,F11,837S1103,1600,8.871822033898312,-10.643856189774723
5,ENG24,3,1,F12,837S1103,1600,-16.472457627118644,-10.643856189774723
5,ENG24,1,1,G1,837S1097,3200,1.4036016949152526,-11.643856189774723
5,ENG24,2,1,G2,837S1097,3200,-14.406779661016929,-11.643856189774723
5,ENG24,3,1,G3,837S1097,3200,13.241525423728817,-11.643856189774723
5,ENG24,1,1,G4,837S1098,3200,15.148305084745772,-11.643856189774723
5,ENG24,2,1,G5,837S1098,3200,-2.807203389830491,-11.643856189774723
5,ENG24,3,1,G6,837S1098,3200,-6.541313559322035,-11.643856189774723
5,ENG24,1,1,G7,837S1099,3200,6.011652542372886,-11.643856189774723
5,ENG24,2,1,G8,837S1099,3200,4.978813559322035,-11.643856189774723
5,ENG24,3,1,G9,837S1099,3200,8.315677966101703,-11.643856189774723
5,ENG24,1,1,G10,837S1103,3200,14.433262711864415,-11.643856189774723
5,ENG24,2,1,G11,837S1103,3200,13.479872881355933,-11.643856189774723
5,ENG24,3,1,G12,837S1103,3200,-28.46927966101694,-11.643856189774723
5,ENG24,1,2,A1,837S1121,50,45.021186440677965,-5.643856189774724
5,ENG24,2,2,A2,837S1121,50,30.8792372881356,-5.643856189774724
5,ENG24,3,2,A3,837S1121,50,23.728813559322035,-5.643856189774724
5,ENG24,1,2,A4,837S1161,50,83.07733050847457,-5.643856189774724
5,ENG24,2,2,A5,837S1161,50,79.97881355932203,-5.643856189774724
5,ENG24,3,2,A6,837S1161,50,79.66101694915254,-5.643856189774724
5,ENG24,1,2,A7,837S1185,50,19.915254237288135,-5.643856189774724
5,ENG24,2,2,A8,837S1185,50,23.887711864406786,-5.643856189774724
5,ENG24,3,2,A9,837S1185,50,17.372881355932208,-5.643856189774724
5,ENG24,1,2,A10,837S1198,50,99.364406779661,-5.643856189774724
5,ENG24,2,2,A11,837S1198,50,99.60275423728814,-5.643856189774724
5,ENG24,3,2,A12,837S1198,50,99.364406779661,-5.643856189774724
5,ENG24,1,2,B1,837S1121,100,24.284957627118654,-6.643856189774724
5,ENG24,2,2,B2,837S1121,100,14.353813559322036,-6.643856189774724
5,ENG24,3,2,B3,837S1121,100,9.5074152542373,-6.643856189774724
5,ENG24,1,2,B4,837S1161,100,59.79872881355933,-6.643856189774724
5,ENG24,2,2,B5,837S1161,100,57.733050847457626,-6.643856189774724
5,ENG24,3,2,B6,837S1161,100,56.30296610169492,-6.643856189774724
5,ENG24,1,2,B7,837S1185,100,22.616525423728817,-6.643856189774724
5,ENG24,2,2,B8,837S1185,100,2.7542372881355988,-6.643856189774724
5,ENG24,3,2,B9,837S1185,100,14.274364406779668,-6.643856189774724
5,ENG24,1,2,B10,837S1198,100,95.47139830508476,-6.643856189774724
5,ENG24,2,2,B11,837S1198,100,96.42478813559322,-6.643856189774724
5,ENG24,3,2,B12,837S1198,100,94.43855932203388,-6.643856189774724
5,ENG24,1,2,C1,837S1121,200,4.978813559322035,-7.643856189774724
5,ENG24,2,2,C2,837S1121,200,1.800847457627114,-7.643856189774724
5,ENG24,3,2,C3,837S1121,200,-4.157838983050837,-7.643856189774724
5,ENG24,1,2,C4,837S1161,200,24.284957627118654,-7.643856189774724
5,ENG24,2,2,C5,837S1161,200,22.219279661016955,-7.643856189774724
5,ENG24,3,2,C6,837S1161,200,21.90148305084746,-7.643856189774724
5,ENG24,1,2,C7,837S1185,200,8.156779661016955,-7.643856189774724
5,ENG24,2,2,C8,837S1185,200,-10.434322033898296,-7.643856189774724
5,ENG24,3,2,C9,837S1185,200,6.726694915254242,-7.643856189774724
5,ENG24,1,2,C10,837S1198,200,78.07203389830507,-7.643856189774724
5,ENG24,2,2,C11,837S1198,200,80.9322033898305,-7.643856189774724
5,ENG24,3,2,C12,837S1198,200,74.73516949152543,-7.643856189774724
5,ENG24,1,2,D1,837S1121,400,-1.9332627118644012,-8.643856189774725
5,ENG24,2,2,D2,837S1121,400,-13.135593220338976,-8.643856189774725
5,ENG24,3,2,D3,837S1121,400,-14.804025423728802,-8.643856189774725
5,ENG24,1,2,D4,837S1161,400,11.652542372881356,-8.643856189774725
5,ENG24,2,2,D5,837S1161,400,-6.620762711864401,-8.643856189774725
5,ENG24,3,2,D6,837S1161,400,-10.593220338983045,-8.643856189774725
5,ENG24,1,2,D7,837S1185,400,-2.886652542372886,-8.643856189774725
5,ENG24,2,2,D8,837S1185,400,-21.23940677966101,-8.643856189774725
5,ENG24,3,2,D9,837S1185,400,3.3898305084745743,-8.643856189774725
5,ENG24,1,2,D10,837S1198,400,42.71716101694915,-8.643856189774725
5,ENG24,2,2,D11,837S1198,400,53.204449152542374,-8.643856189774725
5,ENG24,3,2,D12,837S1198,400,44.38559322033898,-8.643856189774725
5,ENG24,1,2,E1,837S1121,800,-13.532838983050835,-9.643856189774723
5,ENG24,2,2,E2,837S1121,800,-3.919491525423723,-9.643856189774723
5,ENG24,3,2,E3,837S1121,800,-5.826271186440678,-9.643856189774723
5,ENG24,1,2,E4,837S1161,800,13.638771186440678,-9.643856189774723
5,ENG24,2,2,E5,837S1161,800,-5.4290254237288025,-9.643856189774723
5,ENG24,3,2,E6,837S1161,800,-14.486228813559322,-9.643856189774723
5,ENG24,1,2,E7,837S1185,800,-9.639830508474574,-9.643856189774723
5,ENG24,2,2,E8,837S1185,800,-8.050847457627114,-9.643856189774723
5,ENG24,3,2,E9,837S1185,800,-5.4290254237288025,-9.643856189774723
5,ENG24,1,2,E10,837S1198,800,11.175847457627114,-9.643856189774723
5,ENG24,2,2,E11,837S1198,800,13.797669491525426,-9.643856189774723
5,ENG24,3,2,E12,837S1198,800,-8.68644067796609,-9.643856189774723
5,ENG24,1,2,F1,837S1121,1600,-11.86440677966101,-10.643856189774723
5,ENG24,2,2,F2,837S1121,1600,-13.532838983050835,-10.643856189774723
5,ENG24,3,2,F3,837S1121,1600,-21.55720338983049,-10.643856189774723
5,ENG24,1,2,F4,837S1161,1600,-26.08580508474576,-10.643856189774723
5,ENG24,2,2,F5,837S1161,1600,-15.042372881355933,-10.643856189774723
5,ENG24,3,2,F6,837S1161,1600,-31.726694915254228,-10.643856189774723
5,ENG24,1,2,F7,837S1185,1600,33.183262711864415,-10.643856189774723
5,ENG24,2,2,F8,837S1185,1600,-23.38453389830508,-10.643856189774723
5,ENG24,3,2,F9,837S1185,1600,5.932203389830519,-10.643856189774723
5,ENG24,1,2,F10,837S1198,1600,6.567796610169495,-10.643856189774723
5,ENG24,2,2,F11,837S1198,1600,9.189618644067792,-10.643856189774723
5,ENG24,3,2,F12,837S1198,1600,6.567796610169495,-10.643856189774723
5,ENG24,1,2,G1,837S1121,3200,-19.094279661016927,-11.643856189774723
5,ENG24,2,2,G2,837S1121,3200,-21.716101694915253,-11.643856189774723
5,ENG24,3,2,G3,837S1121,3200,-6.461864406779654,-11.643856189774723
5,ENG24,1,2,G4,837S1161,3200,19.279661016949163,-11.643856189774723
5,ENG24,2,2,G5,837S1161,3200,9.586864406779668,-11.643856189774723
5,ENG24,3,2,G6,837S1161,3200,5.217161016949163,-11.643856189774723
5,ENG24,1,2,G7,837S1185,3200,9.5074152542373,-11.643856189774723
5,ENG24,2,2,G8,837S1185,3200,8.156779661016955,-11.643856189774723
5,ENG24,3,2,G9,837S1185,3200,-1.0593220338982974,-11.643856189774723
5,ENG24,1,2,G10,837S1198,3200,6.170550847457633,-11.643856189774723
5,ENG24,2,2,G11,837S1198,3200,13.16207627118645,-11.643856189774723
5,ENG24,3,2,G12,837S1198,3200,-0.582627118644055,-11.643856189774723
5,ENG24,1,3,A1,837S1209,50,11.090326028861568,-5.643856189774724
5,ENG24,2,3,A2,837S1209,50,8.20416889363976,-5.643856189774724
5,ENG24,3,3,A3,837S1209,50,1.229289150187057,-5.643856189774724
5,ENG24,1,3,A4,837S1221,50,97.51469802244787,-5.643856189774724
5,ENG24,2,3,A5,837S1221,50,97.51469802244787,-5.643856189774724
5,ENG24,3,3,A6,837S1221,50,96.47247461250667,-5.643856189774724
5,ENG24,1,3,A7,837S1235,50,26.884019241047568,-5.643856189774724
5,ENG24,2,3,A8,837S1235,50,36.584714056654185,-5.643856189774724
5,ENG24,3,3,A9,837S1235,50,33.61838588989845,-5.643856189774724
5,ENG24,1,3,A10,837S1268,50,14.377338321753058,-5.643856189774724
5,ENG24,2,3,A11,837S1268,50,3.313735970069473,-5.643856189774724
5,ENG24,3,3,A12,837S1268,50,24.63923035809728,-5.643856189774724
5,ENG24,1,3,B1,837S1209,100,7.1619454836985454,-6.643856189774724
5,ENG24,2,3,B2,837S1209,100,8.043826830571874,-6.643856189774724
5,ENG24,3,3,B3,837S1209,100,12.21272047033672,-6.643856189774724
5,ENG24,1,3,B4,837S1221,100,88.53554249064672,-6.643856189774724
5,ENG24,2,3,B5,837S1221,100,87.65366114377338,-6.643856189774724
5,ENG24,3,3,B6,837S1221,100,87.97434526990914,-6.643856189774724
5,ENG24,1,3,B7,837S1235,100,22.073757349011217,-6.643856189774724
5,ENG24,2,3,B8,837S1235,100,11.892036344200946,-6.643856189774724
5,ENG24,3,3,B9,837S1235,100,14.056654195617313,-6.643856189774724
5,ENG24,1,3,B10,837S1268,100,4.355959380010688,-6.643856189774724
5,ENG24,2,3,B11,837S1268,100,9.807589524318544,-6.643856189774724
5,ENG24,3,3,B12,837S1268,100,11.972207375734897,-6.643856189774724
5,ENG24,1,3,C1,837S1209,200,0.0267236771779693,-7.643856189774724
5,ENG24,2,3,C2,837S1209,200,0.26723677177979255,-7.643856189774724
5,ENG24,3,3,C3,837S1209,200,16.14110101549973,-7.643856189774724
5,ENG24,1,3,C4,837S1221,200,65.28594334580438,-7.643856189774724
5,ENG24,2,3,C5,837S1221,200,66.56867985034741,-7.643856189774724
5,ENG24,3,3,C6,837S1221,200,63.04115446285409,-7.643856189774724
5,ENG24,1,3,C7,837S1235,200,25.36076964190272,-7.643856189774724
5,ENG24,2,3,C8,837S1235,200,1.3094601817209934,-7.643856189774724
5,ENG24,3,3,C9,837S1235,200,-0.29396044895777607,-7.643856189774724
5,ENG24,1,3,C10,837S1268,200,13.57562800641368,-7.643856189774724
5,ENG24,2,3,C11,837S1268,200,11.731694281133072,-7.643856189774724
5,ENG24,3,3,C12,837S1268,200,28.567610903260288,-7.643856189774724
5,ENG24,1,3,D1,837S1209,400,5.15766969535008,-8.643856189774725
5,ENG24,2,3,D2,837S1209,400,6.440406199893104,-8.643856189774725
5,ENG24,3,3,D3,837S1209,400,15.579903794762146,-8.643856189774725
5,ENG24,1,3,D4,837S1221,400,35.94334580438267,-8.643856189774725
5,ENG24,2,3,D5,837S1221,400,38.34847675040085,-8.643856189774725
5,ENG24,3,3,D6,837S1221,400,30.812399786210577,-8.643856189774725
5,ENG24,1,3,D7,837S1235,400,15.820416889363967,-8.643856189774725
5,ENG24,2,3,D8,837S1235,400,-3.0999465526456476,-8.643856189774725
5,ENG24,3,3,D9,837S1235,400,8.44468198824157,-8.643856189774725
5,ENG24,1,3,D10,837S1268,400,7.803313735970064,-8.643856189774725
5,ENG24,2,3,D11,837S1268,400,23.19615179048637,-8.643856189774725
5,ENG24,3,3,D12,837S1268,400,-14.804917156600752,-8.643856189774725
5,ENG24,1,3,E1,837S1209,800,0.5077498663816158,-9.643856189774723
5,ENG24,2,3,E2,837S1209,800,-1.095670764297168,-9.643856189774723
5,ENG24,3,3,E3,837S1209,800,6.199893105291281,-9.643856189774723
5,ENG24,1,3,E4,837S1221,800,10.689470871191872,-9.643856189774723
5,ENG24,2,3,E5,837S1221,800,15.179048637092464,-9.643856189774723
5,ENG24,3,3,E6,837S1221,800,9.166221272047023,-9.643856189774723
5,ENG24,1,3,E7,837S1235,800,20.791020844468193,-9.643856189774723
5,ENG24,2,3,E8,837S1235,800,7.642971672902192,-9.643856189774723
5,ENG24,3,3,E9,837S1235,800,20.149652592196674,-9.643856189774723
5,ENG24,1,3,E10,837S1268,800,12.292891501870656,-9.643856189774723
5,ENG24,2,3,E11,837S1268,800,20.55050774986637,-9.643856189774723
5,ENG24,3,3,E12,837S1268,800,-2.2982362373062557,-9.643856189774723
5,ENG24,1,3,F1,837S1209,1600,-0.694815606627472,-10.643856189774723
5,ENG24,2,3,F2,837S1209,1600,-10.475681453768049,-10.643856189774723
5,ENG24,3,3,F3,837S1209,1600,-6.306787814003229,-10.643856189774723
5,ENG24,1,3,F4,837S1221,1600,1.0689470871191702,-10.643856189774723
5,ENG24,2,3,F5,837S1221,1600,5.879208979155521,-10.643856189774723
5,ENG24,3,3,F6,837S1221,1600,-8.551576696953504,-10.643856189774723
5,ENG24,1,3,F7,837S1235,1600,13.014430785676096,-10.643856189774723
5,ENG24,2,3,F8,837S1235,1600,-4.863709246392304,-10.643856189774723
5,ENG24,3,3,F9,837S1235,1600,11.972207375734897,-10.643856189774723
5,ENG24,1,3,F10,837S1268,1600,22.234099412079104,-10.643856189774723
5,ENG24,2,3,F11,837S1268,1600,17.584179583110625,-10.643856189774723
5,ENG24,3,3,F12,837S1268,1600,-0.13361838588990338,-10.643856189774723
5,ENG24,1,3,G1,837S1209,3200,-19.615179048637103,-11.643856189774723
5,ENG24,2,3,G2,837S1209,3200,-15.526456440406209,-11.643856189774723
5,ENG24,3,3,G3,837S1209,3200,11.81186531266701,-11.643856189774723
5,ENG24,1,3,G4,837S1221,3200,5.879208979155521,-11.643856189774723
5,ENG24,2,3,G5,837S1221,3200,0.5879208979155521,-11.643856189774723
5,ENG24,3,3,G6,837S1221,3200,-18.091929449492255,-11.643856189774723
5,ENG24,1,3,G7,837S1235,3200,10.288615713522177,-11.643856189774723
5,ENG24,2,3,G8,837S1235,3200,2.1913415285943216,-11.643856189774723
5,ENG24,3,3,G9,837S1235,3200,9.24639230358096,-11.643856189774723
5,ENG24,1,3,G10,837S1268,3200,16.94281133083912,-11.643856189774723
5,ENG24,2,3,G11,837S1268,3200,15.098877605558528,-11.643856189774723
5,ENG24,3,3,G12,837S1268,3200,-10.154997327632302,-11.643856189774723
5,ENG24,1,4,A1,837S1280,50,33.06233062330624,-5.643856189774724
5,ENG24,2,4,A2,837S1280,50,42.54742547425474,-5.643856189774724
5,ENG24,3,4,A3,837S1280,50,38.48238482384824,-5.643856189774724
5,ENG24,1,4,A4,837S1286,50,26.919602529358627,-5.643856189774724
5,ENG24,2,4,A5,837S1286,50,24.028906955736232,-5.643856189774724
5,ENG24,3,4,A6,837S1286,50,28.364950316169825,-5.643856189774724
5,ENG24,1,4,A7,837S1288,50,59.34959349593496,-5.643856189774724
5,ENG24,2,4,A8,837S1288,50,68.02168021680217,-5.643856189774724
5,ENG24,3,4,A9,837S1288,50,60.97560975609756,-5.643856189774724
5,ENG24,1,4,A10,837S1293,3200,-10.3884372177055,-5.643856189774724
5,ENG24,2,4,A11,837S1293,3200,-5.149051490514893,-5.643856189774724
5,ENG24,3,4,A12,837S1293,3200,6.594399277326104,-5.643856189774724
5,ENG24,1,4,B1,837S1280,100,31.616982836495023,-6.643856189774724
5,ENG24,2,4,B2,837S1280,100,29.268292682926827,-6.643856189774724
5,ENG24,3,4,B3,837S1280,100,31.88798554652213,-6.643856189774724
5,ENG24,1,4,B4,837S1286,100,2.8003613369466933,-6.643856189774724
5,ENG24,2,4,B5,837S1286,100,16.621499548328828,-6.643856189774724
5,ENG24,3,4,B6,837S1286,100,19.96386630532973,-6.643856189774724
5,ENG24,1,4,B7,837S1288,100,40.56007226738934,-6.643856189774724
5,ENG24,2,4,B8,837S1288,100,43.72177055103885,-6.643856189774724
5,ENG24,3,4,B9,837S1288,100,33.06233062330624,-6.643856189774724
5,ENG24,1,4,B10,837S1293,1600,0.903342366757002,-6.643856189774724
5,ENG24,2,4,B11,837S1293,1600,-9.936766034327007,-6.643856189774724
5,ENG24,3,4,B12,837S1293,1600,2.890695573622409,-6.643856189774724
5,ENG24,1,4,C1,837S1280,200,8.49141824751581,-7.643856189774724
5,ENG24,2,4,C2,837S1280,200,3.1616982836495,-7.643856189774724
5,ENG24,3,4,C3,837S1280,200,9.575429087624215,-7.643856189774724
5,ENG24,1,4,C4,837S1286,200,2.258355916892512,-7.643856189774724
5,ENG24,2,4,C5,837S1286,200,12.195121951219503,-7.643856189774724
5,ENG24,3,4,C6,837S1286,200,13.27913279132791,-7.643856189774724
5,ENG24,1,4,C7,837S1288,200,16.89250225835592,-7.643856189774724
5,ENG24,2,4,C8,837S1288,200,16.26016260162602,-7.643856189774724
5,ENG24,3,4,C9,837S1288,200,6.323396567299014,-7.643856189774724
5,ENG24,1,4,C10,837S1293,800,-4.607046070460697,-7.643856189774724
5,ENG24,2,4,C11,837S1293,800,-13.369467028003612,-7.643856189774724
5,ENG24,3,4,C12,837S1293,800,22.131887985546513,-7.643856189774724
5,ENG24,1,4,D1,837S1280,400,8.039747064137302,-8.643856189774725
5,ENG24,2,4,D2,837S1280,400,7.407407407407405,-8.643856189774725
5,ENG24,3,4,D3,837S1280,400,14.54381210478772,-8.643856189774725
5,ENG24,1,4,D4,837S1286,400,10.298102981029814,-8.643856189774725
5,ENG24,2,4,D5,837S1286,400,18.51851851851852,-8.643856189774725
5,ENG24,3,4,D6,837S1286,400,18.06684733514001,-8.643856189774725
5,ENG24,1,4,D7,837S1288,400,25.203252032520325,-8.643856189774725
5,ENG24,2,4,D8,837S1288,400,20.86720867208672,-8.643856189774725
5,ENG24,3,4,D9,837S1288,400,8.130081300813004,-8.643856189774725
5,ENG24,1,4,D10,837S1293,400,25.835591689250226,-8.643856189774725
5,ENG24,2,4,D11,837S1293,400,19.602529358626924,-8.643856189774725
5,ENG24,3,4,D12,837S1293,400,-14.995483288166229,-8.643856189774725
5,ENG24,1,4,E1,837S1280,800,-6.413730803974715,-9.643856189774723
5,ENG24,2,4,E2,837S1280,800,-15.35682023486902,-9.643856189774723
5,ENG24,3,4,E3,837S1280,800,-5.871725383920506,-9.643856189774723
5,ENG24,1,4,E4,837S1286,800,7.1364046973803,-9.643856189774723
5,ENG24,2,4,E5,837S1286,800,20.86720867208672,-9.643856189774723
5,ENG24,3,4,E6,837S1286,800,18.60885275519422,-9.643856189774723
5,ENG24,1,4,E7,837S1288,800,15.808491418247511,-9.643856189774723
5,ENG24,2,4,E8,837S1288,800,9.846431797651306,-9.643856189774723
5,ENG24,3,4,E9,837S1288,800,15.176151761517616,-9.643856189774723
5,ENG24,1,4,E10,837S1293,200,19.33152664859982,-9.643856189774723
5,ENG24,2,4,E11,837S1293,200,12.28545618789522,-9.643856189774723
5,ENG24,3,4,E12,837S1293,200,-6.142728093947596,-9.643856189774723
5,ENG24,1,4,F1,837S1280,1600,-10.478771454381205,-10.643856189774723
5,ENG24,2,4,F2,837S1280,1600,-13.821138211382106,-10.643856189774723
5,ENG24,3,4,F3,837S1280,1600,1.4453477868111977,-10.643856189774723
5,ENG24,1,4,F4,837S1286,1600,3.2520325203252014,-10.643856189774723
5,ENG24,2,4,F5,837S1286,1600,4.426377597109294,-10.643856189774723
5,ENG24,3,4,F6,837S1286,1600,-4.155374887082203,-10.643856189774723
5,ENG24,1,4,F7,837S1288,1600,3.4327009936766046,-10.643856189774723
5,ENG24,2,4,F8,837S1288,1600,-1.8970189701897056,-10.643856189774723
5,ENG24,3,4,F9,837S1288,1600,9.394760614272812,-10.643856189774723
5,ENG24,1,4,F10,837S1293,100,9.575429087624215,-10.643856189774723
5,ENG24,2,4,F11,837S1293,100,8.401084010840108,-10.643856189774723
5,ENG24,3,4,F12,837S1293,100,-20.86720867208672,-10.643856189774723
5,ENG24,1,4,G1,837S1280,3200,-21.04787714543812,-11.643856189774723
5,ENG24,2,4,G2,837S1280,3200,-12.46612466124661,-11.643856189774723
5,ENG24,3,4,G3,837S1280,3200,-0.6323396567299113,-11.643856189774723
5,ENG24,1,4,G4,837S1286,3200,4.065040650406502,-11.643856189774723
5,ENG24,2,4,G5,837S1286,3200,1.084010840108391,-11.643856189774723
5,ENG24,3,4,G6,837S1286,3200,1.3550135501354958,-11.643856189774723
5,ENG24,1,4,G7,837S1288,3200,0.8130081300813004,-11.643856189774723
5,ENG24,2,4,G8,837S1288,3200,-13.27913279132791,-11.643856189774723
5,ENG24,3,4,G9,837S1288,3200,0.18066847335140324,-11.643856189774723
5,ENG24,1,4,G10,837S1293,50,10.388437217705516,-11.643856189774723
5,ENG24,2,4,G11,837S1293,50,2.5293586269196027,-11.643856189774723
5,ENG24,3,4,G12,837S1293,50,7.678410117434509,-11.643856189774723
5,ENG25,1,1,A1,837S1097,50,72.71493212669682,-5.643856189774724
5,ENG25,2,1,A2,837S1097,50,59.68325791855204,-5.643856189774724
5,ENG25,3,1,A3,837S1097,50,62.12669683257918,-5.643856189774724
5,ENG25,1,1,A4,837S1098,50,88.12217194570135,-5.643856189774724
5,ENG25,2,1,A5,837S1098,50,85,-5.643856189774724
5,ENG25,3,1,A6,837S1098,50,84.45701357466064,-5.643856189774724
5,ENG25,1,1,A7,837S1099,50,90.8371040723982,-5.643856189774724
5,ENG25,2,1,A8,837S1099,50,92.05882352941178,-5.643856189774724
5,ENG25,3,1,A9,837S1099,50,89.27601809954751,-5.643856189774724
5,ENG25,1,1,A10,837S1103,50,28.054298642533936,-5.643856189774724
5,ENG25,2,1,A11,837S1103,50,26.83257918552036,-5.643856189774724
5,ENG25,3,1,A12,837S1103,50,29.208144796380083,-5.643856189774724
5,ENG25,1,1,B1,837S1097,100,38.3710407239819,-6.643856189774724
5,ENG25,2,1,B2,837S1097,100,37.963800904977376,-6.643856189774724
5,ENG25,3,1,B3,837S1097,100,37.828054298642535,-6.643856189774724
5,ENG25,1,1,B4,837S1098,100,66.40271493212668,-6.643856189774724
5,ENG25,2,1,B5,837S1098,100,63.95927601809955,-6.643856189774724
5,ENG25,3,1,B6,837S1098,100,63.212669683257914,-6.643856189774724
5,ENG25,1,1,B7,837S1099,100,77.94117647058822,-6.643856189774724
5,ENG25,2,1,B8,837S1099,100,81.47058823529412,-6.643856189774724
5,ENG25,3,1,B9,837S1099,100,76.65158371040724,-6.643856189774724
5,ENG25,1,1,B10,837S1103,100,12.579185520361987,-6.643856189774724
5,ENG25,2,1,B11,837S1103,100,16.990950226244337,-6.643856189774724
5,ENG25,3,1,B12,837S1103,100,18.28054298642533,-6.643856189774724
5,ENG25,1,1,C1,837S1097,200,11.289592760180994,-7.643856189774724
5,ENG25,2,1,C2,837S1097,200,4.977375565610856,-7.643856189774724
5,ENG25,3,1,C3,837S1097,200,18.21266968325791,-7.643856189774724
5,ENG25,1,1,C4,837S1098,200,29.547511312217196,-7.643856189774724
5,ENG25,2,1,C5,837S1098,200,32.873303167420815,-7.643856189774724
5,ENG25,3,1,C6,837S1098,200,21.877828054298647,-7.643856189774724
5,ENG25,1,1,C7,837S1099,200,53.50678733031674,-7.643856189774724
5,ENG25,2,1,C8,837S1099,200,46.31221719457014,-7.643856189774724
5,ENG25,3,1,C9,837S1099,200,52.217194570135746,-7.643856189774724
5,ENG25,1,1,C10,837S1103,200,14.072398190045249,-7.643856189774724
5,ENG25,2,1,C11,837S1103,200,14.208144796380084,-7.643856189774724
5,ENG25,3,1,C12,837S1103,200,-4.592760180995484,-7.643856189774724
5,ENG25,1,1,D1,837S1097,400,-8.936651583710415,-8.643856189774725
5,ENG25,2,1,D2,837S1097,400,-11.990950226244353,-8.643856189774725
5,ENG25,3,1,D3,837S1097,400,2.330316742081436,-8.643856189774725
5,ENG25,1,1,D4,837S1098,400,7.6923076923076925,-8.643856189774725
5,ENG25,2,1,D5,837S1098,400,-2.6244343891402906,-8.643856189774725
5,ENG25,3,1,D6,837S1098,400,-3.5067873303167545,-8.643856189774725
5,ENG25,1,1,D7,837S1099,400,18.076923076923062,-8.643856189774725
5,ENG25,2,1,D8,837S1099,400,13.19004524886877,-8.643856189774725
5,ENG25,3,1,D9,837S1099,400,17.126696832579185,-8.643856189774725
5,ENG25,1,1,D10,837S1103,400,8.914027149321257,-8.643856189774725
5,ENG25,2,1,D11,837S1103,400,9.796380090497737,-8.643856189774725
5,ENG25,3,1,D12,837S1103,400,10.475113122171948,-8.643856189774725
5,ENG25,1,1,E1,837S1097,800,-24.07239819004525,-9.643856189774723
5,ENG25,2,1,E2,837S1097,800,-25.497737556561077,-9.643856189774723
5,ENG25,3,1,E3,837S1097,800,-3.9140271493212704,-9.643856189774723
5,ENG25,1,1,E4,837S1098,800,3.4162895927601795,-9.643856189774723
5,ENG25,2,1,E5,837S1098,800,-16.4027149321267,-9.643856189774723
5,ENG25,3,1,E6,837S1098,800,-31.809954751131215,-9.643856189774723
5,ENG25,1,1,E7,837S1099,800,-12.262443438914032,-9.643856189774723
5,ENG25,2,1,E8,837S1099,800,-12.533936651583716,-9.643856189774723
5,ENG25,3,1,E9,837S1099,800,9.117647058823522,-9.643856189774723
5,ENG25,1,1,E10,837S1103,800,16.78733031674207,-9.643856189774723
5,ENG25,2,1,E11,837S1103,800,12.443438914027157,-9.643856189774723
5,ENG25,3,1,E12,837S1103,800,-7.647058823529407,-9.643856189774723
5,ENG25,1,1,F1,837S1097,1600,-12.66968325791855,-10.643856189774723
5,ENG25,2,1,F2,837S1097,1600,-9.75113122171946,-10.643856189774723
5,ENG25,3,1,F3,837S1097,1600,0.9049773755656076,-10.643856189774723
5,ENG25,1,1,F4,837S1098,1600,1.8552036199095028,-10.643856189774723
5,ENG25,2,1,F5,837S1098,1600,0.7013574660633424,-10.643856189774723
5,ENG25,3,1,F6,837S1098,1600,-30.248868778280553,-10.643856189774723
5,ENG25,1,1,F7,837S1099,1600,2.262443438914019,-10.643856189774723
5,ENG25,2,1,F8,837S1099,1600,-2.081447963800926,-10.643856189774723
5,ENG25,3,1,F9,837S1099,1600,-0.04524886877828748,-10.643856189774723
5,ENG25,1,1,F10,837S1103,1600,17.466063348416284,-10.643856189774723
5,ENG25,2,1,F11,837S1103,1600,11.493212669683246,-10.643856189774723
5,ENG25,3,1,F12,837S1103,1600,6.0633484162896,-10.643856189774723
5,ENG25,1,1,G1,837S1097,3200,-11.990950226244353,-11.643856189774723
5,ENG25,2,1,G2,837S1097,3200,-17.013574660633495,-11.643856189774723
5,ENG25,3,1,G3,837S1097,3200,-9.072398190045265,-11.643856189774723
5,ENG25,1,1,G4,837S1098,3200,0.5656108597285083,-11.643856189774723
5,ENG25,2,1,G5,837S1098,3200,-4.457013574660635,-11.643856189774723
5,ENG25,3,1,G6,837S1098,3200,1.17647058823529,-11.643856189774723
5,ENG25,1,1,G7,837S1099,3200,-3.846153846153854,-11.643856189774723
5,ENG25,2,1,G8,837S1099,3200,-0.5203619909502208,-11.643856189774723
5,ENG25,3,1,G9,837S1099,3200,6.742081447963798,-11.643856189774723
5,ENG25,1,1,G10,837S1103,3200,9.524886877828052,-11.643856189774723
5,ENG25,2,1,G11,837S1103,3200,12.307692307692308,-11.643856189774723
5,ENG25,3,1,G12,837S1103,3200,1.6515837104072375,-11.643856189774723
5,ENG25,1,2,A1,837S1121,50,81.69253667871571,-5.643856189774724
5,ENG25,2,2,A2,837S1121,50,77.99277057197534,-5.643856189774724
5,ENG25,3,2,A3,837S1121,50,78.75823942164575,-5.643856189774724
5,ENG25,1,2,A4,837S1161,50,39.974484371677654,-5.643856189774724
5,ENG25,2,2,A5,837S1161,50,33.65936636189667,-5.643856189774724
5,ENG25,3,2,A6,837S1161,50,45.268977248564745,-5.643856189774724
5,ENG25,1,2,A7,837S1185,50,94.57792898150116,-5.643856189774724
5,ENG25,2,2,A8,837S1185,50,92.53667871571338,-5.643856189774724
5,ENG25,3,2,A9,837S1185,50,92.85562406974272,-5.643856189774724
5,ENG25,1,2,A10,837S1198,50,74.35679353604083,-5.643856189774724
5,ENG25,2,2,A11,837S1198,50,83.1596853072507,-5.643856189774724
5,ENG25,3,2,A12,837S1198,50,74.29300446523496,-5.643856189774724
5,ENG25,1,2,B1,837S1121,100,51.83925154156922,-6.643856189774724
5,ENG25,2,2,B2,837S1121,100,57.89921326812673,-6.643856189774724
5,ENG25,3,2,B3,837S1121,100,57.32511163087391,-6.643856189774724
5,ENG25,1,2,B4,837S1161,100,28.428662555815436,-6.643856189774724
5,ENG25,2,2,B5,837S1161,100,18.668934722517548,-6.643856189774724
5,ENG25,3,2,B6,837S1161,100,30.916436317244305,-6.643856189774724
5,ENG25,1,2,B7,837S1185,100,81.82011482032746,-6.643856189774724
5,ENG25,2,2,B8,837S1185,100,80.09780990856899,-6.643856189774724
5,ENG25,3,2,B9,837S1185,100,77.61003614714012,-6.643856189774724
5,ENG25,1,2,B10,837S1198,100,56.9423772060387,-6.643856189774724
5,ENG25,2,2,B11,837S1198,100,54.77354879863917,-6.643856189774724
5,ENG25,3,2,B12,837S1198,100,51.71167339995747,-6.643856189774724
5,ENG25,1,2,C1,837S1121,200,26.259834148415905,-7.643856189774724
5,ENG25,2,2,C2,837S1121,200,20.455028705081872,-7.643856189774724
5,ENG25,3,2,C3,837S1121,200,25.940888794386566,-7.643856189774724
5,ENG25,1,2,C4,837S1161,200,18.987880076546887,-7.643856189774724
5,ENG25,2,2,C5,837S1161,200,13.18307463321284,-7.643856189774724
5,ENG25,3,2,C6,837S1161,200,10.057410163725294,-7.643856189774724
5,ENG25,1,2,C7,837S1185,200,54.00807994896874,-7.643856189774724
5,ENG25,2,2,C8,837S1185,200,47.43780565596428,-7.643856189774724
5,ENG25,3,2,C9,837S1185,200,50.69104826706358,-7.643856189774724
5,ENG25,1,2,C10,837S1198,200,23.32553689134596,-7.643856189774724
5,ENG25,2,2,C11,837S1198,200,29.130342334679995,-7.643856189774724
5,ENG25,3,2,C12,837S1198,200,33.65936636189667,-7.643856189774724
5,ENG25,1,2,D1,837S1121,400,-10.610248777376128,-8.643856189774725
5,ENG25,2,2,D2,837S1121,400,-0.8505209440782551,-8.643856189774725
5,ENG25,3,2,D3,837S1121,400,20.072294280246652,-8.643856189774725
5,ENG25,1,2,D4,837S1161,400,12.672762066765898,-8.643856189774725
5,ENG25,2,2,D5,837S1161,400,6.740378481820116,-8.643856189774725
5,ENG25,3,2,D6,837S1161,400,-1.233255368913461,-8.643856189774725
5,ENG25,1,2,D7,837S1185,400,23.070380608122477,-8.643856189774725
5,ENG25,2,2,D8,837S1185,400,20.072294280246652,-8.643856189774725
5,ENG25,3,2,D9,837S1185,400,29.832022113544554,-8.643856189774725
5,ENG25,1,2,D10,837S1198,400,13.948543482883268,-8.643856189774725
5,ENG25,2,2,D11,837S1198,400,16.43631724431215,-8.643856189774725
5,ENG25,3,2,D12,837S1198,400,19.498192642993843,-8.643856189774725
5,ENG25,1,2,E1,837S1121,800,-17.116733999574734,-9.643856189774723
5,ENG25,2,2,E2,837S1121,800,-25.98341484159046,-9.643856189774723
5,ENG25,3,2,E3,837S1121,800,-6.782904529024009,-9.643856189774723
5,ENG25,1,2,E4,837S1161,800,3.48713587072082,-9.643856189774723
5,ENG25,2,2,E5,837S1161,800,2.147565383797584,-9.643856189774723
5,ENG25,3,2,E6,837S1161,800,-10.54645970657026,-9.643856189774723
5,ENG25,1,2,E7,837S1185,800,1.701041888156496,-9.643856189774723
5,ENG25,2,2,E8,837S1185,800,2.913034233468011,-9.643856189774723
5,ENG25,3,2,E9,837S1185,800,0.04252604720392128,-9.643856189774723
5,ENG25,1,2,E10,837S1198,800,21.603231979587505,-9.643856189774723
5,ENG25,2,2,E11,837S1198,800,14.586434190941958,-9.643856189774723
5,ENG25,3,2,E12,837S1198,800,-16.478843291516057,-9.643856189774723
5,ENG25,1,2,F1,837S1121,1600,-21.32681267276206,-10.643856189774723
5,ENG25,2,2,F2,837S1121,1600,-17.37189028279822,-10.643856189774723
5,ENG25,3,2,F3,837S1121,1600,-21.581968955985545,-10.643856189774723
5,ENG25,1,2,F4,837S1161,1600,-4.996810546459713,-10.643856189774723
5,ENG25,2,2,F5,837S1161,1600,-1.105677227301726,-10.643856189774723
5,ENG25,3,2,F6,837S1161,1600,2.9768233042738643,-10.643856189774723
5,ENG25,1,2,F7,837S1185,1600,-3.8486072719540654,-10.643856189774723
5,ENG25,2,2,F8,837S1185,1600,-17.88220284924516,-10.643856189774723
5,ENG25,3,2,F9,837S1185,1600,5.40080799489688,-10.643856189774723
5,ENG25,1,2,F10,837S1198,1600,20.008505209440784,-10.643856189774723
5,ENG25,2,2,F11,837S1198,1600,11.205613438230928,-10.643856189774723
5,ENG25,3,2,F12,837S1198,1600,-2.9555602806719037,-10.643856189774723
5,ENG25,1,2,G1,837S1121,3200,-24.516266213055488,-11.643856189774723
5,ENG25,2,2,G2,837S1121,3200,-11.758452051881775,-11.643856189774723
5,ENG25,3,2,G3,837S1121,3200,2.785456091856261,-11.643856189774723
5,ENG25,1,2,G4,837S1161,3200,10.121199234531147,-11.643856189774723
5,ENG25,2,2,G5,837S1161,3200,9.164363172443116,-11.643856189774723
5,ENG25,3,2,G6,837S1161,3200,9.48330852647247,-11.643856189774723
5,ENG25,1,2,G7,837S1185,3200,1.7648309589623778,-11.643856189774723
5,ENG25,2,2,G8,837S1185,3200,5.018073570061659,-11.643856189774723
5,ENG25,3,2,G9,837S1185,3200,6.102487773761439,-11.643856189774723
5,ENG25,1,2,G10,837S1198,3200,12.35381671273656,-11.643856189774723
5,ENG25,2,2,G11,837S1198,3200,18.987880076546887,-11.643856189774723
5,ENG25,3,2,G12,837S1198,3200,-2.1263023601956235,-11.643856189774723
5,ENG25,1,3,A1,837S1209,50,40.140845070422536,-5.643856189774724
5,ENG25,2,3,A2,837S1209,50,37.13188220230473,-5.643856189774724
5,ENG25,3,3,A3,837S1209,50,33.098591549295776,-5.643856189774724
5,ENG25,1,3,A4,837S1221,50,91.93341869398208,-5.643856189774724
5,ENG25,2,3,A5,837S1221,50,92.70166453265044,-5.643856189774724
5,ENG25,3,3,A6,837S1221,50,92.63764404609476,-5.643856189774724
5,ENG25,1,3,A7,837S1235,50,27.33674775928297,-5.643856189774724
5,ENG25,2,3,A8,837S1235,50,45.006402048655566,-5.643856189774724
5,ENG25,3,3,A9,837S1235,50,37.516005121638926,-5.643856189774724
5,ENG25,1,3,A10,837S1268,50,49.93597951344431,-5.643856189774724
5,ENG25,2,3,A11,837S1268,50,44.43021766965429,-5.643856189774724
5,ENG25,3,3,A12,837S1268,50,38.604353393085795,-5.643856189774724
5,ENG25,1,3,B1,837S1209,100,22.791293213828425,-6.643856189774724
5,ENG25,2,3,B2,837S1209,100,19.014084507042256,-6.643856189774724
5,ENG25,3,3,B3,837S1209,100,23.687580025608185,-6.643856189774724
5,ENG25,1,3,B4,837S1221,100,78.10499359795135,-6.643856189774724
5,ENG25,2,3,B5,837S1221,100,80.47375160051216,-6.643856189774724
5,ENG25,3,3,B6,837S1221,100,79.449423815621,-6.643856189774724
5,ENG25,1,3,B7,837S1235,100,19.590268886043532,-6.643856189774724
5,ENG25,2,3,B8,837S1235,100,25.416133162612027,-6.643856189774724
5,ENG25,3,3,B9,837S1235,100,20.742637644046084,-6.643856189774724
5,ENG25,1,3,B10,837S1268,100,24.32778489116517,-6.643856189774724
5,ENG25,2,3,B11,837S1268,100,18.95006402048655,-6.643856189774724
5,ENG25,3,3,B12,837S1268,100,22.85531370038413,-6.643856189774724
5,ENG25,1,3,C1,837S1209,200,9.73111395646606,-7.643856189774724
5,ENG25,2,3,C2,837S1209,200,-8.962868117797697,-7.643856189774724
5,ENG25,3,3,C3,837S1209,200,12.99615877080666,-7.643856189774724
5,ENG25,1,3,C4,837S1221,200,55.31370038412293,-7.643856189774724
5,ENG25,2,3,C5,837S1221,200,56.72215108834827,-7.643856189774724
5,ENG25,3,3,C6,837S1221,200,52.752880921895006,-7.643856189774724
5,ENG25,1,3,C7,837S1235,200,12.099871959026885,-7.643856189774724
5,ENG25,2,3,C8,837S1235,200,12.54801536491678,-7.643856189774724
5,ENG25,3,3,C9,837S1235,200,11.651728553137003,-7.643856189774724
5,ENG25,1,3,C10,837S1268,200,18.629961587708067,-7.643856189774724
5,ENG25,2,3,C11,837S1268,200,7.2343149807938545,-7.643856189774724
5,ENG25,3,3,C12,837S1268,200,12.932138284250954,-7.643856189774724
5,ENG25,1,3,D1,837S1209,400,-2.6248399487836167,-8.643856189774725
5,ENG25,2,3,D2,837S1209,400,-6.786171574903975,-8.643856189774725
5,ENG25,3,3,D3,837S1209,400,10.563380281690144,-8.643856189774725
5,ENG25,1,3,D4,837S1221,400,31.56209987195902,-8.643856189774725
5,ENG25,2,3,D5,837S1221,400,35.339308578745204,-8.643856189774725
5,ENG25,3,3,D6,837S1221,400,31.04993597951345,-8.643856189774725
5,ENG25,1,3,D7,837S1235,400,16.069142125480155,-8.643856189774725
5,ENG25,2,3,D8,837S1235,400,-12.419974391805384,-8.643856189774725
5,ENG25,3,3,D9,837S1235,400,5.121638924455823,-8.643856189774725
5,ENG25,1,3,D10,837S1268,400,14.08450704225352,-8.643856189774725
5,ENG25,2,3,D11,837S1268,400,17.41357234314981,-8.643856189774725
5,ENG25,3,3,D12,837S1268,400,2.8809218950064093,-8.643856189774725
5,ENG25,1,3,E1,837S1209,800,-5.31370038412291,-9.643856189774723
5,ENG25,2,3,E2,837S1209,800,3.0729833546734966,-9.643856189774723
5,ENG25,3,3,E3,837S1209,800,13.44430217669654,-9.643856189774723
5,ENG25,1,3,E4,837S1221,800,13.828425096030728,-9.643856189774723
5,ENG25,2,3,E5,837S1221,800,18.05377720870679,-9.643856189774723
5,ENG25,3,3,E6,837S1221,800,4.673495518565943,-9.643856189774723
5,ENG25,1,3,E7,837S1235,800,18.50192061459667,-9.643856189774723
5,ENG25,2,3,E8,837S1235,800,10.563380281690144,-9.643856189774723
5,ENG25,3,3,E9,837S1235,800,10.115236875800264,-9.643856189774723
5,ENG25,1,3,E10,837S1268,800,16.58130601792574,-9.643856189774723
5,ENG25,2,3,E11,837S1268,800,24.83994878361075,-9.643856189774723
5,ENG25,3,3,E12,837S1268,800,19.07810499359796,-9.643856189774723
5,ENG25,1,3,F1,837S1209,1600,7.8104993597951315,-10.643856189774723
5,ENG25,2,3,F2,837S1209,1600,-11.907810499359812,-10.643856189774723
5,ENG25,3,3,F3,837S1209,1600,10.435339308578747,-10.643856189774723
5,ENG25,1,3,F4,837S1221,1600,14.468629961587707,-10.643856189774723
5,ENG25,2,3,F5,837S1221,1600,11.267605633802816,-10.643856189774723
5,ENG25,3,3,F6,837S1221,1600,0.3201024327784978,-10.643856189774723
5,ENG25,1,3,F7,837S1235,1600,16.837387964148533,-10.643856189774723
5,ENG25,2,3,F8,837S1235,1600,-2.6248399487836167,-10.643856189774723
5,ENG25,3,3,F9,837S1235,1600,19.846350832266324,-10.643856189774723
5,ENG25,1,3,F10,837S1268,1600,16.517285531370035,-10.643856189774723
5,ENG25,2,3,F11,837S1268,1600,28.297055057618437,-10.643856189774723
5,ENG25,3,3,F12,837S1268,1600,8.066581306017923,-10.643856189774723
5,ENG25,1,3,G1,837S1209,3200,-10.307298335467353,-11.643856189774723
5,ENG25,2,3,G2,837S1209,3200,-6.402048655569786,-11.643856189774723
5,ENG25,3,3,G3,837S1209,3200,14.148527528809211,-11.643856189774723
5,ENG25,1,3,G4,837S1221,3200,20.550576184378997,-11.643856189774723
5,ENG25,2,3,G5,837S1221,3200,9.73111395646606,-11.643856189774723
5,ENG25,3,3,G6,837S1221,3200,-8.898847631242006,-11.643856189774723
5,ENG25,1,3,G7,837S1235,3200,24.77592829705506,-11.643856189774723
5,ENG25,2,3,G8,837S1235,3200,8.706786171574905,-11.643856189774723
5,ENG25,3,3,G9,837S1235,3200,23.047375160051217,-11.643856189774723
5,ENG25,1,3,G10,837S1268,3200,16.773367477592828,-11.643856189774723
5,ENG25,2,3,G11,837S1268,3200,19.462227912932136,-11.643856189774723
5,ENG25,3,3,G12,837S1268,3200,13.892445582586433,-11.643856189774723
5,ENG25,1,4,A1,837S1280,50,83.75451263537906,-5.643856189774724
5,ENG25,2,4,A2,837S1280,50,85.31137184115524,-5.643856189774724
5,ENG25,3,4,A3,837S1280,50,84.83754512635379,-5.643856189774724
5,ENG25,1,4,A4,837S1286,50,40.636281588447645,-5.643856189774724
5,ENG25,2,4,A5,837S1286,50,39.75631768953068,-5.643856189774724
5,ENG25,3,4,A6,837S1286,50,44.83303249097472,-5.643856189774724
5,ENG25,1,4,A7,837S1288,50,73.0595667870036,-5.643856189774724
5,ENG25,2,4,A8,837S1288,50,77.79783393501805,-5.643856189774724
5,ENG25,3,4,A9,837S1288,50,74.54873646209387,-5.643856189774724
5,ENG25,1,4,A10,837S1293,50,89.03429602888087,-5.643856189774724
5,ENG25,2,4,A11,837S1293,50,84.70216606498195,-5.643856189774724
5,ENG25,3,4,A12,837S1293,50,90.25270758122744,-5.643856189774724
5,ENG25,1,4,B1,837S1280,100,70.55505415162455,-6.643856189774724
5,ENG25,2,4,B2,837S1280,100,70.82581227436823,-6.643856189774724
5,ENG25,3,4,B3,837S1280,100,73.6687725631769,-6.643856189774724
5,ENG25,1,4,B4,837S1286,100,23.91696750902527,-6.643856189774724
5,ENG25,2,4,B5,837S1286,100,32.851985559566785,-6.643856189774724
5,ENG25,3,4,B6,837S1286,100,30.888989169675085,-6.643856189774724
5,ENG25,1,4,B7,837S1288,100,58.70938628158845,-6.643856189774724
5,ENG25,2,4,B8,837S1288,100,56.204873646209386,-6.643856189774724
5,ENG25,3,4,B9,837S1288,100,54.10649819494584,-6.643856189774724
5,ENG25,1,4,B10,837S1293,100,77.05324909747293,-6.643856189774724
5,ENG25,2,4,B11,837S1293,100,71.23194945848375,-6.643856189774724
5,ENG25,3,4,B12,837S1293,100,73.93953068592057,-6.643856189774724
5,ENG25,1,4,C1,837S1280,200,51.6696750902527,-7.643856189774724
5,ENG25,2,4,C2,837S1280,200,41.7870036101083,-7.643856189774724
5,ENG25,3,4,C3,837S1280,200,56.34025270758122,-7.643856189774724
5,ENG25,1,4,C4,837S1286,200,23.104693140794225,-7.643856189774724
5,ENG25,2,4,C5,837S1286,200,20.600180505415153,-7.643856189774724
5,ENG25,3,4,C6,837S1286,200,21.00631768953069,-7.643856189774724
5,ENG25,1,4,C7,837S1288,200,41.17779783393502,-7.643856189774724
5,ENG25,2,4,C8,837S1288,200,40.365523465703966,-7.643856189774724
5,ENG25,3,4,C9,837S1288,200,33.66425992779783,-7.643856189774724
5,ENG25,1,4,C10,837S1293,200,52.41425992779783,-7.643856189774724
5,ENG25,2,4,C11,837S1293,200,47.06678700361011,-7.643856189774724
5,ENG25,3,4,C12,837S1293,200,51.06046931407942,-7.643856189774724
5,ENG25,1,4,D1,837S1280,400,19.720216606498184,-8.643856189774725
5,ENG25,2,4,D2,837S1280,400,18.501805054151617,-8.643856189774725
5,ENG25,3,4,D3,837S1280,400,32.78429602888086,-8.643856189774725
5,ENG25,1,4,D4,837S1286,400,17.689530685920573,-8.643856189774725
5,ENG25,2,4,D5,837S1286,400,24.59386281588448,-8.643856189774725
5,ENG25,3,4,D6,837S1286,400,15.388086642599276,-8.643856189774725
5,ENG25,1,4,D7,837S1288,400,28.316787003610106,-8.643856189774725
5,ENG25,2,4,D8,837S1288,400,6.723826714801433,-8.643856189774725
5,ENG25,3,4,D9,837S1288,400,22.698555956678703,-8.643856189774725
5,ENG25,1,4,D10,837S1293,400,26.96299638989169,-8.643856189774725
5,ENG25,2,4,D11,837S1293,400,20.32942238267148,-8.643856189774725
5,ENG25,3,4,D12,837S1293,400,4.490072202166061,-8.643856189774725
5,ENG25,1,4,E1,837S1280,800,10.1759927797834,-9.643856189774723
5,ENG25,2,4,E2,837S1280,800,0.2256317689530647,-9.643856189774723
5,ENG25,3,4,E3,837S1280,800,15.861913357400708,-9.643856189774723
5,ENG25,1,4,E4,837S1286,800,22.15703971119133,-9.643856189774723
5,ENG25,2,4,E5,837S1286,800,26.62454873646209,-9.643856189774723
5,ENG25,3,4,E6,837S1286,800,11.800541516245474,-9.643856189774723
5,ENG25,1,4,E7,837S1288,800,19.85559566787003,-9.643856189774723
5,ENG25,2,4,E8,837S1288,800,7.806859205776178,-9.643856189774723
5,ENG25,3,4,E9,837S1288,800,13.492779783393487,-9.643856189774723
5,ENG25,1,4,E10,837S1293,800,-5.189530685920587,-9.643856189774723
5,ENG25,2,4,E11,837S1293,800,-3.5649819494584847,-9.643856189774723
5,ENG25,3,4,E12,837S1293,800,-17.779783393501816,-9.643856189774723
5,ENG25,1,4,F1,837S1280,1600,-11.146209386281598,-10.643856189774723
5,ENG25,2,4,F2,837S1280,1600,-10.401624548736478,-10.643856189774723
5,ENG25,3,4,F3,837S1280,1600,3.677797833935017,-10.643856189774723
5,ENG25,1,4,F4,837S1286,1600,19.78790613718411,-10.643856189774723
5,ENG25,2,4,F5,837S1286,1600,15.320397111913351,-10.643856189774723
5,ENG25,3,4,F6,837S1286,1600,7.333032490974717,-10.643856189774723
5,ENG25,1,4,F7,837S1288,1600,1.3086642599277951,-10.643856189774723
5,ENG25,2,4,F8,837S1288,1600,-7.017148014440437,-10.643856189774723
5,ENG25,3,4,F9,837S1288,1600,14.98194945848374,-10.643856189774723
5,ENG25,1,4,F10,837S1293,1600,-17.035198555956683,-10.643856189774723
5,ENG25,2,4,F11,837S1293,1600,-12.567689530685923,-10.643856189774723
5,ENG25,3,4,F12,837S1293,1600,-29.422382671480136,-10.643856189774723
5,ENG25,1,4,G1,837S1280,3200,-10.807761732851986,-11.643856189774723
5,ENG25,2,4,G2,837S1280,3200,-17.035198555956683,-11.643856189774723
5,ENG25,3,4,G3,837S1280,3200,-9.250902527075809,-11.643856189774723
5,ENG25,1,4,G4,837S1286,3200,10.108303249097474,-11.643856189774723
5,ENG25,2,4,G5,837S1286,3200,16.538808664259918,-11.643856189774723
5,ENG25,3,4,G6,837S1286,3200,-2.075812274368232,-11.643856189774723
5,ENG25,1,4,G7,837S1288,3200,3.7454873646209426,-11.643856189774723
5,ENG25,2,4,G8,837S1288,3200,2.4593862815884364,-11.643856189774723
5,ENG25,3,4,G9,837S1288,3200,16.20036101083032,-11.643856189774723
5,ENG25,1,4,G10,837S1293,3200,10.785198555956685,-11.643856189774723
5,ENG25,2,4,G11,837S1293,3200,13.492779783393487,-11.643856189774723
5,ENG25,3,4,G12,837S1293,3200,2.1886281588447645,-11.643856189774723
6,THA22,1,2,A1,837S1368,50,94.34895220155404,-5.643856189774724
6,THA22,2,2,A2,837S1368,50,93.9251236166706,-5.643856189774724
6,THA22,3,2,A3,837S1368,50,90.88768542500588,-5.643856189774724
6,THA22,1,2,A4,837S1388,50,96.32681893101012,-5.643856189774724
6,THA22,2,2,A5,837S1388,50,96.25618083352956,-5.643856189774724
6,THA22,3,2,A6,837S1388,50,96.04426654108782,-5.643856189774724
6,THA22,1,2,A7,837S1395,50,63.1269131151401,-5.643856189774724
6,THA22,2,2,A8,837S1395,50,35.648693195196614,-5.643856189774724
6,THA22,3,2,A9,837S1395,50,37.979750412055566,-5.643856189774724
6,THA22,1,2,A10,837S1409,50,100,-5.643856189774724
6,THA22,2,2,A11,837S1409,50,100,-5.643856189774724
6,THA22,3,2,A12,837S1409,50,99.78808570755828,-5.643856189774724
6,THA22,1,2,B1,837S1368,100,74.57028490699318,-6.643856189774724
6,THA22,2,2,B2,837S1368,100,78.52601836590534,-6.643856189774724
6,THA22,3,2,B3,837S1368,100,72.80433246997882,-6.643856189774724
6,THA22,1,2,B4,837S1388,100,85.16599952907936,-6.643856189774724
6,THA22,2,2,B5,837S1388,100,86.4374852837297,-6.643856189774724
6,THA22,3,2,B6,837S1388,100,87.214504356016,-6.643856189774724
6,THA22,1,2,B7,837S1395,100,29.927007299270088,-6.643856189774724
6,THA22,2,2,B8,837S1395,100,28.443607252178012,-6.643856189774724
6,THA22,3,2,B9,837S1395,100,42.14739816340946,-6.643856189774724
6,THA22,1,2,B10,837S1409,100,98.86979044031082,-6.643856189774724
6,THA22,2,2,B11,837S1409,100,98.65787614786908,-6.643856189774724
6,THA22,3,2,B12,837S1409,100,99.15234283023312,-6.643856189774724
6,THA22,1,2,C1,837S1368,200,41.86484577348717,-7.643856189774724
6,THA22,2,2,C2,837S1368,200,44.97292206263245,-7.643856189774724
6,THA22,3,2,C3,837S1368,200,39.81634094655051,-7.643856189774724
6,THA22,1,2,C4,837S1388,200,65.66988462444078,-7.643856189774724
6,THA22,2,2,C5,837S1388,200,68.07157993878032,-7.643856189774724
6,THA22,3,2,C6,837S1388,200,64.46903696727102,-7.643856189774724
6,THA22,1,2,C7,837S1395,200,23.145749941134923,-7.643856189774724
6,THA22,2,2,C8,837S1395,200,18.271721214975273,-7.643856189774724
6,THA22,3,2,C9,837S1395,200,21.09724511419826,-7.643856189774724
6,THA22,1,2,C10,837S1409,200,90.46385684012245,-7.643856189774724
6,THA22,2,2,C11,837S1409,200,91.45279020485049,-7.643856189774724
6,THA22,3,2,C12,837S1409,200,89.61619967035554,-7.643856189774724
6,THA22,1,2,D1,837S1368,400,8.594301860136582,-8.643856189774725
6,THA22,2,2,D2,837S1368,400,13.538968683776789,-8.643856189774725
6,THA22,3,2,D3,837S1368,400,26.18318813279963,-8.643856189774725
6,THA22,1,2,D4,837S1388,400,41.229102896162,-8.643856189774725
6,THA22,2,2,D5,837S1388,400,44.40781728278785,-8.643856189774725
6,THA22,3,2,D6,837S1388,400,46.73887449964682,-8.643856189774725
6,THA22,1,2,D7,837S1395,400,23.569578526018375,-8.643856189774725
6,THA22,2,2,D8,837S1395,400,28.938073934542032,-8.643856189774725
6,THA22,3,2,D9,837S1395,400,22.227454673887465,-8.643856189774725
6,THA22,1,2,D10,837S1409,400,74.92347539439604,-8.643856189774725
6,THA22,2,2,D11,837S1409,400,71.25029432540617,-8.643856189774725
6,THA22,3,2,D12,837S1409,400,66.58817989168826,-8.643856189774725
6,THA22,1,2,E1,837S1368,800,-1.718860372027308,-9.643856189774723
6,THA22,2,2,E2,837S1368,800,8.594301860136582,-9.643856189774723
6,THA22,3,2,E3,837S1368,800,13.46833058629622,-9.643856189774723
6,THA22,1,2,E4,837S1388,800,22.863197551212625,-9.643856189774723
6,THA22,2,2,E5,837S1388,800,30.138921591711792,-9.643856189774723
6,THA22,3,2,E6,837S1388,800,41.7942076760066,-9.643856189774723
6,THA22,1,2,E7,837S1395,800,35.578055097716046,-9.643856189774723
6,THA22,2,2,E8,837S1395,800,39.32187426418648,-9.643856189774723
6,THA22,3,2,E9,837S1395,800,43.84271250294326,-9.643856189774723
6,THA22,1,2,E10,837S1409,800,48.504826936661175,-9.643856189774723
6,THA22,2,2,E11,837S1409,800,39.88697904403108,-9.643856189774723
6,THA22,3,2,E12,837S1409,800,27.17212149752767,-9.643856189774723
6,THA22,1,2,F1,837S1368,1600,-11.396279726866013,-10.643856189774723
6,THA22,2,2,F2,837S1368,1600,1.6717683070402671,-10.643856189774723
6,THA22,3,2,F3,837S1368,1600,15.870025900635738,-10.643856189774723
6,THA22,1,2,F4,837S1388,1600,12.479397221568163,-10.643856189774723
6,THA22,2,2,F5,837S1388,1600,22.792559453732053,-10.643856189774723
6,THA22,3,2,F6,837S1388,1600,4.00282552389922,-10.643856189774723
6,THA22,1,2,F7,837S1395,1600,20.602778431834253,-10.643856189774723
6,THA22,2,2,F8,837S1395,1600,27.94914056981399,-10.643856189774723
6,THA22,3,2,F9,837S1395,1600,26.04191193783848,-10.643856189774723
6,THA22,1,2,F10,837S1409,1600,26.253826230280197,-10.643856189774723
6,THA22,2,2,F11,837S1409,1600,13.327054391335068,-10.643856189774723
6,THA22,3,2,F12,837S1409,1600,14.59854014598541,-10.643856189774723
6,THA22,1,2,G1,837S1368,3200,-12.102660701671766,-11.643856189774723
6,THA22,2,2,G2,837S1368,3200,-0.8005651047798352,-11.643856189774723
6,THA22,3,2,G3,837S1368,3200,4.356016011302103,-11.643856189774723
6,THA22,1,2,G4,837S1388,3200,15.728749705674588,-11.643856189774723
6,THA22,2,2,G5,837S1388,3200,12.620673416529314,-11.643856189774723
6,THA22,3,2,G6,837S1388,3200,4.356016011302103,-11.643856189774723
6,THA22,1,2,G7,837S1395,3200,6.969625618083356,-11.643856189774723
6,THA22,2,2,G8,837S1395,3200,19.048740287261595,-11.643856189774723
6,THA22,3,2,G9,837S1395,3200,2.3075111843654383,-11.643856189774723
6,THA22,1,2,G10,837S1409,3200,27.45467388744997,-11.643856189774723
6,THA22,2,2,G11,837S1409,3200,8.453025665175417,-11.643856189774723
6,THA22,3,2,G12,837S1409,3200,-2.566517541794198,-11.643856189774723
6,THA22,1,3,A1,837S1411,50,99.93485342019544,-5.643856189774724
6,THA22,2,3,A2,837S1411,50,99.93485342019544,-5.643856189774724
6,THA22,3,3,A3,837S1411,50,100,-5.643856189774724
6,THA22,1,3,A4,837S1418,50,81.1726384364821,-5.643856189774724
6,THA22,2,3,A5,837S1418,50,81.69381107491857,-5.643856189774724
6,THA22,3,3,A6,837S1418,50,82.41042345276873,-5.643856189774724
6,THA22,1,3,A7,837S1423,50,81.43322475570032,-5.643856189774724
6,THA22,2,3,A8,837S1423,50,80.26058631921823,-5.643856189774724
6,THA22,3,3,A9,837S1423,50,78.17589576547232,-5.643856189774724
6,THA22,1,3,A10,837S1425,50,93.68078175895764,-5.643856189774724
6,THA22,2,3,A11,837S1425,50,86.9055374592834,-5.643856189774724
6,THA22,3,3,A12,837S1425,50,87.42671009771988,-5.643856189774724
6,THA22,1,3,B1,837S1411,100,100,-6.643856189774724
6,THA22,2,3,B2,837S1411,100,99.86970684039088,-6.643856189774724
6,THA22,3,3,B3,837S1411,100,99.73941368078177,-6.643856189774724
6,THA22,1,3,B4,837S1418,100,65.66775244299674,-6.643856189774724
6,THA22,2,3,B5,837S1418,100,70.68403908794788,-6.643856189774724
6,THA22,3,3,B6,837S1418,100,64.49511400651465,-6.643856189774724
6,THA22,1,3,B7,837S1423,100,68.33876221498372,-6.643856189774724
6,THA22,2,3,B8,837S1423,100,67.42671009771988,-6.643856189774724
6,THA22,3,3,B9,837S1423,100,72.63843648208469,-6.643856189774724
6,THA22,1,3,B10,837S1425,100,74.65798045602605,-6.643856189774724
6,THA22,2,3,B11,837S1425,100,74.46254071661238,-6.643856189774724
6,THA22,3,3,B12,837S1425,100,71.14006514657981,-6.643856189774724
6,THA22,1,3,C1,837S1411,200,99.86970684039088,-7.643856189774724
6,THA22,2,3,C2,837S1411,200,99.93485342019544,-7.643856189774724
6,THA22,3,3,C3,837S1411,200,99.86970684039088,-7.643856189774724
6,THA22,1,3,C4,837S1418,200,48.46905537459283,-7.643856189774724
6,THA22,2,3,C5,837S1418,200,48.99022801302931,-7.643856189774724
6,THA22,3,3,C6,837S1418,200,48.729641693811075,-7.643856189774724
6,THA22,1,3,C7,837S1423,200,50.68403908794789,-7.643856189774724
6,THA22,2,3,C8,837S1423,200,51.33550488599348,-7.643856189774724
6,THA22,3,3,C9,837S1423,200,47.62214983713355,-7.643856189774724
6,THA22,1,3,C10,837S1425,200,47.23127035830619,-7.643856189774724
6,THA22,2,3,C11,837S1425,200,47.035830618892504,-7.643856189774724
6,THA22,3,3,C12,837S1425,200,31.661237785016283,-7.643856189774724
6,THA22,1,3,D1,837S1411,400,98.0456026058632,-8.643856189774725
6,THA22,2,3,D2,837S1411,400,97.71986970684038,-8.643856189774725
6,THA22,3,3,D3,837S1411,400,98.56677524429968,-8.643856189774725
6,THA22,1,3,D4,837S1418,400,31.661237785016283,-8.643856189774725
6,THA22,2,3,D5,837S1418,400,30.29315960912052,-8.643856189774725
6,THA22,3,3,D6,837S1418,400,31.009771986970676,-8.643856189774725
6,THA22,1,3,D7,837S1423,400,29.96742671009773,-8.643856189774725
6,THA22,2,3,D8,837S1423,400,21.69381107491857,-8.643856189774725
6,THA22,3,3,D9,837S1423,400,29.576547231270354,-8.643856189774725
6,THA22,1,3,D10,837S1425,400,24.49511400651467,-8.643856189774725
6,THA22,2,3,D11,837S1425,400,16.54723127035831,-8.643856189774725
6,THA22,3,3,D12,837S1425,400,24.039087947882734,-8.643856189774725
6,THA22,1,3,E1,837S1411,800,88.85993485342019,-9.643856189774723
6,THA22,2,3,E2,837S1411,800,88.07817589576547,-9.643856189774723
6,THA22,3,3,E3,837S1411,800,90.4885993485342,-9.643856189774723
6,THA22,1,3,E4,837S1418,800,18.697068403908787,-9.643856189774723
6,THA22,2,3,E5,837S1418,800,15.960912052117266,-9.643856189774723
6,THA22,3,3,E6,837S1418,800,26.840390879478832,-9.643856189774723
6,THA22,1,3,E7,837S1423,800,18.30618892508143,-9.643856189774723
6,THA22,2,3,E8,837S1423,800,10.55374592833877,-9.643856189774723
6,THA22,3,3,E9,837S1423,800,23.257328990228004,-9.643856189774723
6,THA22,1,3,E10,837S1425,800,11.400651465798047,-9.643856189774723
6,THA22,2,3,E11,837S1425,800,7.296416938110752,-9.643856189774723
6,THA22,3,3,E12,837S1425,800,8.14332247557003,-9.643856189774723
6,THA22,1,3,F1,837S1411,1600,56.93811074918566,-10.643856189774723
6,THA22,2,3,F2,837S1411,1600,55.700325732899024,-10.643856189774723
6,THA22,3,3,F3,837S1411,1600,64.1042345276873,-10.643856189774723
6,THA22,1,3,F4,837S1418,1600,10.618892508143318,-10.643856189774723
6,THA22,2,3,F5,837S1418,1600,16.872964169381106,-10.643856189774723
6,THA22,3,3,F6,837S1418,1600,1.5635179153094467,-10.643856189774723
6,THA22,1,3,F7,837S1423,1600,4.885993485342027,-10.643856189774723
6,THA22,2,3,F8,837S1423,1600,-5.732899022801291,-10.643856189774723
6,THA22,3,3,F9,837S1423,1600,7.426710097719862,-10.643856189774723
6,THA22,1,3,F10,837S1425,1600,8.664495114006513,-10.643856189774723
6,THA22,2,3,F11,837S1425,1600,4.039087947882734,-10.643856189774723
6,THA22,3,3,F12,837S1425,1600,7.687296416938111,-10.643856189774723
6,THA22,1,3,G1,837S1411,3200,29.96742671009773,-11.643856189774723
6,THA22,2,3,G2,837S1411,3200,27.68729641693811,-11.643856189774723
6,THA22,3,3,G3,837S1411,3200,37.45928338762216,-11.643856189774723
6,THA22,1,3,G4,837S1418,3200,11.205211726384364,-11.643856189774723
6,THA22,2,3,G5,837S1418,3200,12.76872964169381,-11.643856189774723
6,THA22,3,3,G6,837S1418,3200,9.315960912052104,-11.643856189774723
6,THA22,1,3,G7,837S1423,3200,2.214983713355039,-11.643856189774723
6,THA22,2,3,G8,837S1423,3200,10.749185667752442,-11.643856189774723
6,THA22,3,3,G9,837S1423,3200,4.429967426710107,-11.643856189774723
6,THA22,1,3,G10,837S1425,3200,17.654723127035837,-11.643856189774723
6,THA22,2,3,G11,837S1425,3200,2.4104234527687254,-11.643856189774723
6,THA22,3,3,G12,837S1425,3200,-2.019543973941367,-11.643856189774723
6,THA22,1,5,A1,837S1449,50,99.65397923875432,-5.643856189774724
6,THA22,2,5,A2,837S1449,50,99.7923875432526,-5.643856189774724
6,THA22,3,5,A3,837S1449,50,99.72318339100346,-5.643856189774724
6,THA22,1,5,A4,837S1481,50,99.86159169550172,-5.643856189774724
6,THA22,2,5,A5,837S1481,50,100,-5.643856189774724
6,THA22,3,5,A6,837S1481,50,99.93079584775089,-5.643856189774724
6,THA22,1,5,A7,837S1484,50,31.141868512110733,-5.643856189774724
6,THA22,2,5,A8,837S1484,50,35.57093425605537,-5.643856189774724
6,THA22,3,5,A9,837S1484,50,24.013840830449823,-5.643856189774724
6,THA22,1,5,A10,Anti-H3,50,100,-5.643856189774724
6,THA22,2,5,A11,Anti-H3,50,99.86159169550172,-5.643856189774724
6,THA22,3,5,A12,Anti-H3,50,99.93079584775089,-5.643856189774724
6,THA22,1,5,B1,837S1449,100,97.57785467128028,-6.643856189774724
6,THA22,2,5,B2,837S1449,100,97.2318339100346,-6.643856189774724
6,THA22,3,5,B3,837S1449,100,97.71626297577856,-6.643856189774724
6,THA22,1,5,B4,837S1481,100,99.44636678200692,-6.643856189774724
6,THA22,2,5,B5,837S1481,100,98.82352941176472,-6.643856189774724
6,THA22,3,5,B6,837S1481,100,99.16955017301038,-6.643856189774724
6,THA22,1,5,B7,837S1484,100,19.7923875432526,-6.643856189774724
6,THA22,2,5,B8,837S1484,100,19.7923875432526,-6.643856189774724
6,THA22,3,5,B9,837S1484,100,27.12802768166091,-6.643856189774724
6,THA22,1,5,B10,Anti-H3,100,99.30795847750866,-6.643856189774724
6,THA22,2,5,B11,Anti-H3,100,98.47750865051904,-6.643856189774724
6,THA22,3,5,B12,Anti-H3,100,99.3771626297578,-6.643856189774724
6,THA22,1,5,C1,837S1449,200,82.07612456747405,-7.643856189774724
6,THA22,2,5,C2,837S1449,200,85.9515570934256,-7.643856189774724
6,THA22,3,5,C3,837S1449,200,86.78200692041523,-7.643856189774724
6,THA22,1,5,C4,837S1481,200,92.17993079584777,-7.643856189774724
6,THA22,2,5,C5,837S1481,200,93.35640138408304,-7.643856189774724
6,THA22,3,5,C6,837S1481,200,94.0484429065744,-7.643856189774724
6,THA22,1,5,C7,837S1484,200,35.363321799307954,-7.643856189774724
6,THA22,2,5,C8,837S1484,200,33.14878892733563,-7.643856189774724
6,THA22,3,5,C9,837S1484,200,32.38754325259515,-7.643856189774724
6,THA22,1,5,C10,Anti-H3,200,91.97231833910035,-7.643856189774724
6,THA22,2,5,C11,Anti-H3,200,90.93425605536332,-7.643856189774724
6,THA22,3,5,C12,Anti-H3,200,88.23529411764706,-7.643856189774724
6,THA22,1,5,D1,837S1449,400,54.602076124567475,-8.643856189774725
6,THA22,2,5,D2,837S1449,400,61.3840830449827,-8.643856189774725
6,THA22,3,5,D3,837S1449,400,65.46712802768167,-8.643856189774725
6,THA22,1,5,D4,837S1481,400,79.7923875432526,-8.643856189774725
6,THA22,2,5,D5,837S1481,400,77.6470588235294,-8.643856189774725
6,THA22,3,5,D6,837S1481,400,75.15570934256056,-8.643856189774725
6,THA22,1,5,D7,837S1484,400,44.15224913494809,-8.643856189774725
6,THA22,2,5,D8,837S1484,400,43.52941176470589,-8.643856189774725
6,THA22,3,5,D9,837S1484,400,40.89965397923876,-8.643856189774725
6,THA22,1,5,D10,Anti-H3,400,71.69550173010381,-8.643856189774725
6,THA22,2,5,D11,Anti-H3,400,72.04152249134948,-8.643856189774725
6,THA22,3,5,D12,Anti-H3,400,64.29065743944636,-8.643856189774725
6,THA22,1,5,E1,837S1449,800,23.460207612456756,-9.643856189774723
6,THA22,2,5,E2,837S1449,800,31.00346020761245,-9.643856189774723
6,THA22,3,5,E3,837S1449,800,42.352941176470594,-9.643856189774723
6,THA22,1,5,E4,837S1481,800,54.325259515570934,-9.643856189774723
6,THA22,2,5,E5,837S1481,800,55.778546712802765,-9.643856189774723
6,THA22,3,5,E6,837S1481,800,52.52595155709342,-9.643856189774723
6,THA22,1,5,E7,837S1484,800,52.04152249134948,-9.643856189774723
6,THA22,2,5,E8,837S1484,800,47.95847750865052,-9.643856189774723
6,THA22,3,5,E9,837S1484,800,44.498269896193776,-9.643856189774723
6,THA22,1,5,E10,Anti-H3,800,49.82698961937716,-9.643856189774723
6,THA22,2,5,E11,Anti-H3,800,44.982698961937714,-9.643856189774723
6,THA22,3,5,E12,Anti-H3,800,29.134948096885825,-9.643856189774723
6,THA22,1,5,F1,837S1449,1600,6.020761245674749,-10.643856189774723
6,THA22,2,5,F2,837S1449,1600,8.3044982698962,-10.643856189774723
6,THA22,3,5,F3,837S1449,1600,27.75086505190312,-10.643856189774723
6,THA22,1,5,F4,837S1481,1600,33.35640138408304,-10.643856189774723
6,THA22,2,5,F5,837S1481,1600,55.017301038062286,-10.643856189774723
6,THA22,3,5,F6,837S1481,1600,51.83391003460208,-10.643856189774723
6,THA22,1,5,F7,837S1484,1600,58.13148788927336,-10.643856189774723
6,THA22,2,5,F8,837S1484,1600,60.55363321799308,-10.643856189774723
6,THA22,3,5,F9,837S1484,1600,59.377162629757784,-10.643856189774723
6,THA22,1,5,F10,Anti-H3,1600,47.1280276816609,-10.643856189774723
6,THA22,2,5,F11,Anti-H3,1600,39.86159169550173,-10.643856189774723
6,THA22,3,5,F12,Anti-H3,1600,35.363321799307954,-10.643856189774723
6,THA22,1,5,G1,837S1449,3200,7.058823529411768,-11.643856189774723
6,THA22,2,5,G2,837S1449,3200,3.806228373702425,-11.643856189774723
6,THA22,3,5,G3,837S1449,3200,13.425605536332172,-11.643856189774723
6,THA22,1,5,G4,837S1481,3200,0.6920415224913512,-11.643856189774723
6,THA22,2,5,G5,837S1481,3200,9.411764705882348,-11.643856189774723
6,THA22,3,5,G6,837S1481,3200,14.463667820069205,-11.643856189774723
6,THA22,1,5,G7,837S1484,3200,28.096885813148788,-11.643856189774723
6,THA22,2,5,G8,837S1484,3200,20.27681660899654,-11.643856189774723
6,THA22,3,5,G9,837S1484,3200,20.346020761245683,-11.643856189774723
6,THA22,1,5,G10,Anti-H3,3200,15.155709342560556,-11.643856189774723
6,THA22,2,5,G11,Anti-H3,3200,8.373702422145328,-11.643856189774723
6,THA22,3,5,G12,Anti-H3,3200,10.449826989619382,-11.643856189774723
6,ENG24,1,2,A1,837S1368,50,85.1,-5.643856189774724
6,ENG24,2,2,A2,837S1368,50,82.2,-5.643856189774724
6,ENG24,3,2,A3,837S1368,50,82.1,-5.643856189774724
6,ENG24,1,2,A4,837S1388,50,91.4,-5.643856189774724
6,ENG24,2,2,A5,837S1388,50,91.17898943762488,-5.643856189774724
6,ENG24,3,2,A6,837S1388,50,92.8918070225521,-5.643856189774724
6,ENG24,1,2,A7,837S1395,50,55.3811019126463,-5.643856189774724
6,ENG24,2,2,A8,837S1395,50,26.006280331144737,-5.643856189774724
6,ENG24,3,2,A9,837S1395,50,19.58321438766771,-5.643856189774724
6,ENG24,1,2,A10,837S1409,50,99.5717956037682,-5.643856189774724
6,ENG24,2,2,A11,837S1409,50,99.31487296602911,-5.643856189774724
6,ENG24,3,2,A12,837S1409,50,99.31487296602911,-5.643856189774724
6,ENG24,1,2,B1,837S1368,100,56.3,-6.643856189774724
6,ENG24,2,2,B2,837S1368,100,53.2,-6.643856189774724
6,ENG24,3,2,B3,837S1368,100,53,-6.643856189774724
6,ENG24,1,2,B4,837S1388,100,73.5,-6.643856189774724
6,ENG24,2,2,B5,837S1388,100,77.30516699971453,-6.643856189774724
6,ENG24,3,2,B6,837S1388,100,71.05338281473023,-6.643856189774724
6,ENG24,1,2,B7,837S1395,100,10.248358549814457,-6.643856189774724
6,ENG24,2,2,B8,837S1395,100,24.379103625463895,-6.643856189774724
6,ENG24,3,2,B9,837S1395,100,15.129888666856983,-6.643856189774724
6,ENG24,1,2,B10,837S1409,100,94.4333428489866,-6.643856189774724
6,ENG24,2,2,B11,837S1409,100,94.4333428489866,-6.643856189774724
6,ENG24,3,2,B12,837S1409,100,94.4333428489866,-6.643856189774724
6,ENG24,1,2,C1,837S1368,200,29.3,-7.643856189774724
6,ENG24,2,2,C2,837S1368,200,25.1,-7.643856189774724
6,ENG24,3,2,C3,837S1368,200,25.3,-7.643856189774724
6,ENG24,1,2,C4,837S1388,200,47.1,-7.643856189774724
6,ENG24,2,2,C5,837S1388,200,42.10676562946046,-7.643856189774724
6,ENG24,3,2,C6,837S1388,200,37.65343990864973,-7.643856189774724
6,ENG24,1,2,C7,837S1395,200,14.359120753639743,-7.643856189774724
6,ENG24,2,2,C8,837S1395,200,11.447330859263488,-7.643856189774724
6,ENG24,3,2,C9,837S1395,200,10.248358549814457,-7.643856189774724
6,ENG24,1,2,C10,837S1409,200,77.81901227519269,-7.643856189774724
6,ENG24,2,2,C11,837S1409,200,73.87953182986013,-7.643856189774724
6,ENG24,3,2,C12,837S1409,200,78.2472166714245,-7.643856189774724
6,ENG24,1,2,D1,837S1368,400,3.2,-8.643856189774725
6,ENG24,2,2,D2,837S1368,400,-3.8,-8.643856189774725
6,ENG24,3,2,D3,837S1368,400,22,-8.643856189774725
6,ENG24,1,2,D4,837S1388,400,17.1,-8.643856189774725
6,ENG24,2,2,D5,837S1388,400,21.552954610334012,-8.643856189774725
6,ENG24,3,2,D6,837S1388,400,22.323722523551258,-8.643856189774725
6,ENG24,1,2,D7,837S1395,400,31.74421924065088,-8.643856189774725
6,ENG24,2,2,D8,837S1395,400,0.6565800742221057,-8.643856189774725
6,ENG24,3,2,D9,837S1395,400,14.787325149871547,-8.643856189774725
6,ENG24,1,2,D10,837S1409,400,54.353411361689986,-8.643856189774725
6,ENG24,2,2,D11,837S1409,400,51.52726234656009,-8.643856189774725
6,ENG24,3,2,D12,837S1409,400,52.29803025977734,-8.643856189774725
6,ENG24,1,2,E1,837S1368,800,0.2,-9.643856189774723
6,ENG24,2,2,E2,837S1368,800,3,-9.643856189774723
6,ENG24,3,2,E3,837S1368,800,15.3,-9.643856189774723
6,ENG24,1,2,E4,837S1388,800,1.8,-9.643856189774723
6,ENG24,2,2,E5,837S1388,800,17.613474165001435,-9.643856189774723
6,ENG24,3,2,E6,837S1388,800,19.15500999143592,-9.643856189774723
6,ENG24,1,2,E7,837S1395,800,34.74165001427349,-9.643856189774723
6,ENG24,2,2,E8,837S1395,800,21.724236368826723,-9.643856189774723
6,ENG24,3,2,E9,837S1395,800,25.749357693405656,-9.643856189774723
6,ENG24,1,2,E10,837S1409,800,32.85755067085357,-9.643856189774723
6,ENG24,2,2,E11,837S1409,800,23.35141307450756,-9.643856189774723
6,ENG24,3,2,E12,837S1409,800,23.18013131601485,-9.643856189774723
6,ENG24,1,2,F1,837S1368,1600,-21.7,-10.643856189774723
6,ENG24,2,2,F2,837S1368,1600,3.1,-10.643856189774723
6,ENG24,3,2,F3,837S1368,1600,10.2,-10.643856189774723
6,ENG24,1,2,F4,837S1388,1600,2.5,-10.643856189774723
6,ENG24,2,2,F5,837S1388,1600,1.7699115044247833,-10.643856189774723
6,ENG24,3,2,F6,837S1388,1600,7.165286896945474,-10.643856189774723
6,ENG24,1,2,F7,837S1395,1600,17.69911504424779,-10.643856189774723
6,ENG24,2,2,F8,837S1395,1600,5.366828432771925,-10.643856189774723
6,ENG24,3,2,F9,837S1395,1600,12.646303168712535,-10.643856189774723
6,ENG24,1,2,F10,837S1409,1600,14.102198115900665,-10.643856189774723
6,ENG24,2,2,F11,837S1409,1600,0.31401655723666977,-10.643856189774723
6,ENG24,3,2,F12,837S1409,1600,19.497573508421368,-10.643856189774723
6,ENG24,1,2,G1,837S1368,3200,-10.2,-11.643856189774723
6,ENG24,2,2,G2,837S1368,3200,-14.2,-11.643856189774723
6,ENG24,3,2,G3,837S1368,3200,0.8,-11.643856189774723
6,ENG24,1,2,G4,837S1388,3200,5.5,-11.643856189774723
6,ENG24,2,2,G5,837S1388,3200,8.706822723379972,-11.643856189774723
6,ENG24,3,2,G6,837S1388,3200,2.198115900656589,-11.643856189774723
6,ENG24,1,2,G7,837S1395,3200,15.044247787610615,-11.643856189774723
6,ENG24,2,2,G8,837S1395,3200,-4.053668284327713,-11.643856189774723
6,ENG24,3,2,G9,837S1395,3200,7.936054810162716,-11.643856189774723
6,ENG24,1,2,G10,837S1409,3200,2.6263202968883803,-11.643856189774723
6,ENG24,2,2,G11,837S1409,3200,12.646303168712535,-11.643856189774723
6,ENG24,3,2,G12,837S1409,3200,10.33399942906081,-11.643856189774723
6,ENG24,1,3,A1,837S1411,50,100,-5.643856189774724
6,ENG24,2,3,A2,837S1411,50,100,-5.643856189774724
6,ENG24,3,3,A3,837S1411,50,100,-5.643856189774724
6,ENG24,1,3,A4,837S1418,50,18,-5.643856189774724
6,ENG24,2,3,A5,837S1418,50,20.786050373650696,-5.643856189774724
6,ENG24,3,3,A6,837S1418,50,22.77885413783559,-5.643856189774724
6,ENG24,1,3,A7,837S1423,50,27.677830058123448,-5.643856189774724
6,ENG24,2,3,A8,837S1423,50,35.81511209521173,-5.643856189774724
6,ENG24,3,3,A9,837S1423,50,24.85469139219485,-5.643856189774724
6,ENG24,1,3,A10,837S1425,50,79.49072792693053,-5.643856189774724
6,ENG24,2,3,A11,837S1425,50,79.15859396623304,-5.643856189774724
6,ENG24,3,3,A12,837S1425,50,81.15139773041793,-5.643856189774724
6,ENG24,1,3,B1,837S1411,100,99.8,-6.643856189774724
6,ENG24,2,3,B2,837S1411,100,99.6,-6.643856189774724
6,ENG24,3,3,B3,837S1411,100,99.8,-6.643856189774724
6,ENG24,1,3,B4,837S1418,100,3.3,-6.643856189774724
6,ENG24,2,3,B5,837S1418,100,7.00249100470522,-6.643856189774724
6,ENG24,3,3,B6,837S1418,100,11.237199003598109,-6.643856189774724
6,ENG24,1,3,B7,837S1423,100,22.280653196789373,-6.643856189774724
6,ENG24,2,3,B8,837S1423,100,27.59479656794906,-6.643856189774724
6,ENG24,3,3,B9,837S1423,100,19.1253805701633,-6.643856189774724
6,ENG24,1,3,B10,837S1425,100,53.41821201217824,-6.643856189774724
6,ENG24,2,3,B11,837S1425,100,48.76833656241351,-6.643856189774724
6,ENG24,3,3,B12,837S1425,100,50.34597287572654,-6.643856189774724
6,ENG24,1,3,C1,837S1411,200,98.4,-7.643856189774724
6,ENG24,2,3,C2,837S1411,200,98.5,-7.643856189774724
6,ENG24,3,3,C3,837S1411,200,98,-7.643856189774724
6,ENG24,1,3,C4,837S1418,200,21.8,-7.643856189774724
6,ENG24,2,3,C5,837S1418,200,8.995294768890119,-7.643856189774724
6,ENG24,3,3,C6,837S1418,200,8.995294768890119,-7.643856189774724
6,ENG24,1,3,C7,837S1423,200,12.814835316911145,-7.643856189774724
6,ENG24,2,3,C8,837S1423,200,17.049543315804044,-7.643856189774724
6,ENG24,3,3,C9,837S1423,200,17.79684472737337,-7.643856189774724
6,ENG24,1,3,C10,837S1425,200,20.204815942430116,-7.643856189774724
6,ENG24,2,3,C11,837S1425,200,20.121782452255744,-7.643856189774724
6,ENG24,3,3,C12,837S1425,200,18.212012178245217,-7.643856189774724
6,ENG24,1,3,D1,837S1411,400,89.6,-8.643856189774725
6,ENG24,2,3,D2,837S1411,400,87.5,-8.643856189774725
6,ENG24,3,3,D3,837S1411,400,92.4,-8.643856189774725
6,ENG24,1,3,D4,837S1418,400,10.4,-8.643856189774725
6,ENG24,2,3,D5,837S1418,400,5.507888181566557,-8.643856189774725
6,ENG24,3,3,D6,837S1418,400,12.648768336562412,-8.643856189774725
6,ENG24,1,3,D7,837S1423,400,16.13617492388596,-8.643856189774725
6,ENG24,2,3,D8,837S1423,400,10.905065042900633,-8.643856189774725
6,ENG24,3,3,D9,837S1423,400,-0.22142264046497928,-8.643856189774725
6,ENG24,1,3,D10,837S1425,400,6.0891226127871505,-8.643856189774725
6,ENG24,2,3,D11,837S1425,400,5.75698865208966,-8.643856189774725
6,ENG24,3,3,D12,837S1425,400,7.666758926100187,-8.643856189774725
6,ENG24,1,3,E1,837S1411,800,61.2,-9.643856189774723
6,ENG24,2,3,E2,837S1411,800,54.6,-9.643856189774723
6,ENG24,3,3,E3,837S1411,800,70.1,-9.643856189774723
6,ENG24,1,3,E4,837S1418,800,8.9,-9.643856189774723
6,ENG24,2,3,E5,837S1418,800,9.16136174923885,-9.643856189774723
6,ENG24,3,3,E6,837S1418,800,6.753390534182117,-9.643856189774723
6,ENG24,1,3,E7,837S1423,800,12.482701356213669,-9.643856189774723
6,ENG24,2,3,E8,837S1423,800,-0.38748962081373867,-9.643856189774723
6,ENG24,3,3,E9,837S1423,800,-4.539164129532253,-9.643856189774723
6,ENG24,1,3,E10,837S1425,800,-8.026570716855801,-9.643856189774723
6,ENG24,2,3,E11,837S1425,800,0.7749792416274488,-9.643856189774723
6,ENG24,3,3,E12,837S1425,800,5.673955161915302,-9.643856189774723
6,ENG24,1,3,F1,837S1411,1600,9.7,-10.643856189774723
6,ENG24,2,3,F2,837S1411,1600,21,-10.643856189774723
6,ENG24,3,3,F3,837S1411,1600,31.1,-10.643856189774723
6,ENG24,1,3,F4,837S1418,1600,-2.5,-10.643856189774723
6,ENG24,2,3,F5,837S1418,1600,7.749792416274558,-10.643856189774723
6,ENG24,3,3,F6,837S1418,1600,-5.535566011624709,-10.643856189774723
6,ENG24,1,3,F7,837S1423,1600,8.164959867146422,-10.643856189774723
6,ENG24,2,3,F8,837S1423,1600,-2.961527816219217,-10.643856189774723
6,ENG24,3,3,F9,837S1423,1600,-20.06642679213951,-10.643856189774723
6,ENG24,1,3,F10,837S1425,1600,5.009687240520336,-10.643856189774723
6,ENG24,2,3,F11,837S1425,1600,4.096318848602266,-10.643856189774723
6,ENG24,3,3,F12,837S1425,1600,-5.120398560752832,-10.643856189774723
6,ENG24,1,3,G1,837S1411,3200,-17.2,-11.643856189774723
6,ENG24,2,3,G2,837S1411,3200,-4.1,-11.643856189774723
6,ENG24,3,3,G3,837S1411,3200,15.4,-11.643856189774723
6,ENG24,1,3,G4,837S1418,3200,17.9,-11.643856189774723
6,ENG24,2,3,G5,837S1418,3200,17.132576805978402,-11.643856189774723
6,ENG24,3,3,G6,837S1418,3200,14.807639081096042,-11.643856189774723
6,ENG24,1,3,G7,837S1423,3200,13.06393578743426,-11.643856189774723
6,ENG24,2,3,G8,837S1423,3200,1.0240797121505665,-11.643856189774723
6,ENG24,3,3,G9,837S1423,3200,7.832825906448932,-11.643856189774723
6,ENG24,1,3,G10,837S1425,3200,8.497093827843898,-11.643856189774723
6,ENG24,2,3,G11,837S1425,3200,10.738998062551886,-11.643856189774723
6,ENG24,3,3,G12,837S1425,3200,13.894270689177972,-11.643856189774723
6,ENG24,1,5,A1,837S1449,50,98.1,-5.643856189774724
6,ENG24,2,5,A2,837S1449,50,98.6,-5.643856189774724
6,ENG24,3,5,A3,837S1449,50,98,-5.643856189774724
6,ENG24,1,5,A4,837S1481,50,99.7,-5.643856189774724
6,ENG24,2,5,A5,837S1481,50,99.81807155852032,-5.643856189774724
6,ENG24,3,5,A6,837S1481,50,99.90903577926017,-5.643856189774724
6,ENG24,1,5,A7,837S1484,50,1.1218920557913918,-5.643856189774724
6,ENG24,2,5,A8,837S1484,50,4.578532443905388,-5.643856189774724
6,ENG24,3,5,A9,837S1484,50,5.942995755003025,-5.643856189774724
6,ENG24,1,5,A10,Anti-H3,50,99.81807155852032,-5.643856189774724
6,ENG24,2,5,A11,Anti-H3,50,100,-5.643856189774724
6,ENG24,3,5,A12,Anti-H3,50,99.81807155852032,-5.643856189774724
6,ENG24,1,5,B1,837S1449,100,91.5,-6.643856189774724
6,ENG24,2,5,B2,837S1449,100,92,-6.643856189774724
6,ENG24,3,5,B3,837S1449,100,92,-6.643856189774724
6,ENG24,1,5,B4,837S1481,100,99.2,-6.643856189774724
6,ENG24,2,5,B5,837S1481,100,99.09035779260158,-6.643856189774724
6,ENG24,3,5,B6,837S1481,100,99.1813220133414,-6.643856189774724
6,ENG24,1,5,B7,837S1484,100,8.126137052759248,-6.643856189774724
6,ENG24,2,5,B8,837S1484,100,11.309884778653725,-6.643856189774724
6,ENG24,3,5,B9,837S1484,100,15.039417828987254,-6.643856189774724
6,ENG24,1,5,B10,Anti-H3,100,99.3632504548211,-6.643856189774724
6,ENG24,2,5,B11,Anti-H3,100,98.7265009096422,-6.643856189774724
6,ENG24,3,5,B12,Anti-H3,100,98.45360824742268,-6.643856189774724
6,ENG24,1,5,C1,837S1449,200,66.5,-7.643856189774724
6,ENG24,2,5,C2,837S1449,200,74.1,-7.643856189774724
6,ENG24,3,5,C3,837S1449,200,74.6,-7.643856189774724
6,ENG24,1,5,C4,837S1481,200,93,-7.643856189774724
6,ENG24,2,5,C5,837S1481,200,91.6312916919345,-7.643856189774724
6,ENG24,3,5,C6,837S1481,200,91.54032747119466,-7.643856189774724
6,ENG24,1,5,C7,837S1484,200,39.23590054578532,-7.643856189774724
6,ENG24,2,5,C8,837S1484,200,37.41661613098848,-7.643856189774724
6,ENG24,3,5,C9,837S1484,200,30.95815645845967,-7.643856189774724
6,ENG24,1,5,C10,Anti-H3,200,90.81261370527592,-7.643856189774724
6,ENG24,2,5,C11,Anti-H3,200,89.44815039417828,-7.643856189774724
6,ENG24,3,5,C12,Anti-H3,200,86.44633110976349,-7.643856189774724
6,ENG24,1,5,D1,837S1449,400,32,-8.643856189774725
6,ENG24,2,5,D2,837S1449,400,48.4,-8.643856189774725
6,ENG24,3,5,D3,837S1449,400,53.2,-8.643856189774725
6,ENG24,1,5,D4,837S1481,400,74.4,-8.643856189774725
6,ENG24,2,5,D5,837S1481,400,75.25773195876289,-8.643856189774725
6,ENG24,3,5,D6,837S1481,400,72.89266221952698,-8.643856189774725
6,ENG24,1,5,D7,837S1484,400,35.05154639175258,-8.643856189774725
6,ENG24,2,5,D8,837S1484,400,41.60097028502122,-8.643856189774725
6,ENG24,3,5,D9,837S1484,400,36.41600970285021,-8.643856189774725
6,ENG24,1,5,D10,Anti-H3,400,67.79866585809582,-8.643856189774725
6,ENG24,2,5,D11,Anti-H3,400,64.06913280776229,-8.643856189774725
6,ENG24,3,5,D12,Anti-H3,400,58.15645845967253,-8.643856189774725
6,ENG24,1,5,E1,837S1449,800,0.8,-9.643856189774723
6,ENG24,2,5,E2,837S1449,800,22.8,-9.643856189774723
6,ENG24,3,5,E3,837S1449,800,30.7,-9.643856189774723
6,ENG24,1,5,E4,837S1481,800,41.1,-9.643856189774723
6,ENG24,2,5,E5,837S1481,800,50.42449969678593,-9.643856189774723
6,ENG24,3,5,E6,837S1481,800,43.238326258338375,-9.643856189774723
6,ENG24,1,5,E7,837S1484,800,43.60218314129776,-9.643856189774723
6,ENG24,2,5,E8,837S1484,800,36.961795027289256,-9.643856189774723
6,ENG24,3,5,E9,837S1484,800,35.41540327471195,-9.643856189774723
6,ENG24,1,5,E10,Anti-H3,800,39.41782898726501,-9.643856189774723
6,ENG24,2,5,E11,Anti-H3,800,31.685870224378405,-9.643856189774723
6,ENG24,3,5,E12,Anti-H3,800,27.04669496664644,-9.643856189774723
6,ENG24,1,5,F1,837S1449,1600,-7.8,-10.643856189774723
6,ENG24,2,5,F2,837S1449,1600,13,-10.643856189774723
6,ENG24,3,5,F3,837S1449,1600,34.5,-10.643856189774723
6,ENG24,1,5,F4,837S1481,1600,33.8,-10.643856189774723
6,ENG24,2,5,F5,837S1481,1600,35.142510612492416,-10.643856189774723
6,ENG24,3,5,F6,837S1481,1600,25.31837477258945,-10.643856189774723
6,ENG24,1,5,F7,837S1484,1600,36.779866585809565,-10.643856189774723
6,ENG24,2,5,F8,837S1484,1600,25.68223165554882,-10.643856189774723
6,ENG24,3,5,F9,837S1484,1600,34.0509399636143,-10.643856189774723
6,ENG24,1,5,F10,Anti-H3,1600,25.773195876288653,-10.643856189774723
6,ENG24,2,5,F11,Anti-H3,1600,9.763493026076404,-10.643856189774723
6,ENG24,3,5,F12,Anti-H3,1600,-4.426925409339006,-10.643856189774723
6,ENG24,1,5,G1,837S1449,3200,-18.1,-11.643856189774723
6,ENG24,2,5,G2,837S1449,3200,-4.6,-11.643856189774723
6,ENG24,3,5,G3,837S1449,3200,7.1,-11.643856189774723
6,ENG24,1,5,G4,837S1481,3200,-5.4,-11.643856189774723
6,ENG24,2,5,G5,837S1481,3200,5.761067313523341,-11.643856189774723
6,ENG24,3,5,G6,837S1481,3200,7.853244390539715,-11.643856189774723
6,ENG24,1,5,G7,837S1484,3200,21.315949060036377,-11.643856189774723
6,ENG24,2,5,G8,837S1484,3200,17.67738023044268,-11.643856189774723
6,ENG24,3,5,G9,837S1484,3200,12.492419648271664,-11.643856189774723
6,ENG24,1,5,G10,Anti-H3,3200,4.305639781685869,-11.643856189774723
6,ENG24,2,5,G11,Anti-H3,3200,2.213462704669496,-11.643856189774723
6,ENG24,3,5,G12,Anti-H3,3200,-7.064887810794417,-11.643856189774723
6,ENG25,1,2,A1,837S1368,50,94,-5.643856189774724
6,ENG25,2,2,A2,837S1368,50,90.7,-5.643856189774724
6,ENG25,3,2,A3,837S1368,50,90.1,-5.643856189774724
6,ENG25,1,2,A4,837S1388,50,49.3,-5.643856189774724
6,ENG25,2,2,A5,837S1388,50,49.31372549019608,-5.643856189774724
6,ENG25,3,2,A6,837S1388,50,54.01960784313726,-5.643856189774724
6,ENG25,1,2,A7,837S1395,50,68.92156862745098,-5.643856189774724
6,ENG25,2,2,A8,837S1395,50,57.15686274509804,-5.643856189774724
6,ENG25,3,2,A9,837S1395,50,59.90196078431372,-5.643856189774724
6,ENG25,1,2,A10,837S1409,50,99.60784313725487,-5.643856189774724
6,ENG25,2,2,A11,837S1409,50,99.90196078431372,-5.643856189774724
6,ENG25,3,2,A12,837S1409,50,100,-5.643856189774724
6,ENG25,1,2,B1,837S1368,100,68.5,-6.643856189774724
6,ENG25,2,2,B2,837S1368,100,68,-6.643856189774724
6,ENG25,3,2,B3,837S1368,100,65.3,-6.643856189774724
6,ENG25,1,2,B4,837S1388,100,25.1,-6.643856189774724
6,ENG25,2,2,B5,837S1388,100,27.15686274509804,-6.643856189774724
6,ENG25,3,2,B6,837S1388,100,21.66666666666667,-6.643856189774724
6,ENG25,1,2,B7,837S1395,100,22.15686274509804,-6.643856189774724
6,ENG25,2,2,B8,837S1395,100,29.215686274509807,-6.643856189774724
6,ENG25,3,2,B9,837S1395,100,29.11764705882352,-6.643856189774724
6,ENG25,1,2,B10,837S1409,100,99.70588235294116,-6.643856189774724
6,ENG25,2,2,B11,837S1409,100,99.80392156862744,-6.643856189774724
6,ENG25,3,2,B12,837S1409,100,99.70588235294116,-6.643856189774724
6,ENG25,1,2,C1,837S1368,200,30.4,-7.643856189774724
6,ENG25,2,2,C2,837S1368,200,32.7,-7.643856189774724
6,ENG25,3,2,C3,837S1368,200,28.5,-7.643856189774724
6,ENG25,1,2,C4,837S1388,200,4.6,-7.643856189774724
6,ENG25,2,2,C5,837S1388,200,0.0980392156862706,-7.643856189774724
6,ENG25,3,2,C6,837S1388,200,1.9607843137254977,-7.643856189774724
6,ENG25,1,2,C7,837S1395,200,1.470588235294116,-7.643856189774724
6,ENG25,2,2,C8,837S1395,200,-0.1960784313725412,-7.643856189774724
6,ENG25,3,2,C9,837S1395,200,-0.1960784313725412,-7.643856189774724
6,ENG25,1,2,C10,837S1409,200,98.82352941176472,-7.643856189774724
6,ENG25,2,2,C11,837S1409,200,97.6470588235294,-7.643856189774724
6,ENG25,3,2,C12,837S1409,200,98.1372549019608,-7.643856189774724
6,ENG25,1,2,D1,837S1368,400,-10.8,-8.643856189774725
6,ENG25,2,2,D2,837S1368,400,-7.9,-8.643856189774725
6,ENG25,3,2,D3,837S1368,400,-15.4,-8.643856189774725
6,ENG25,1,2,D4,837S1388,400,-7,-8.643856189774725
6,ENG25,2,2,D5,837S1388,400,2.7450980392156907,-8.643856189774725
6,ENG25,3,2,D6,837S1388,400,8.333333333333343,-8.643856189774725
6,ENG25,1,2,D7,837S1395,400,-3.4313725490196134,-8.643856189774725
6,ENG25,2,2,D8,837S1395,400,-11.5686274509804,-8.643856189774725
6,ENG25,3,2,D9,837S1395,400,-13.92156862745098,-8.643856189774725
6,ENG25,1,2,D10,837S1409,400,89.31372549019608,-8.643856189774725
6,ENG25,2,2,D11,837S1409,400,84.60784313725489,-8.643856189774725
6,ENG25,3,2,D12,837S1409,400,88.82352941176471,-8.643856189774725
6,ENG25,1,2,E1,837S1368,800,-12.1,-9.643856189774723
6,ENG25,2,2,E2,837S1368,800,-2.9,-9.643856189774723
6,ENG25,3,2,E3,837S1368,800,-0.2,-9.643856189774723
6,ENG25,1,2,E4,837S1388,800,-0.9,-9.643856189774723
6,ENG25,2,2,E5,837S1388,800,3.0392156862745168,-9.643856189774723
6,ENG25,3,2,E6,837S1388,800,4.5098039215686185,-9.643856189774723
6,ENG25,1,2,E7,837S1395,800,16.07843137254902,-9.643856189774723
6,ENG25,2,2,E8,837S1395,800,-6.960784313725483,-9.643856189774723
6,ENG25,3,2,E9,837S1395,800,-17.549019607843135,-9.643856189774723
6,ENG25,1,2,E10,837S1409,800,64.70588235294117,-9.643856189774723
6,ENG25,2,2,E11,837S1409,800,60.294117647058826,-9.643856189774723
6,ENG25,3,2,E12,837S1409,800,68.43137254901961,-9.643856189774723
6,ENG25,1,2,F1,837S1368,1600,3.1,-10.643856189774723
6,ENG25,2,2,F2,837S1368,1600,4.9,-10.643856189774723
6,ENG25,3,2,F3,837S1368,1600,14.7,-10.643856189774723
6,ENG25,1,2,F4,837S1388,1600,6.3,-10.643856189774723
6,ENG25,2,2,F5,837S1388,1600,-0.5882352941176521,-10.643856189774723
6,ENG25,3,2,F6,837S1388,1600,2.4509803921568647,-10.643856189774723
6,ENG25,1,2,F7,837S1395,1600,5.4901960784313815,-10.643856189774723
6,ENG25,2,2,F8,837S1395,1600,12.941176470588232,-10.643856189774723
6,ENG25,3,2,F9,837S1395,1600,-0.1960784313725412,-10.643856189774723
6,ENG25,1,2,F10,837S1409,1600,26.862745098039227,-10.643856189774723
6,ENG25,2,2,F11,837S1409,1600,28.92156862745098,-10.643856189774723
6,ENG25,3,2,F12,837S1409,1600,23.92156862745098,-10.643856189774723
6,ENG25,1,2,G1,837S1368,3200,-16.8,-11.643856189774723
6,ENG25,2,2,G2,837S1368,3200,-5.4,-11.643856189774723
6,ENG25,3,2,G3,837S1368,3200,3.2,-11.643856189774723
6,ENG25,1,2,G4,837S1388,3200,1.1,-11.643856189774723
6,ENG25,2,2,G5,837S1388,3200,15.784313725490192,-11.643856189774723
6,ENG25,3,2,G6,837S1388,3200,5.784313725490193,-11.643856189774723
6,ENG25,1,2,G7,837S1395,3200,5.980392156862749,-11.643856189774723
6,ENG25,2,2,G8,837S1395,3200,-3.5294117647058982,-11.643856189774723
6,ENG25,3,2,G9,837S1395,3200,-3.4313725490196134,-11.643856189774723
6,ENG25,1,2,G10,837S1409,3200,-4.607843137254903,-11.643856189774723
6,ENG25,2,2,G11,837S1409,3200,-7.941176470588232,-11.643856189774723
6,ENG25,3,2,G12,837S1409,3200,-4.0196078431372655,-11.643856189774723
6,ENG25,1,3,A1,837S1411,50,96.6,-5.643856189774724
6,ENG25,2,3,A2,837S1411,50,97.1,-5.643856189774724
6,ENG25,3,3,A3,837S1411,50,97.2,-5.643856189774724
6,ENG25,1,3,A4,837S1418,50,50.5,-5.643856189774724
6,ENG25,2,3,A5,837S1418,50,52.81818181818182,-5.643856189774724
6,ENG25,3,3,A6,837S1418,50,49.909090909090914,-5.643856189774724
6,ENG25,1,3,A7,837S1423,50,54.72727272727273,-5.643856189774724
6,ENG25,2,3,A8,837S1423,50,52.36363636363636,-5.643856189774724
6,ENG25,3,3,A9,837S1423,50,53.18181818181818,-5.643856189774724
6,ENG25,1,3,A10,837S1425,50,83.54545454545455,-5.643856189774724
6,ENG25,2,3,A11,837S1425,50,82.72727272727272,-5.643856189774724
6,ENG25,3,3,A12,837S1425,50,84.72727272727272,-5.643856189774724
6,ENG25,1,3,B1,837S1411,100,92,-6.643856189774724
6,ENG25,2,3,B2,837S1411,100,88.5,-6.643856189774724
6,ENG25,3,3,B3,837S1411,100,91.9,-6.643856189774724
6,ENG25,1,3,B4,837S1418,100,32.5,-6.643856189774724
6,ENG25,2,3,B5,837S1418,100,27.272727272727263,-6.643856189774724
6,ENG25,3,3,B6,837S1418,100,22.909090909090907,-6.643856189774724
6,ENG25,1,3,B7,837S1423,100,32.63636363636364,-6.643856189774724
6,ENG25,2,3,B8,837S1423,100,34.27272727272728,-6.643856189774724
6,ENG25,3,3,B9,837S1423,100,22.27272727272728,-6.643856189774724
6,ENG25,1,3,B10,837S1425,100,51.45454545454545,-6.643856189774724
6,ENG25,2,3,B11,837S1425,100,43.09090909090909,-6.643856189774724
6,ENG25,3,3,B12,837S1425,100,54.36363636363637,-6.643856189774724
6,ENG25,1,3,C1,837S1411,200,68.1,-7.643856189774724
6,ENG25,2,3,C2,837S1411,200,71.5,-7.643856189774724
6,ENG25,3,3,C3,837S1411,200,75.3,-7.643856189774724
6,ENG25,1,3,C4,837S1418,200,14.1,-7.643856189774724
6,ENG25,2,3,C5,837S1418,200,9.27272727272728,-7.643856189774724
6,ENG25,3,3,C6,837S1418,200,0.5454545454545467,-7.643856189774724
6,ENG25,1,3,C7,837S1423,200,5.9090909090909065,-7.643856189774724
6,ENG25,2,3,C8,837S1423,200,2.2727272727272663,-7.643856189774724
6,ENG25,3,3,C9,837S1423,200,4.545454545454547,-7.643856189774724
6,ENG25,1,3,C10,837S1425,200,13.36363636363636,-7.643856189774724
6,ENG25,2,3,C11,837S1425,200,23.090909090909093,-7.643856189774724
6,ENG25,3,3,C12,837S1425,200,12,-7.643856189774724
6,ENG25,1,3,D1,837S1411,400,37.3,-8.643856189774725
6,ENG25,2,3,D2,837S1411,400,29.6,-8.643856189774725
6,ENG25,3,3,D3,837S1411,400,45.5,-8.643856189774725
6,ENG25,1,3,D4,837S1418,400,-1.8,-8.643856189774725
6,ENG25,2,3,D5,837S1418,400,-3.454545454545439,-8.643856189774725
6,ENG25,3,3,D6,837S1418,400,9.727272727272734,-8.643856189774725
6,ENG25,1,3,D7,837S1423,400,9,-8.643856189774725
6,ENG25,2,3,D8,837S1423,400,-2.9090909090909065,-8.643856189774725
6,ENG25,3,3,D9,837S1423,400,-3.363636363636374,-8.643856189774725
6,ENG25,1,3,D10,837S1425,400,-7.818181818181813,-8.643856189774725
6,ENG25,2,3,D11,837S1425,400,6,-8.643856189774725
6,ENG25,3,3,D12,837S1425,400,0.818181818181813,-8.643856189774725
6,ENG25,1,3,E1,837S1411,800,7.2,-9.643856189774723
6,ENG25,2,3,E2,837S1411,800,5,-9.643856189774723
6,ENG25,3,3,E3,837S1411,800,20,-9.643856189774723
6,ENG25,1,3,E4,837S1418,800,-6.1,-9.643856189774723
6,ENG25,2,3,E5,837S1418,800,5,-9.643856189774723
6,ENG25,3,3,E6,837S1418,800,0.181818181818187,-9.643856189774723
6,ENG25,1,3,E7,837S1423,800,4.63636363636364,-9.643856189774723
6,ENG25,2,3,E8,837S1423,800,-1.0909090909090935,-9.643856189774723
6,ENG25,3,3,E9,837S1423,800,-11.27272727272728,-9.643856189774723
6,ENG25,1,3,E10,837S1425,800,-15.181818181818189,-9.643856189774723
6,ENG25,2,3,E11,837S1425,800,-18.090909090909093,-9.643856189774723
6,ENG25,3,3,E12,837S1425,800,-6.9090909090909065,-9.643856189774723
6,ENG25,1,3,F1,837S1411,1600,1.6,-10.643856189774723
6,ENG25,2,3,F2,837S1411,1600,30.5,-10.643856189774723
6,ENG25,3,3,F3,837S1411,1600,-2.5,-10.643856189774723
6,ENG25,1,3,F4,837S1418,1600,-0.5,-10.643856189774723
6,ENG25,2,3,F5,837S1418,1600,-8.545454545454547,-10.643856189774723
6,ENG25,3,3,F6,837S1418,1600,-8.63636363636364,-10.643856189774723
6,ENG25,1,3,F7,837S1423,1600,-11.181818181818189,-10.643856189774723
6,ENG25,2,3,F8,837S1423,1600,-9.454545454545451,-10.643856189774723
6,ENG25,3,3,F9,837S1423,1600,-5.818181818181813,-10.643856189774723
6,ENG25,1,3,F10,837S1425,1600,-11.09090909090908,-10.643856189774723
6,ENG25,2,3,F11,837S1425,1600,5.63636363636364,-10.643856189774723
6,ENG25,3,3,F12,837S1425,1600,15.454545454545451,-10.643856189774723
6,ENG25,1,3,G1,837S1411,3200,-30.5,-11.643856189774723
6,ENG25,2,3,G2,837S1411,3200,-21,-11.643856189774723
6,ENG25,3,3,G3,837S1411,3200,-38.8,-11.643856189774723
6,ENG25,1,3,G4,837S1418,3200,0,-11.643856189774723
6,ENG25,2,3,G5,837S1418,3200,5.36363636363636,-11.643856189774723
6,ENG25,3,3,G6,837S1418,3200,-20.818181818181827,-11.643856189774723
6,ENG25,1,3,G7,837S1423,3200,-15.36363636363636,-11.643856189774723
6,ENG25,2,3,G8,837S1423,3200,-18.72727272727272,-11.643856189774723
6,ENG25,3,3,G9,837S1423,3200,-25.545454545454533,-11.643856189774723
6,ENG25,1,3,G10,837S1425,3200,-22.181818181818187,-11.643856189774723
6,ENG25,2,3,G11,837S1425,3200,-11.63636363636364,-11.643856189774723
6,ENG25,3,3,G12,837S1425,3200,2.9090909090909065,-11.643856189774723
6,ENG25,1,5,A1,837S1449,50,62.2,-5.643856189774724
6,ENG25,2,5,A2,837S1449,50,61.3,-5.643856189774724
6,ENG25,3,5,A3,837S1449,50,63.2,-5.643856189774724
6,ENG25,1,5,A4,837S1481,50,99.2,-5.643856189774724
6,ENG25,2,5,A5,837S1481,50,99.27927927927928,-5.643856189774724
6,ENG25,3,5,A6,837S1481,50,98.9189189189189,-5.643856189774724
6,ENG25,1,5,A7,837S1484,50,80.63063063063063,-5.643856189774724
6,ENG25,2,5,A8,837S1484,50,83.24324324324324,-5.643856189774724
6,ENG25,3,5,A9,837S1484,50,83.6036036036036,-5.643856189774724
6,ENG25,1,5,A10,Anti-H3,50,37.47747747747747,-5.643856189774724
6,ENG25,2,5,A11,Anti-H3,50,33.78378378378379,-5.643856189774724
6,ENG25,3,5,A12,Anti-H3,50,46.216216216216225,-5.643856189774724
6,ENG25,1,5,B1,837S1449,100,39,-6.643856189774724
6,ENG25,2,5,B2,837S1449,100,36.7,-6.643856189774724
6,ENG25,3,5,B3,837S1449,100,39.4,-6.643856189774724
6,ENG25,1,5,B4,837S1481,100,94.5,-6.643856189774724
6,ENG25,2,5,B5,837S1481,100,94.50450450450452,-6.643856189774724
6,ENG25,3,5,B6,837S1481,100,95.13513513513512,-6.643856189774724
6,ENG25,1,5,B7,837S1484,100,59.369369369369366,-6.643856189774724
6,ENG25,2,5,B8,837S1484,100,62.52252252252252,-6.643856189774724
6,ENG25,3,5,B9,837S1484,100,58.288288288288285,-6.643856189774724
6,ENG25,1,5,B10,Anti-H3,100,14.14414414414415,-6.643856189774724
6,ENG25,2,5,B11,Anti-H3,100,16.036036036036037,-6.643856189774724
6,ENG25,3,5,B12,Anti-H3,100,18.1981981981982,-6.643856189774724
6,ENG25,1,5,C1,837S1449,200,5.7,-7.643856189774724
6,ENG25,2,5,C2,837S1449,200,26,-7.643856189774724
6,ENG25,3,5,C3,837S1449,200,32.4,-7.643856189774724
6,ENG25,1,5,C4,837S1481,200,76.1,-7.643856189774724
6,ENG25,2,5,C5,837S1481,200,77.92792792792793,-7.643856189774724
6,ENG25,3,5,C6,837S1481,200,75.94594594594594,-7.643856189774724
6,ENG25,1,5,C7,837S1484,200,38.91891891891892,-7.643856189774724
6,ENG25,2,5,C8,837S1484,200,38.1981981981982,-7.643856189774724
6,ENG25,3,5,C9,837S1484,200,38.738738738738746,-7.643856189774724
6,ENG25,1,5,C10,Anti-H3,200,16.036036036036037,-7.643856189774724
6,ENG25,2,5,C11,Anti-H3,200,-7.477477477477464,-7.643856189774724
6,ENG25,3,5,C12,Anti-H3,200,-13.333333333333329,-7.643856189774724
6,ENG25,1,5,D1,837S1449,400,1.7,-8.643856189774725
6,ENG25,2,5,D2,837S1449,400,23.8,-8.643856189774725
6,ENG25,3,5,D3,837S1449,400,30.5,-8.643856189774725
6,ENG25,1,5,D4,837S1481,400,51.7,-8.643856189774725
6,ENG25,2,5,D5,837S1481,400,52.792792792792795,-8.643856189774725
6,ENG25,3,5,D6,837S1481,400,51.26126126126126,-8.643856189774725
6,ENG25,1,5,D7,837S1484,400,26.57657657657657,-8.643856189774725
6,ENG25,2,5,D8,837S1484,400,26.126126126126124,-8.643856189774725
6,ENG25,3,5,D9,837S1484,400,26.75675675675676,-8.643856189774725
6,ENG25,1,5,D10,Anti-H3,400,28.91891891891892,-8.643856189774725
6,ENG25,2,5,D11,Anti-H3,400,1.8018018018018012,-8.643856189774725
6,ENG25,3,5,D12,Anti-H3,400,5.2252252252252305,-8.643856189774725
6,ENG25,1,5,E1,837S1449,800,-3,-9.643856189774723
6,ENG25,2,5,E2,837S1449,800,14.6,-9.643856189774723
6,ENG25,3,5,E3,837S1449,800,30,-9.643856189774723
6,ENG25,1,5,E4,837S1481,800,28.9,-9.643856189774723
6,ENG25,2,5,E5,837S1481,800,26.66666666666667,-9.643856189774723
6,ENG25,3,5,E6,837S1481,800,31.44144144144144,-9.643856189774723
6,ENG25,1,5,E7,837S1484,800,25.855855855855864,-9.643856189774723
6,ENG25,2,5,E8,837S1484,800,27.747747747747752,-9.643856189774723
6,ENG25,3,5,E9,837S1484,800,24.954954954954957,-9.643856189774723
6,ENG25,1,5,E10,Anti-H3,800,25.315315315315317,-9.643856189774723
6,ENG25,2,5,E11,Anti-H3,800,3.243243243243242,-9.643856189774723
6,ENG25,3,5,E12,Anti-H3,800,0.36036036036036023,-9.643856189774723
6,ENG25,1,5,F1,837S1449,1600,1.8,-10.643856189774723
6,ENG25,2,5,F2,837S1449,1600,11.6,-10.643856189774723
6,ENG25,3,5,F3,837S1449,1600,22.5,-10.643856189774723
6,ENG25,1,5,F4,837S1481,1600,21.6,-10.643856189774723
6,ENG25,2,5,F5,837S1481,1600,17.47747747747748,-10.643856189774723
6,ENG25,3,5,F6,837S1481,1600,16.756756756756758,-10.643856189774723
6,ENG25,1,5,F7,837S1484,1600,17.567567567567565,-10.643856189774723
6,ENG25,2,5,F8,837S1484,1600,21.44144144144144,-10.643856189774723
6,ENG25,3,5,F9,837S1484,1600,23.42342342342343,-10.643856189774723
6,ENG25,1,5,F10,Anti-H3,1600,22.16216216216216,-10.643856189774723
6,ENG25,2,5,F11,Anti-H3,1600,11.891891891891888,-10.643856189774723
6,ENG25,3,5,F12,Anti-H3,1600,-3.153153153153142,-10.643856189774723
6,ENG25,1,5,G1,837S1449,3200,-5.8,-11.643856189774723
6,ENG25,2,5,G2,837S1449,3200,-6.3,-11.643856189774723
6,ENG25,3,5,G3,837S1449,3200,11.5,-11.643856189774723
6,ENG25,1,5,G4,837S1481,3200,2.6,-11.643856189774723
6,ENG25,2,5,G5,837S1481,3200,-8.198198198198199,-11.643856189774723
6,ENG25,3,5,G6,837S1481,3200,-4.5945945945945965,-11.643856189774723
6,ENG25,1,5,G7,837S1484,3200,1.5315315315315274,-11.643856189774723
6,ENG25,2,5,G8,837S1484,3200,-5.855855855855864,-11.643856189774723
6,ENG25,3,5,G9,837S1484,3200,-1.9819819819819884,-11.643856189774723
6,ENG25,1,5,G10,Anti-H3,3200,5.2252252252252305,-11.643856189774723
6,ENG25,2,5,G11,Anti-H3,3200,13.963963963963964,-11.643856189774723
6,ENG25,3,5,G12,Anti-H3,3200,2.9729729729729826,-11.643856189774723
7,THA22,1,1,A1,837S1330,50,40.7,-5.643856189774724
7,THA22,2,1,A2,837S1330,50,39,-5.643856189774724
7,THA22,3,1,A3,837S1330,50,41.1,-5.643856189774724
7,THA22,1,1,A4,837S1339,50,98.7,-5.643856189774724
7,THA22,2,1,A5,837S1339,50,99.76023976023976,-5.643856189774724
7,THA22,3,1,A6,837S1339,50,99.4005994005994,-5.643856189774724
7,THA22,1,1,A7,837S1350,50,88.43156843156844,-5.643856189774724
7,THA22,2,1,A8,837S1350,50,86.87312687312686,-5.643856189774724
7,THA22,3,1,A9,837S1350,50,85.73426573426573,-5.643856189774724
7,THA22,1,1,A10,837S1366,50,83.3966033966034,-5.643856189774724
7,THA22,2,1,A11,837S1366,50,85.43456543456543,-5.643856189774724
7,THA22,3,1,A12,837S1366,50,81.83816183816184,-5.643856189774724
7,THA22,1,1,B1,837S1330,100,20,-6.643856189774724
7,THA22,2,1,B2,837S1330,100,35,-6.643856189774724
7,THA22,3,1,B3,837S1330,100,26.9,-6.643856189774724
7,THA22,1,1,B4,837S1339,100,94.4,-6.643856189774724
7,THA22,2,1,B5,837S1339,100,94.3056943056943,-6.643856189774724
7,THA22,3,1,B6,837S1339,100,94.48551448551449,-6.643856189774724
7,THA22,1,1,B7,837S1350,100,79.14085914085913,-6.643856189774724
7,THA22,2,1,B8,837S1350,100,77.4025974025974,-6.643856189774724
7,THA22,3,1,B9,837S1350,100,73.26673326673327,-6.643856189774724
7,THA22,1,1,B10,837S1366,100,72.1878121878122,-6.643856189774724
7,THA22,2,1,B11,837S1366,100,68.71128871128872,-6.643856189774724
7,THA22,3,1,B12,837S1366,100,67.15284715284716,-6.643856189774724
7,THA22,1,1,C1,837S1330,200,12.1,-7.643856189774724
7,THA22,2,1,C2,837S1330,200,23.6,-7.643856189774724
7,THA22,3,1,C3,837S1330,200,6.6,-7.643856189774724
7,THA22,1,1,C4,837S1339,200,79.4,-7.643856189774724
7,THA22,2,1,C5,837S1339,200,75.3046953046953,-7.643856189774724
7,THA22,3,1,C6,837S1339,200,78.06193806193806,-7.643856189774724
7,THA22,1,1,C7,837S1350,200,60.97902097902097,-7.643856189774724
7,THA22,2,1,C8,837S1350,200,56.96303696303696,-7.643856189774724
7,THA22,3,1,C9,837S1350,200,47.55244755244755,-7.643856189774724
7,THA22,1,1,C10,837S1366,200,54.505494505494504,-7.643856189774724
7,THA22,2,1,C11,837S1366,200,54.68531468531469,-7.643856189774724
7,THA22,3,1,C12,837S1366,200,41.018981018981016,-7.643856189774724
7,THA22,1,1,D1,837S1330,400,-3.5,-8.643856189774725
7,THA22,2,1,D2,837S1330,400,2.6,-8.643856189774725
7,THA22,3,1,D3,837S1330,400,4.7,-8.643856189774725
7,THA22,1,1,D4,837S1339,400,47.6,-8.643856189774725
7,THA22,2,1,D5,837S1339,400,43.23676323676323,-8.643856189774725
7,THA22,3,1,D6,837S1339,400,50.849150849150845,-8.643856189774725
7,THA22,1,1,D7,837S1350,400,38.68131868131868,-8.643856189774725
7,THA22,2,1,D8,837S1350,400,37.12287712287712,-8.643856189774725
7,THA22,3,1,D9,837S1350,400,28.671328671328663,-8.643856189774725
7,THA22,1,1,D10,837S1366,400,33.046953046953035,-8.643856189774725
7,THA22,2,1,D11,837S1366,400,26.63336663336663,-8.643856189774725
7,THA22,3,1,D12,837S1366,400,32.507492507492515,-8.643856189774725
7,THA22,1,1,E1,837S1330,800,-3.9,-9.643856189774723
7,THA22,2,1,E2,837S1330,800,-2.9,-9.643856189774723
7,THA22,3,1,E3,837S1330,800,-10.8,-9.643856189774723
7,THA22,1,1,E4,837S1339,800,16.6,-9.643856189774723
7,THA22,2,1,E5,837S1339,800,16.803196803196798,-9.643856189774723
7,THA22,3,1,E6,837S1339,800,25.31468531468532,-9.643856189774723
7,THA22,1,1,E7,837S1350,800,13.986013986013972,-9.643856189774723
7,THA22,2,1,E8,837S1350,800,14.825174825174829,-9.643856189774723
7,THA22,3,1,E9,837S1350,800,10.569430569430564,-9.643856189774723
7,THA22,1,1,E10,837S1366,800,15.484515484515484,-9.643856189774723
7,THA22,2,1,E11,837S1366,800,7.212787212787204,-9.643856189774723
7,THA22,3,1,E12,837S1366,800,5.534465534465525,-9.643856189774723
7,THA22,1,1,F1,837S1330,1600,-5.1,-10.643856189774723
7,THA22,2,1,F2,837S1330,1600,-1.5,-10.643856189774723
7,THA22,3,1,F3,837S1330,1600,-3.3,-10.643856189774723
7,THA22,1,1,F4,837S1339,1600,5.4,-10.643856189774723
7,THA22,2,1,F5,837S1339,1600,9.730269730269724,-10.643856189774723
7,THA22,3,1,F6,837S1339,1600,2.417582417582409,-10.643856189774723
7,THA22,1,1,F7,837S1350,1600,1.878121878121874,-10.643856189774723
7,THA22,2,1,F8,837S1350,1600,4.635364635364638,-10.643856189774723
7,THA22,3,1,F9,837S1350,1600,-5.194805194805198,-10.643856189774723
7,THA22,1,1,F10,837S1366,1600,-1.178821178821181,-10.643856189774723
7,THA22,2,1,F11,837S1366,1600,-1.538461538461533,-10.643856189774723
7,THA22,3,1,F12,837S1366,1600,-2.617382617382617,-10.643856189774723
7,THA22,1,1,G1,837S1330,3200,-8.3,-11.643856189774723
7,THA22,2,1,G2,837S1330,3200,3,-11.643856189774723
7,THA22,3,1,G3,837S1330,3200,-3.6,-11.643856189774723
7,THA22,1,1,G4,837S1339,3200,-2.1,-11.643856189774723
7,THA22,2,1,G5,837S1339,3200,0.07992007992007188,-11.643856189774723
7,THA22,3,1,G6,837S1339,3200,-2.377622377622373,-11.643856189774723
7,THA22,1,1,G7,837S1350,3200,2.837162837162836,-11.643856189774723
7,THA22,2,1,G8,837S1350,3200,3.016983016983005,-11.643856189774723
7,THA22,3,1,G9,837S1350,3200,-14.845154845154852,-11.643856189774723
7,THA22,1,1,G10,837S1366,3200,3.31668331668331,-11.643856189774723
7,THA22,2,1,G11,837S1366,3200,-9.51048951048952,-11.643856189774723
7,THA22,3,1,G12,837S1366,3200,-2.617382617382617,-11.643856189774723
7,THA22,1,2,A1,837S1431,50,71.5,-5.643856189774724
7,THA22,2,2,A2,837S1431,50,69.6,-5.643856189774724
7,THA22,3,2,A3,837S1431,50,71,-5.643856189774724
7,THA22,1,2,A4,837S1432,50,57.8,-5.643856189774724
7,THA22,2,2,A5,837S1432,50,63.43390804597701,-5.643856189774724
7,THA22,3,2,A6,837S1432,50,59.62643678160919,-5.643856189774724
7,THA22,1,2,A7,837S1433,50,99.64080459770116,-5.643856189774724
7,THA22,2,2,A8,837S1433,50,99.92816091954022,-5.643856189774724
7,THA22,3,2,A9,837S1433,50,100,-5.643856189774724
7,THA22,1,2,A10,837S1441,50,-1.6522988505747236,-5.643856189774724
7,THA22,2,2,A11,837S1441,50,-12.140804597701148,-5.643856189774724
7,THA22,3,2,A12,837S1441,50,4.525862068965509,-5.643856189774724
7,THA22,1,2,B1,837S1431,100,51.9,-6.643856189774724
7,THA22,2,2,B2,837S1431,100,52.3,-6.643856189774724
7,THA22,3,2,B3,837S1431,100,53.3,-6.643856189774724
7,THA22,1,2,B4,837S1432,100,31.5,-6.643856189774724
7,THA22,2,2,B5,837S1432,100,36.63793103448276,-6.643856189774724
7,THA22,3,2,B6,837S1432,100,41.810344827586206,-6.643856189774724
7,THA22,1,2,B7,837S1433,100,99.28160919540232,-6.643856189774724
7,THA22,2,2,B8,837S1433,100,99.856321839080465,-6.643856189774724
7,THA22,3,2,B9,837S1433,100,100,-6.643856189774724
7,THA22,1,2,B10,837S1441,100,-9.91379310344827,-6.643856189774724
7,THA22,2,2,B11,837S1441,100,-10.560344827586206,-6.643856189774724
7,THA22,3,2,B12,837S1441,100,-7.040229885057485,-6.643856189774724
7,THA22,1,2,C1,837S1431,200,28.1,-7.643856189774724
7,THA22,2,2,C2,837S1431,200,16.4,-7.643856189774724
7,THA22,3,2,C3,837S1431,200,20.5,-7.643856189774724
7,THA22,1,2,C4,837S1432,200,16.1,-7.643856189774724
7,THA22,2,2,C5,837S1432,200,10.48850574712644,-7.643856189774724
7,THA22,3,2,C6,837S1432,200,11.350574712643676,-7.643856189774724
7,THA22,1,2,C7,837S1433,200,99.56896551724138,-7.643856189774724
7,THA22,2,2,C8,837S1433,200,99.92816091954022,-7.643856189774724
7,THA22,3,2,C9,837S1433,200,99.92816091954022,-7.643856189774724
7,THA22,1,2,C10,837S1441,200,-19.97126436781609,-7.643856189774724
7,THA22,2,2,C11,837S1441,200,-24.42528735632183,-7.643856189774724
7,THA22,3,2,C12,837S1441,200,-18.031609195402297,-7.643856189774724
7,THA22,1,2,D1,837S1431,400,5.6,-8.643856189774725
7,THA22,2,2,D2,837S1431,400,3.9,-8.643856189774725
7,THA22,3,2,D3,837S1431,400,4.2,-8.643856189774725
7,THA22,1,2,D4,837S1432,400,6.3,-8.643856189774725
7,THA22,2,2,D5,837S1432,400,15.08620689655173,-8.643856189774725
7,THA22,3,2,D6,837S1432,400,8.764367816091962,-8.643856189774725
7,THA22,1,2,D7,837S1433,400,98.27586206896552,-8.643856189774725
7,THA22,2,2,D8,837S1433,400,98.49137931034484,-8.643856189774725
7,THA22,3,2,D9,837S1433,400,99.35344827586206,-8.643856189774725
7,THA22,1,2,D10,837S1441,400,-3.879310344827587,-8.643856189774725
7,THA22,2,2,D11,837S1441,400,-22.270114942528735,-8.643856189774725
7,THA22,3,2,D12,837S1441,400,-27.94540229885058,-8.643856189774725
7,THA22,1,2,E1,837S1431,800,-4.4,-9.643856189774723
7,THA22,2,2,E2,837S1431,800,-2.4,-9.643856189774723
7,THA22,3,2,E3,837S1431,800,-2.9,-9.643856189774723
7,THA22,1,2,E4,837S1432,800,-0.1,-9.643856189774723
7,THA22,2,2,E5,837S1432,800,1.9396551724137936,-9.643856189774723
7,THA22,3,2,E6,837S1432,800,16.59482758620689,-9.643856189774723
7,THA22,1,2,E7,837S1433,800,92.45689655172414,-9.643856189774723
7,THA22,2,2,E8,837S1433,800,91.23563218390804,-9.643856189774723
7,THA22,3,2,E9,837S1433,800,91.95402298850574,-9.643856189774723
7,THA22,1,2,E10,837S1441,800,-14.511494252873575,-9.643856189774723
7,THA22,2,2,E11,837S1441,800,-22.701149425287355,-9.643856189774723
7,THA22,3,2,E12,837S1441,800,-15.301724137931032,-9.643856189774723
7,THA22,1,2,F1,837S1431,1600,-12.6,-10.643856189774723
7,THA22,2,2,F2,837S1431,1600,-13.1,-10.643856189774723
7,THA22,3,2,F3,837S1431,1600,-15.3,-10.643856189774723
7,THA22,1,2,F4,837S1432,1600,-7.3,-10.643856189774723
7,THA22,2,2,F5,837S1432,1600,4.238505747126439,-10.643856189774723
7,THA22,3,2,F6,837S1432,1600,-8.908045977011497,-10.643856189774723
7,THA22,1,2,F7,837S1433,1600,72.48563218390805,-10.643856189774723
7,THA22,2,2,F8,837S1433,1600,72.41379310344828,-10.643856189774723
7,THA22,3,2,F9,837S1433,1600,60.84770114942529,-10.643856189774723
7,THA22,1,2,F10,837S1441,1600,-25.35919540229885,-10.643856189774723
7,THA22,2,2,F11,837S1441,1600,-17.88793103448276,-10.643856189774723
7,THA22,3,2,F12,837S1441,1600,-44.18103448275863,-10.643856189774723
7,THA22,1,2,G1,837S1431,3200,-26.1,-11.643856189774723
7,THA22,2,2,G2,837S1431,3200,-6.8,-11.643856189774723
7,THA22,3,2,G3,837S1431,3200,-8.8,-11.643856189774723
7,THA22,1,2,G4,837S1432,3200,-9.7,-11.643856189774723
7,THA22,2,2,G5,837S1432,3200,-3.089080459770116,-11.643856189774723
7,THA22,3,2,G6,837S1432,3200,-14.870689655172413,-11.643856189774723
7,THA22,1,2,G7,837S1433,3200,46.83908045977011,-11.643856189774723
7,THA22,2,2,G8,837S1433,3200,41.95402298850575,-11.643856189774723
7,THA22,3,2,G9,837S1433,3200,41.666666666666664,-11.643856189774723
7,THA22,1,2,G10,837S1441,3200,-11.925287356321832,-11.643856189774723
7,THA22,2,2,G11,837S1441,3200,-24.64080459770115,-11.643856189774723
7,THA22,3,2,G12,837S1441,3200,-27.729885057471265,-11.643856189774723
7,ENG24,1,1,A1,837S1330,50,8.902622348421588,-5.643856189774724
7,ENG24,2,1,A2,837S1330,50,-5.578753966928346,-5.643856189774724
7,ENG24,3,1,A3,837S1330,50,-4.5765825956238615,-5.643856189774724
7,ENG24,1,1,A4,837S1339,50,97.99565725739104,-5.643856189774724
7,ENG24,2,1,A5,837S1339,50,97.34424586604312,-5.643856189774724
7,ENG24,3,1,A6,837S1339,50,97.9455486888258,-5.643856189774724
7,ENG24,1,1,A7,837S1350,50,26.03975279772841,-5.643856189774724
7,ENG24,2,1,A8,837S1350,50,25.93953566059797,-5.643856189774724
7,ENG24,3,1,A9,837S1350,50,14.614999164857196,-5.643856189774724
7,ENG24,1,1,A10,837S1366,50,17.421079004509778,-5.643856189774724
7,ENG24,2,1,A11,837S1366,50,10.906965091030573,-5.643856189774724
7,ENG24,3,1,A12,837S1366,50,12.310005010856855,-5.643856189774724
7,ENG24,1,1,B1,837S1330,100,-2.9731084015366633,-6.643856189774724
7,ENG24,2,1,B2,837S1330,100,11.90913646233507,-6.643856189774724
7,ENG24,3,1,B3,837S1330,100,2.5889427092032804,-6.643856189774724
7,ENG24,1,1,B4,837S1339,100,85.86938366460664,-6.643856189774724
7,ENG24,2,1,B5,837S1339,100,87.22231501586771,-6.643856189774724
7,ENG24,3,1,B6,837S1339,100,89.0262234842158,-6.643856189774724
7,ENG24,1,1,B7,837S1350,100,13.612827793552697,-6.643856189774724
7,ENG24,2,1,B8,837S1350,100,12.710873559378657,-6.643856189774724
7,ENG24,3,1,B9,837S1350,100,20.126941707031904,-6.643856189774724
7,ENG24,1,1,B10,837S1366,100,9.704359445465188,-6.643856189774724
7,ENG24,2,1,B11,837S1366,100,2.0377484549858167,-6.643856189774724
7,ENG24,3,1,B12,837S1366,100,-2.2214798730583,-6.643856189774724
7,ENG24,1,1,C1,837S1330,200,7.850342408551867,-7.643856189774724
7,ENG24,2,1,C2,837S1330,200,17.2707532988141,-7.643856189774724
7,ENG24,3,1,C3,837S1330,200,-4.5765825956238615,-7.643856189774724
7,ENG24,1,1,C4,837S1339,200,58.86086520795056,-7.643856189774724
7,ENG24,2,1,C5,837S1339,200,60.1636879906464,-7.643856189774724
7,ENG24,3,1,C6,837S1339,200,61.666945047603136,-7.643856189774724
7,ENG24,1,1,C7,837S1350,200,6.246868214464669,-7.643856189774724
7,ENG24,2,1,C8,837S1350,200,-4.5765825956238615,-7.643856189774724
7,ENG24,3,1,C9,837S1350,200,-14.297644897277422,-7.643856189774724
7,ENG24,1,1,C10,837S1366,200,-3.2236512443627845,-7.643856189774724
7,ENG24,2,1,C11,837S1366,200,0.48438282946385414,-7.643856189774724
7,ENG24,3,1,C12,837S1366,200,-11.040587940537833,-7.643856189774724
7,ENG24,1,1,D1,837S1330,400,4.994154000334063,-8.643856189774725
7,ENG24,2,1,D2,837S1330,400,1.4865542007683246,-8.643856189774725
7,ENG24,3,1,D3,837S1330,400,5.5954568231167485,-8.643856189774725
7,ENG24,1,1,D4,837S1339,400,24.38617003507601,-8.643856189774725
7,ENG24,2,1,D5,837S1339,400,28.094204108902616,-8.643856189774725
7,ENG24,3,1,D6,837S1339,400,35.81092366794722,-8.643856189774725
7,ENG24,1,1,D7,837S1350,400,-3.42408551862367,-8.643856189774725
7,ENG24,2,1,D8,837S1350,400,2.188074160681481,-8.643856189774725
7,ENG24,3,1,D9,837S1350,400,-19.80958743945213,-8.643856189774725
7,ENG24,1,1,D10,837S1366,400,-10.790045097711712,-8.643856189774725
7,ENG24,2,1,D11,837S1366,400,-2.1713713044930785,-8.643856189774725
7,ENG24,3,1,D12,837S1366,400,-2.77267412727575,-8.643856189774725
7,ENG24,1,1,E1,837S1330,800,-0.6180056789711017,-9.643856189774723
7,ENG24,2,1,E2,837S1330,800,1.1357942208117606,-9.643856189774723
7,ENG24,3,1,E3,837S1330,800,2.8394855520294016,-9.643856189774723
7,ENG24,1,1,E4,837S1339,800,0.18373141807249735,-9.643856189774723
7,ENG24,2,1,E5,837S1339,800,4.493068314681807,-9.643856189774723
7,ENG24,3,1,E6,837S1339,800,13.061633539335231,-9.643856189774723
7,ENG24,1,1,E7,837S1350,800,-3.073325538667106,-9.643856189774723
7,ENG24,2,1,E8,837S1350,800,-0.36746283614496633,-9.643856189774723
7,ENG24,3,1,E9,837S1350,800,4.4429597461166,-9.643856189774723
7,ENG24,1,1,E10,837S1366,800,3.1902455319859655,-9.643856189774723
7,ENG24,2,1,E11,837S1366,800,-3.975279772841162,-9.643856189774723
7,ENG24,3,1,E12,837S1366,800,-9.186570903624514,-9.643856189774723
7,ENG24,1,1,F1,837S1330,1600,2.689159846333723,-10.643856189774723
7,ENG24,2,1,F2,837S1330,1600,0.6848171037247397,-10.643856189774723
7,ENG24,3,1,F3,837S1330,1600,-2.922999832971442,-10.643856189774723
7,ENG24,1,1,F4,837S1339,1600,-7.432771003841651,-10.643856189774723
7,ENG24,2,1,F5,837S1339,1600,3.140136963420744,-10.643856189774723
7,ENG24,3,1,F6,837S1339,1600,-7.18222816101553,-10.643856189774723
7,ENG24,1,1,F7,837S1350,1600,-8.234508100885236,-10.643856189774723
7,ENG24,2,1,F8,837S1350,1600,-1.7705027559712647,-10.643856189774723
7,ENG24,3,1,F9,837S1350,1600,-3.0232169701018847,-10.643856189774723
7,ENG24,1,1,F10,837S1366,1600,1.4865542007683246,-10.643856189774723
7,ENG24,2,1,F11,837S1366,1600,-9.186570903624514,-10.643856189774723
7,ENG24,3,1,F12,837S1366,1600,-19.25839318523468,-10.643856189774723
7,ENG24,1,1,G1,837S1330,3200,2.8394855520294016,-11.643856189774723
7,ENG24,2,1,G2,837S1330,3200,2.689159846333723,-11.643856189774723
7,ENG24,3,1,G3,837S1330,3200,1.8874227492901383,-11.643856189774723
7,ENG24,1,1,G4,837S1339,3200,-1.219308501753801,-11.643856189774723
7,ENG24,2,1,G5,837S1339,3200,6.647736762986483,-11.643856189774723
7,ENG24,3,1,G6,837S1339,3200,-1.6201770502756003,-11.643856189774723
7,ENG24,1,1,G7,837S1350,3200,-1.1190913646233298,-11.643856189774723
7,ENG24,2,1,G8,837S1350,3200,14.164022047770176,-11.643856189774723
7,ENG24,3,1,G9,837S1350,3200,-10.790045097711712,-11.643856189774723
7,ENG24,1,1,G10,837S1366,3200,7.3993652914648465,-11.643856189774723
7,ENG24,2,1,G11,837S1366,3200,-5.8794053783196745,-11.643856189774723
7,ENG24,3,1,G12,837S1366,3200,-7.532988140972094,-11.643856189774723
7,ENG24,1,2,A1,837S1431,50,6.528765352294769,-5.643856189774724
7,ENG24,2,2,A2,837S1431,50,-7.886231415643181,-5.643856189774724
7,ENG24,3,2,A3,837S1431,50,-3.684550743374288,-5.643856189774724
7,ENG24,1,2,A4,837S1432,50,-15.837104072398205,-5.643856189774724
7,ENG24,2,2,A5,837S1432,50,-16.80672268907564,-5.643856189774724
7,ENG24,3,2,A6,837S1432,50,-6.528765352294769,-5.643856189774724
7,ENG24,1,2,A7,837S1433,50,99.80607627666453,-5.643856189774724
7,ENG24,2,2,A8,837S1433,50,99.87071751777634,-5.643856189774724
7,ENG24,3,2,A9,837S1433,50,100,-5.643856189774724
7,ENG24,1,2,A10,837S1441,3200,-13.38073691014867,-5.643856189774724
7,ENG24,2,2,A11,837S1441,3200,-12.346477052359404,-5.643856189774724
7,ENG24,3,2,A12,837S1441,3200,-4.524886877828067,-5.643856189774724
7,ENG24,1,2,B1,837S1431,100,-8.338720103425985,-6.643856189774724
7,ENG24,2,2,B2,837S1431,100,-8.274078862314155,-6.643856189774724
7,ENG24,3,2,B3,837S1431,100,-2.5856496444731647,-6.643856189774724
7,ENG24,1,2,B4,837S1432,100,-6.46412411118294,-6.643856189774724
7,ENG24,2,2,B5,837S1432,100,0.7110536522301203,-6.643856189774724
7,ENG24,3,2,B6,837S1432,100,-0.25856496444731647,-6.643856189774724
7,ENG24,1,2,B7,837S1433,100,99.48287007110537,-6.643856189774724
7,ENG24,2,2,B8,837S1433,100,99.93535875888816,-6.643856189774724
7,ENG24,3,2,B9,837S1433,100,100,-6.643856189774724
7,ENG24,1,2,B10,837S1441,1600,-9.76082740788624,-6.643856189774724
7,ENG24,2,2,B11,837S1441,1600,-8.791208791208788,-6.643856189774724
7,ENG24,3,2,B12,837S1441,1600,-2.003878474466702,-6.643856189774724
7,ENG24,1,2,C1,837S1431,200,-1.034259857789266,-7.643856189774724
7,ENG24,2,2,C2,837S1431,200,-10.148674854557214,-7.643856189774724
7,ENG24,3,2,C3,837S1431,200,-12.023270846800258,-7.643856189774724
7,ENG24,1,2,C4,837S1432,200,-0.3878474466709747,-7.643856189774724
7,ENG24,2,2,C5,837S1432,200,-2.5210084033613356,-7.643856189774724
7,ENG24,3,2,C6,837S1432,200,-5.623787976729162,-7.643856189774724
7,ENG24,1,2,C7,837S1433,200,99.48287007110537,-7.643856189774724
7,ENG24,2,2,C8,837S1433,200,99.22430510665804,-7.643856189774724
7,ENG24,3,2,C9,837S1433,200,99.93535875888816,-7.643856189774724
7,ENG24,1,2,C10,837S1441,800,7.433742727860378,-7.643856189774724
7,ENG24,2,2,C11,837S1441,800,-0.5171299288946329,-7.643856189774724
7,ENG24,3,2,C12,837S1441,800,-16.87136393018747,-7.643856189774724
7,ENG24,1,2,D1,837S1431,400,10.019392372333542,-8.643856189774725
7,ENG24,2,2,D2,837S1431,400,7.304460245636719,-8.643856189774725
7,ENG24,3,2,D3,837S1431,400,-6.334841628959282,-8.643856189774725
7,ENG24,1,2,D4,837S1432,400,14.156431803490634,-8.643856189774725
7,ENG24,2,2,D5,837S1432,400,22.0426632191338,-8.643856189774725
7,ENG24,3,2,D6,837S1432,400,24.305106658047833,-8.643856189774725
7,ENG24,1,2,D7,837S1433,400,97.1557853910795,-8.643856189774725
7,ENG24,2,2,D8,837S1433,400,97.349709114415,-8.643856189774725
7,ENG24,3,2,D9,837S1433,400,97.02650290885585,-8.643856189774725
7,ENG24,1,2,D10,837S1441,400,-2.3917259211376773,-8.643856189774725
7,ENG24,2,2,D11,837S1441,400,-9.825468648998068,-8.643856189774725
7,ENG24,3,2,D12,837S1441,400,-13.186813186813184,-8.643856189774725
7,ENG24,1,2,E1,837S1431,800,6.528765352294769,-9.643856189774723
7,ENG24,2,2,E2,837S1431,800,6.140917905623795,-9.643856189774723
7,ENG24,3,2,E3,837S1431,800,7.369101486748547,-9.643856189774723
7,ENG24,1,2,E4,837S1432,800,12.475759534583062,-9.643856189774723
7,ENG24,2,2,E5,837S1432,800,20.297349709114417,-9.643856189774723
7,ENG24,3,2,E6,837S1432,800,6.334841628959282,-9.643856189774723
7,ENG24,1,2,E7,837S1433,800,89.78668390433097,-9.643856189774723
7,ENG24,2,2,E8,837S1433,800,86.94246929541048,-9.643856189774723
7,ENG24,3,2,E9,837S1433,800,85.64964447317388,-9.643856189774723
7,ENG24,1,2,E10,837S1441,200,19.715578539107952,-9.643856189774723
7,ENG24,2,2,E11,837S1441,200,1.3574660633484117,-9.643856189774723
7,ENG24,3,2,E12,837S1441,200,-16.16031027795735,-9.643856189774723
7,ENG24,1,2,F1,837S1431,1600,4.201680672268907,-10.643856189774723
7,ENG24,2,2,F2,837S1431,1600,-2.650290885584994,-10.643856189774723
7,ENG24,3,2,F3,837S1431,1600,-2.714932126696823,-10.643856189774723
7,ENG24,1,2,F4,837S1432,1600,3.0381383322559827,-10.643856189774723
7,ENG24,2,2,F5,837S1432,1600,1.163542340012924,-10.643856189774723
7,ENG24,3,2,F6,837S1432,1600,1.4867485455720697,-10.643856189774723
7,ENG24,1,2,F7,837S1433,1600,67.1622495151907,-10.643856189774723
7,ENG24,2,2,F8,837S1433,1600,62.96056884292178,-10.643856189774723
7,ENG24,3,2,F9,837S1433,1600,65.74014221073045,-10.643856189774723
7,ENG24,1,2,F10,837S1441,100,12.863606981254035,-10.643856189774723
7,ENG24,2,2,F11,837S1441,100,10.665804783451833,-10.643856189774723
7,ENG24,3,2,F12,837S1441,100,8.468002585649643,-10.643856189774723
7,ENG24,1,2,G1,837S1431,3200,1.163542340012924,-11.643856189774723
7,ENG24,2,2,G2,837S1431,3200,-12.798965740142208,-11.643856189774723
7,ENG24,3,2,G3,837S1431,3200,-2.9088558500323103,-11.643856189774723
7,ENG24,1,2,G4,837S1432,3200,-5.688429217840991,-11.643856189774723
7,ENG24,2,2,G5,837S1432,3200,4.9773755656108705,-11.643856189774723
7,ENG24,3,2,G6,837S1432,3200,0.25856496444731647,-11.643856189774723
7,ENG24,1,2,G7,837S1433,3200,43.8267614738203,-11.643856189774723
7,ENG24,2,2,G8,837S1433,3200,31.73884938590821,-11.643856189774723
7,ENG24,3,2,G9,837S1433,3200,27.601809954751133,-11.643856189774723
7,ENG24,1,2,G10,837S1441,50,1.8745959922430584,-11.643856189774723
7,ENG24,2,2,G11,837S1441,50,5.300581771170016,-11.643856189774723
7,ENG24,3,2,G12,837S1441,50,3.9431157078215904,-11.643856189774723
7,ENG25,1,1,A1,837S1330,50,43.1810766721044,-5.643856189774724
7,ENG25,2,1,A2,837S1330,50,36.8678629690049,-5.643856189774724
7,ENG25,3,1,A3,837S1330,50,32.46329526916803,-5.643856189774724
7,ENG25,1,1,A4,837S1339,50,70.44045676998368,-5.643856189774724
7,ENG25,2,1,A5,837S1339,50,40.783034257748774,-5.643856189774724
7,ENG25,3,1,A6,837S1339,50,35.20391517128874,-5.643856189774724
7,ENG25,1,1,A7,837S1350,50,77.04730831973899,-5.643856189774724
7,ENG25,2,1,A8,837S1350,50,73.5236541598695,-5.643856189774724
7,ENG25,3,1,A9,837S1350,50,68.53181076672104,-5.643856189774724
7,ENG25,1,1,A10,837S1366,50,65.20391517128874,-5.643856189774724
7,ENG25,2,1,A11,837S1366,50,65.05709624796086,-5.643856189774724
7,ENG25,3,1,A12,837S1366,50,67.50407830342577,-5.643856189774724
7,ENG25,1,1,B1,837S1330,100,6.6721044045676905,-6.643856189774724
7,ENG25,2,1,B2,837S1330,100,2.5122349102773285,-6.643856189774724
7,ENG25,3,1,B3,837S1330,100,11.272430668841764,-6.643856189774724
7,ENG25,1,1,B4,837S1339,100,12.30016313213703,-6.643856189774724
7,ENG25,2,1,B5,837S1339,100,9.8042414355628,-6.643856189774724
7,ENG25,3,1,B6,837S1339,100,8.678629690048936,-6.643856189774724
7,ENG25,1,1,B7,837S1350,100,59.62479608482871,-6.643856189774724
7,ENG25,2,1,B8,837S1350,100,47.43882544861338,-6.643856189774724
7,ENG25,3,1,B9,837S1350,100,48.075040783034254,-6.643856189774724
7,ENG25,1,1,B10,837S1366,100,39.16802610114192,-6.643856189774724
7,ENG25,2,1,B11,837S1366,100,51.549755301794455,-6.643856189774724
7,ENG25,3,1,B12,837S1366,100,44.35562805872757,-6.643856189774724
7,ENG25,1,1,C1,837S1330,200,0.16313213703099905,-7.643856189774724
7,ENG25,2,1,C2,837S1330,200,-10.946166394779766,-7.643856189774724
7,ENG25,3,1,C3,837S1330,200,-7.079934747145188,-7.643856189774724
7,ENG25,1,1,C4,837S1339,200,-9.380097879282218,-7.643856189774724
7,ENG25,2,1,C5,837S1339,200,-12.463295269168029,-7.643856189774724
7,ENG25,3,1,C6,837S1339,200,-9.135399673735732,-7.643856189774724
7,ENG25,1,1,C7,837S1350,200,40.636215334420875,-7.643856189774724
7,ENG25,2,1,C8,837S1350,200,23.213703099510596,-7.643856189774724
7,ENG25,3,1,C9,837S1350,200,17.977161500815654,-7.643856189774724
7,ENG25,1,1,C10,837S1366,200,20.864600326264267,-7.643856189774724
7,ENG25,2,1,C11,837S1366,200,28.792822185970635,-7.643856189774724
7,ENG25,3,1,C12,837S1366,200,13.572593800978794,-7.643856189774724
7,ENG25,1,1,D1,837S1330,400,-7.71615008156607,-8.643856189774725
7,ENG25,2,1,D2,837S1330,400,-9.9184339314845,-8.643856189774725
7,ENG25,3,1,D3,837S1330,400,-10.946166394779766,-8.643856189774725
7,ENG25,1,1,D4,837S1339,400,-9.037520391517134,-8.643856189774725
7,ENG25,2,1,D5,837S1339,400,0.16313213703099905,-8.643856189774725
7,ENG25,3,1,D6,837S1339,400,8.923327895595435,-8.643856189774725
7,ENG25,1,1,D7,837S1350,400,26.003262642740623,-8.643856189774725
7,ENG25,2,1,D8,837S1350,400,17.243066884176187,-8.643856189774725
7,ENG25,3,1,D9,837S1350,400,-0.473083197389883,-8.643856189774725
7,ENG25,1,1,D10,837S1366,400,3.2952691680260955,-8.643856189774725
7,ENG25,2,1,D11,837S1366,400,-1.5986949429037622,-8.643856189774725
7,ENG25,3,1,D12,837S1366,400,2.1207177814029308,-8.643856189774725
7,ENG25,1,1,E1,837S1330,800,-8.058727569331168,-9.643856189774723
7,ENG25,2,1,E2,837S1330,800,-6.688417618270819,-9.643856189774723
7,ENG25,3,1,E3,837S1330,800,-21.90864600326266,-9.643856189774723
7,ENG25,1,1,E4,837S1339,800,-7.3735725938009855,-9.643856189774723
7,ENG25,2,1,E5,837S1339,800,0.5057096247960828,-9.643856189774723
7,ENG25,3,1,E6,837S1339,800,-19.16802610114192,-9.643856189774723
7,ENG25,1,1,E7,837S1350,800,17.53670473083197,-9.643856189774723
7,ENG25,2,1,E8,837S1350,800,12.25122349102773,-9.643856189774723
7,ENG25,3,1,E9,837S1350,800,-8.8907014681892491,-9.643856189774723
7,ENG25,1,1,E10,837S1366,800,-2.6753670473083275,-9.643856189774723
7,ENG25,2,1,E11,837S1366,800,9.706362153344202,-9.643856189774723
7,ENG25,3,1,E12,837S1366,800,-26.215334420880907,-9.643856189774723
7,ENG25,1,1,F1,837S1330,1600,-4.584013050570974,-10.643856189774723
7,ENG25,2,1,F2,837S1330,1600,-8.254486133768353,-10.643856189774723
7,ENG25,3,1,F3,837S1330,1600,-10.163132137031,-10.643856189774723
7,ENG25,1,1,F4,837S1339,1600,-2.5285481239804284,-10.643856189774723
7,ENG25,2,1,F5,837S1339,1600,-17.89559543230017,-10.643856189774723
7,ENG25,3,1,F6,837S1339,1600,-3.800978792822193,-10.643856189774723
7,ENG25,1,1,F7,837S1350,1600,-3.4584013050570945,-10.643856189774723
7,ENG25,2,1,F8,837S1350,1600,-17.01468189233279,-10.643856189774723
7,ENG25,3,1,F9,837S1350,1600,-21.02773246329528,-10.643856189774723
7,ENG25,1,1,F10,837S1366,1600,-6.1011419249592365,-10.643856189774723
7,ENG25,2,1,F11,837S1366,1600,6.2316476345840215,-10.643856189774723
7,ENG25,3,1,F12,837S1366,1600,-3.6541598694942934,-10.643856189774723
7,ENG25,1,1,G1,837S1330,3200,1.4845024469820487,-11.643856189774723
7,ENG25,2,1,G2,837S1330,3200,-13.931484502446992,-11.643856189774723
7,ENG25,3,1,G3,837S1330,3200,-10.261011419249598,-11.643856189774723
7,ENG25,1,1,G4,837S1339,3200,-12.659053833605212,-11.643856189774723
7,ENG25,2,1,G5,837S1339,3200,-4.48613376835236,-11.643856189774723
7,ENG25,3,1,G6,837S1339,3200,-11.876019575856446,-11.643856189774723
7,ENG25,1,1,G7,837S1350,3200,3.9314845024469776,-11.643856189774723
7,ENG25,2,1,G8,837S1350,3200,-10.261011419249598,-11.643856189774723
7,ENG25,3,1,G9,837S1350,3200,-18.923327895595435,-11.643856189774723
7,ENG25,1,1,G10,837S1366,3200,0.5057096247960828,-11.643856189774723
7,ENG25,2,1,G11,837S1366,3200,4.56769983686786,-11.643856189774723
7,ENG25,3,1,G12,837S1366,3200,12.495921696574214,-11.643856189774723
7,ENG25,1,2,A1,837S1431,50,51.94542698332491,-5.643856189774724
7,ENG25,2,2,A2,837S1431,50,45.932289034866095,-5.643856189774724
7,ENG25,3,2,A3,837S1431,50,50.68216270843861,-5.643856189774724
7,ENG25,1,2,A4,837S1432,50,28.04446690247599,-5.643856189774724
7,ENG25,2,2,A5,837S1432,50,30.3688731682668,-5.643856189774724
7,ENG25,3,2,A6,837S1432,50,31.278423446184945,-5.643856189774724
7,ENG25,1,2,A7,837S1433,50,92.77412834765032,-5.643856189774724
7,ENG25,2,2,A8,837S1433,50,91.1066195048004,-5.643856189774724
7,ENG25,3,2,A9,837S1433,50,91.2076806467913,-5.643856189774724
7,ENG25,1,2,A10,837S1441,50,32.64274886306215,-5.643856189774724
7,ENG25,2,2,A11,837S1441,50,35.11874684183931,-5.643856189774724
7,ENG25,3,2,A12,837S1441,50,41.788782213239,-5.643856189774724
7,ENG25,1,2,B1,837S1431,100,23.698837796867096,-6.643856189774724
7,ENG25,2,2,B2,837S1431,100,17.230924709449212,-6.643856189774724
7,ENG25,3,2,B3,837S1431,100,29.35826174835776,-6.643856189774724
7,ENG25,1,2,B4,837S1432,100,14.653865588681144,-6.643856189774724
7,ENG25,2,2,B5,837S1432,100,17.837291561394636,-6.643856189774724
7,ENG25,3,2,B6,837S1432,100,9.752400202122274,-6.643856189774724
7,ENG25,1,2,B7,837S1433,100,83.02172814552804,-6.643856189774724
7,ENG25,2,2,B8,837S1433,100,78.5245073269328,-6.643856189774724
7,ENG25,3,2,B9,837S1433,100,78.87822132390096,-6.643856189774724
7,ENG25,1,2,B10,837S1441,100,3.132895401718045,-6.643856189774724
7,ENG25,2,2,B11,837S1441,100,3.335017685699853,-6.643856189774724
7,ENG25,3,2,B12,837S1441,100,6.164729661445179,-6.643856189774724
7,ENG25,1,2,C1,837S1431,200,7.074279939363322,-7.643856189774724
7,ENG25,2,2,C2,837S1431,200,-1.6675088428499123,-7.643856189774724
7,ENG25,3,2,C3,837S1431,200,9.70186963112684,-7.643856189774724
7,ENG25,1,2,C4,837S1432,200,7.023749368367859,-7.643856189774724
7,ENG25,2,2,C5,837S1432,200,1.9706922688226312,-7.643856189774724
7,ENG25,3,2,C6,837S1432,200,-1.8696311268317345,-7.643856189774724
7,ENG25,1,2,C7,837S1433,200,61.14199090449722,-7.643856189774724
7,ENG25,2,2,C8,837S1433,200,59.01970692268822,-7.643856189774724
7,ENG25,3,2,C9,837S1433,200,54.219302678120265,-7.643856189774724
7,ENG25,1,2,C10,837S1441,200,-10.611419909044969,-7.643856189774724
7,ENG25,2,2,C11,837S1441,200,-7.4279939363314895,-7.643856189774724
7,ENG25,3,2,C12,837S1441,200,-16.371905002526518,-7.643856189774724
7,ENG25,1,2,D1,837S1431,400,-1.7180394138453892,-8.643856189774725
7,ENG25,2,2,D2,837S1431,400,-3.43607882769075,-8.643856189774725
7,ENG25,3,2,D3,837S1431,400,-8.185952501263259,-8.643856189774725
7,ENG25,1,2,D4,837S1432,400,13.542193026781206,-8.643856189774725
7,ENG25,2,2,D5,837S1432,400,22.38504295098535,-8.643856189774725
7,ENG25,3,2,D6,837S1432,400,17.8878221323901,-8.643856189774725
7,ENG25,1,2,D7,837S1433,400,52.04648812531582,-8.643856189774725
7,ENG25,2,2,D8,837S1433,400,48.711470439615965,-8.643856189774725
7,ENG25,3,2,D9,837S1433,400,33.29964628600304,-8.643856189774725
7,ENG25,1,2,D10,837S1441,400,-12.329459322890358,-8.643856189774725
7,ENG25,2,2,D11,837S1441,400,-18.44365841334007,-8.643856189774725
7,ENG25,3,2,D12,837S1441,400,-20.97018696311268,-8.643856189774725
7,ENG25,1,2,E1,837S1431,800,-6.5184436584133465,-9.643856189774723
7,ENG25,2,2,E2,837S1431,800,-7.276402223345115,-9.643856189774723
7,ENG25,3,2,E3,837S1431,800,-4.042445679636188,-9.643856189774723
7,ENG25,1,2,E4,837S1432,800,4.901465386558868,-9.643856189774723
7,ENG25,2,2,E5,837S1432,800,8.691258211217786,-9.643856189774723
7,ENG25,3,2,E6,837S1432,800,1.111672561899951,-9.643856189774723
7,ENG25,1,2,E7,837S1433,800,33.35017685699849,-9.643856189774723
7,ENG25,2,2,E8,837S1433,800,29.25720060636685,-9.643856189774723
7,ENG25,3,2,E9,837S1433,800,4.901465386558868,-9.643856189774723
7,ENG25,1,2,E10,837S1441,800,3.3855482566953015,-9.643856189774723
7,ENG25,2,2,E11,837S1441,800,-4.85093481556342,-9.643856189774723
7,ENG25,3,2,E12,837S1441,800,-28.398180899444156,-9.643856189774723
7,ENG25,1,2,F1,837S1431,1600,-2.6781202627589806,-10.643856189774723
7,ENG25,2,2,F2,837S1431,1600,-12.026275896917625,-10.643856189774723
7,ENG25,3,2,F3,837S1431,1600,-3.3855482566953015,-10.643856189774723
7,ENG25,1,2,F4,837S1432,1600,-8.640727640222352,-10.643856189774723
7,ENG25,2,2,F5,837S1432,1600,-7.326932794340579,-10.643856189774723
7,ENG25,3,2,F6,837S1432,1600,5.7099545224861,-10.643856189774723
7,ENG25,1,2,F7,837S1433,1600,-1.8696311268317345,-10.643856189774723
7,ENG25,2,2,F8,837S1433,1600,1.5664477008590154,-10.643856189774723
7,ENG25,3,2,F9,837S1433,1600,-1.4653865588681183,-10.643856189774723
7,ENG25,1,2,F10,837S1441,1600,7.630116220313283,-10.643856189774723
7,ENG25,2,2,F11,837S1441,1600,-3.0823648307225966,-10.643856189774723
7,ENG25,3,2,F12,837S1441,1600,-7.630116220313283,-10.643856189774723
7,ENG25,1,2,G1,837S1431,3200,-4.4972208185952525,-11.643856189774723
7,ENG25,2,2,G2,837S1431,3200,-17.129863567458315,-11.643856189774723
7,ENG25,3,2,G3,837S1431,3200,-15.613946437594748,-11.643856189774723
7,ENG25,1,2,G4,837S1432,3200,-11.167256189994944,-11.643856189774723
7,ENG25,2,2,G5,837S1432,3200,1.0611419909045026,-11.643856189774723
7,ENG25,3,2,G6,837S1432,3200,-9.449216776149555,-11.643856189774723
7,ENG25,1,2,G7,837S1433,3200,-2.021222839818094,-11.643856189774723
7,ENG25,2,2,G8,837S1433,3200,-16.776149570490134,-11.643856189774723
7,ENG25,3,2,G9,837S1433,3200,-28.90348660939867,-11.643856189774723
7,ENG25,1,2,G10,837S1441,3200,-6.417382516422435,-11.643856189774723
7,ENG25,2,2,G11,837S1441,3200,-4.446690247599804,-11.643856189774723
7,ENG25,3,2,G12,837S1441,3200,-5.103587670540691,-11.643856189774723
