SampleID,Batch,Virus,Replicate,Plate,Well,Neut
837S1001,1,THA22,1,1,A1,94.99141832
837S1001,1,THA22,2,1,A2,94.00842565
837S1001,1,THA22,3,1,A3,95.64674676
837S1002,1,THA22,1,1,A4,85.53596505
837S1002,1,THA22,2,1,A5,86.51895772
837S1002,1,THA22,3,1,A6,79.59119988
837S1003,1,THA22,1,1,A7,86.0040568
837S1003,1,THA22,2,1,A8,87.31471368
837S1003,1,THA22,3,1,A9,88.48494305
837S1004,1,THA22,1,1,A10,99.85957248
837S1004,1,THA22,2,1,A11,99.90638165
837S1004,1,THA22,3,1,A12,99.85957248
837S1005,1,THA22,1,1,B1,100
837S1005,1,THA22,2,1,B2,100
837S1005,1,THA22,3,1,B3,100
837S1006,1,THA22,1,1,B4,11.24980496
837S1006,1,THA22,2,1,B5,10.92214074
837S1006,1,THA22,3,1,B6,17.47542518
837S1007,1,THA22,1,1,B7,93.58714308
837S1007,1,THA22,2,1,B8,92.13605867
837S1007,1,THA22,3,1,B9,90.49773756
837S1008,1,THA22,1,1,B10,48.79076299
837S1008,1,THA22,2,1,B11,43.50132626
837S1008,1,THA22,3,1,B12,42.70557029
837S1009,1,THA22,1,1,C1,59.32282727
837S1009,1,THA22,2,1,C2,52.90997035
837S1009,1,THA22,3,1,C3,47.94819785
837S1010,1,THA22,1,1,C4,66.15696677
837S1010,1,THA22,2,1,C5,54.08019972
837S1010,1,THA22,3,1,C6,60.35262912
837S1011,1,THA22,1,1,C7,76.73584022
837S1011,1,THA22,2,1,C8,78.79544391
837S1011,1,THA22,3,1,C9,75.47199251
837S1012,1,THA22,1,1,C10,99.25105321
837S1012,1,THA22,2,1,C11,98.17444219
837S1012,1,THA22,3,1,C12,99.34467156
837S1013,1,THA22,1,1,D1,98.50210641
837S1013,1,THA22,2,1,D2,98.08082384
837S1013,1,THA22,3,1,D3,97.65954127
837S1014,1,THA22,1,1,D4,100
837S1014,1,THA22,2,1,D5,99.95319083
837S1014,1,THA22,3,1,D6,99.95319083
837S1015,1,THA22,1,1,D7,99.76595413
837S1015,1,THA22,2,1,D8,99.8127633
837S1015,1,THA22,3,1,D9,99.90638165
837S1016,1,THA22,1,1,D10,99.95319083
837S1016,1,THA22,2,1,D11,100
837S1016,1,THA22,3,1,D12,99.95319083
837S1017,1,THA22,1,1,E1,98.97019816
837S1017,1,THA22,2,1,E2,97.79996879
837S1017,1,THA22,3,1,E3,97.84677797
837S1018,1,THA22,1,1,E4,43.92260883
837S1018,1,THA22,2,1,E5,48.55671712
837S1018,1,THA22,3,1,E6,56.74832267
837S1019,1,THA22,1,1,E7,52.02059604
837S1019,1,THA22,2,1,E8,58.01217039
837S1019,1,THA22,3,1,E9,46.87158683
837S1020,1,THA22,1,1,E10,9.7051022
837S1020,1,THA22,2,1,E11,-1.763145577
837S1020,1,THA22,3,1,E12,5.866749883
837S1021,1,THA22,1,1,F1,36.80761429
837S1021,1,THA22,2,1,F2,37.74379778
837S1021,1,THA22,3,1,F3,35.40333905
837S1022,1,THA22,1,1,F4,87.26790451
837S1022,1,THA22,2,1,F5,84.45935403
837S1022,1,THA22,3,1,F6,89.18708067
837S1023,1,THA22,1,1,F7,99.39148073
837S1023,1,THA22,2,1,F8,99.48509908
837S1023,1,THA22,3,1,F9,99.67233578
837S1024,1,THA22,1,1,G1,64.51864565
837S1024,1,THA22,2,1,G2,62.27180527
837S1024,1,THA22,3,1,G3,63.30160711
837S1025,1,THA22,1,1,G4,98.64253394
837S1025,1,THA22,2,1,G5,97.51911375
837S1025,1,THA22,3,1,G6,98.03401467
837S1026,1,THA22,1,1,G7,2.917771883
837S1026,1,THA22,2,1,G8,10.12638477
837S1026,1,THA22,3,1,G9,1.56030582
837S1027,1,THA22,1,1,H1,12.74769855
837S1027,1,THA22,2,1,H2,6.053986581
837S1027,1,THA22,3,1,H3,12.32641598
837S1028,1,THA22,1,1,H4,88.43813387
837S1028,1,THA22,2,1,H5,84.27211733
837S1028,1,THA22,3,1,H6,88.62537057
837S1029,1,THA22,1,1,H7,22.85848026
837S1029,1,THA22,2,1,H8,29.45857388
837S1029,1,THA22,3,1,H9,25.29255734
837S1030,1,THA22,1,2,A1,98.14150636
837S1030,1,THA22,2,2,A2,99.11966091
837S1030,1,THA22,3,2,A3,98.77730681
837S1031,1,THA22,1,2,A4,99.85327682
837S1031,1,THA22,2,2,A5,99.36419954
837S1031,1,THA22,3,2,A6,99.75546136
837S1032,1,THA22,1,2,A7,99.90218455
837S1032,1,THA22,2,2,A8,99.70655364
837S1032,1,THA22,3,2,A9,100
837S1033,1,THA22,1,2,A10,80.58363221
837S1033,1,THA22,2,2,A11,78.28496903
837S1033,1,THA22,3,2,A12,80.87707858
837S1034,1,THA22,1,2,B1,99.60873818
837S1034,1,THA22,2,2,B2,99.07075318
837S1034,1,THA22,3,2,B3,99.31529182
837S1035,1,THA22,1,2,B4,66.40039126
837S1035,1,THA22,2,2,B5,64.39517444
837S1035,1,THA22,3,2,B6,66.88946854
837S1036,1,THA22,1,2,B7,73.34528856
837S1036,1,THA22,2,2,B8,68.601239
837S1036,1,THA22,3,2,B9,71.291164
837S1037,1,THA22,1,2,B10,68.94359309
837S1037,1,THA22,2,2,B11,62.14541898
837S1037,1,THA22,3,2,B12,62.87903489
837S1038,1,THA22,1,2,C1,97.5057059
837S1038,1,THA22,2,2,C2,96.72318226
837S1038,1,THA22,3,2,C3,97.21225954
837S1039,1,THA22,1,2,C4,98.92403
837S1039,1,THA22,2,2,C5,99.16856863
837S1039,1,THA22,3,2,C6,99.16856863
837S1040,1,THA22,1,2,C7,100
837S1040,1,THA22,2,2,C8,99.95109227
837S1040,1,THA22,3,2,C9,99.90218455
837S1041,1,THA22,1,2,C10,27.17639387
837S1041,1,THA22,2,2,C11,29.62178024
837S1041,1,THA22,3,2,C12,27.56765569
837S1042,1,THA22,1,2,D1,38.37626345
837S1042,1,THA22,2,2,D2,32.16498207
837S1042,1,THA22,3,2,D3,27.32311705
837S1043,1,THA22,1,2,D4,100
837S1043,1,THA22,2,2,D5,100
837S1043,1,THA22,3,2,D6,99.85327682
837S1044,1,THA22,1,2,D7,77.64916857
837S1044,1,THA22,2,2,D8,75.83958265
837S1044,1,THA22,3,2,D9,74.81252038
837S1045,1,THA22,1,2,D10,43.85392892
837S1045,1,THA22,2,2,D11,42.09325073
837S1045,1,THA22,3,2,D12,33.14313662
837S1046,1,THA22,1,2,E1,49.57613303
837S1046,1,THA22,2,2,E2,45.66351484
837S1046,1,THA22,3,2,E3,48.30453212
837S1047,1,THA22,1,2,E4,99.90218455
837S1047,1,THA22,2,2,E5,99.95109227
837S1047,1,THA22,3,2,E6,99.95109227
837S1048,1,THA22,1,2,E7,67.7208999
837S1048,1,THA22,2,2,E8,58.33061624
837S1048,1,THA22,3,2,E9,57.79263124
837S1049,1,THA22,1,2,E10,89.68046951
837S1049,1,THA22,2,2,E11,83.66481904
837S1049,1,THA22,3,2,E12,83.95826541
837S1050,1,THA22,1,2,F1,100
837S1050,1,THA22,2,2,F2,99.95109227
837S1050,1,THA22,3,2,F3,99.95109227
837S1051,1,THA22,1,2,F4,72.31822628
837S1051,1,THA22,2,2,F5,71.6335181
837S1051,1,THA22,3,2,F6,75.93739811
837S1052,1,THA22,1,2,F7,99.90218455
837S1052,1,THA22,2,2,F8,99.95109227
837S1052,1,THA22,3,2,F9,99.95109227
837S1053,1,THA22,1,2,F10,95.20704271
837S1053,1,THA22,2,2,F11,95.79393544
837S1053,1,THA22,3,2,F12,94.32670362
837S1054,1,THA22,1,2,G1,92.66384089
837S1054,1,THA22,2,2,G2,92.27257907
837S1054,1,THA22,3,2,G3,94.66905771
837S1055,1,THA22,1,2,G4,96.77208999
837S1055,1,THA22,2,2,G5,95.40267362
837S1055,1,THA22,3,2,G6,96.82099772
837S1056,1,THA22,1,2,G7,73.7854581
837S1056,1,THA22,2,2,G8,70.45973264
837S1056,1,THA22,3,2,G9,65.76459081
837S1057,1,THA22,1,2,H1,100
837S1057,1,THA22,2,2,H2,99.95109227
837S1057,1,THA22,3,2,H3,99.95109227
837S1058,1,THA22,1,2,H4,34.26801435
837S1058,1,THA22,2,2,H5,36.71340072
837S1058,1,THA22,3,2,H6,40.77274209
837S1059,1,THA22,1,2,H7,89.53374633
837S1059,1,THA22,2,2,H8,90.56080861
837S1059,1,THA22,3,2,H9,89.28920769
837S1060,1,THA22,1,3,A1,64.62104072
837S1060,1,THA22,2,3,A2,59.36085973
837S1060,1,THA22,3,3,A3,69.11764706
837S1061,1,THA22,1,3,A4,100
837S1061,1,THA22,2,3,A5,99.91515837
837S1061,1,THA22,3,3,A6,99.83031674
837S1062,1,THA22,1,3,A7,99.49095023
837S1062,1,THA22,2,3,A8,99.49095023
837S1062,1,THA22,3,3,A9,99.61821267
837S1063,1,THA22,1,3,A10,34.33257919
837S1063,1,THA22,2,3,A11,22.49717195
837S1063,1,THA22,3,3,A12,25.76357466
837S1064,1,THA22,1,3,B1,99.91515837
837S1064,1,THA22,2,3,B2,99.95757919
837S1064,1,THA22,3,3,B3,99.91515837
837S1065,1,THA22,1,3,B4,91.85520362
837S1065,1,THA22,2,3,B5,91.89762443
837S1065,1,THA22,3,3,B6,92.19457014
837S1066,1,THA22,1,3,B7,99.95757919
837S1066,1,THA22,2,3,B8,99.91515837
837S1066,1,THA22,3,3,B9,100
837S1067,1,THA22,1,3,B10,99.57579186
837S1067,1,THA22,2,3,B11,99.61821267
837S1067,1,THA22,3,3,B12,99.57579186
837S1068,1,THA22,1,3,C1,77.05033937
837S1068,1,THA22,2,3,C2,80.86821267
837S1068,1,THA22,3,3,C3,72.85067873
837S1069,1,THA22,1,3,C4,99.95757919
837S1069,1,THA22,2,3,C5,99.95757919
837S1069,1,THA22,3,3,C6,100
837S1070,1,THA22,1,3,C7,24.57579186
837S1070,1,THA22,2,3,C8,16.43099548
837S1070,1,THA22,3,3,C9,24.06674208
837S1071,1,THA22,1,3,C10,94.01866516
837S1071,1,THA22,2,3,C11,94.52771493
837S1071,1,THA22,3,3,C12,94.40045249
837S1072,1,THA22,1,3,D1,100
837S1072,1,THA22,2,3,D2,100
837S1072,1,THA22,3,3,D3,100
837S1073,1,THA22,1,3,D4,75.0989819
837S1073,1,THA22,2,3,D5,72.63857466
837S1073,1,THA22,3,3,D6,72.21436652
837S1074,1,THA22,1,3,D7,95.33371041
837S1074,1,THA22,2,3,D8,96.39423077
837S1074,1,THA22,3,3,D9,96.30938914
837S1075,1,THA22,1,3,D10,57.53676471
837S1075,1,THA22,2,3,D11,60.12443439
837S1075,1,THA22,3,3,D12,69.28733032
837S1076,1,THA22,1,3,E1,78.49264706
837S1076,1,THA22,2,3,E2,74.84445701
837S1076,1,THA22,3,3,E3,75.26866516
837S1077,1,THA22,1,3,E4,81.37726244
837S1077,1,THA22,2,3,E5,80.52884615
837S1077,1,THA22,3,3,E6,82.055995480000007
837S1078,1,THA22,1,3,E7,88.03733032
837S1078,1,THA22,2,3,E8,87.82522624
837S1078,1,THA22,3,3,E9,88.20701357
837S1079,1,THA22,1,3,E10,95.41855204
837S1079,1,THA22,2,3,E11,96.01244344
837S1079,1,THA22,3,3,E12,95.07918552
837S1080,1,THA22,1,3,F1,78.11085973
837S1080,1,THA22,2,3,F2,76.83823529
837S1080,1,THA22,3,3,F3,76.88065611
837S1081,1,THA22,1,3,F4,99.78789593
837S1081,1,THA22,2,3,F5,99.95757919
837S1081,1,THA22,3,3,F6,99.91515837
837S1082,1,THA22,1,3,F7,93.38235294
837S1082,1,THA22,2,3,F8,93.76414027
837S1082,1,THA22,3,3,F9,93.97624434
837S1083,1,THA22,1,3,F10,91.60067873
837S1083,1,THA22,2,3,F11,91.38857466
837S1083,1,THA22,3,3,F12,91.89762443
837S1084,1,THA22,1,3,G1,95.16402715
837S1084,1,THA22,2,3,G2,93.8489819
837S1084,1,THA22,3,3,G3,92.78846154
837S1085,1,THA22,1,3,G4,20.24886878
837S1085,1,THA22,2,3,G5,20.58823529
837S1085,1,THA22,3,3,G6,16.68552036
837S1086,1,THA22,1,3,G7,33.35690045
837S1086,1,THA22,2,3,G8,32.76300905
837S1086,1,THA22,3,3,G9,30.51470588
837S1087,1,THA22,1,3,H1,85.02545249
837S1087,1,THA22,2,3,H2,83.2861991
837S1087,1,THA22,3,3,H3,82.94683258
837S1088,1,THA22,1,3,H4,100
837S1088,1,THA22,2,3,H5,100
837S1088,1,THA22,3,3,H6,99.95757919
837S1089,1,THA22,1,3,H7,99.91515837
837S1089,1,THA22,2,3,H8,100
837S1089,1,THA22,3,3,H9,99.91515837
837S1090,1,THA22,1,4,A1,98.130008900000007
837S1090,1,THA22,2,4,A2,98.66429207
837S1090,1,THA22,3,4,A3,97.90739092
837S1091,1,THA22,1,4,A4,68.21015138
837S1091,1,THA22,2,4,A5,65.93944791
837S1091,1,THA22,3,4,A6,69.18967053
837S1092,1,THA22,1,4,A7,99.51024043
837S1092,1,THA22,2,4,A8,99.77738201
837S1092,1,THA22,3,4,A9,99.77738201
837S1093,1,THA22,1,4,A10,96.66073019
837S1093,1,THA22,2,4,A11,95.81478183
837S1093,1,THA22,3,4,A12,96.88334817
837S1094,1,THA22,1,4,B1,99.28762244
837S1094,1,THA22,2,4,B2,99.51024043
837S1094,1,THA22,3,4,B3,98.93143366
837S1095,1,THA22,1,4,B4,98.2635797
837S1095,1,THA22,2,4,B5,99.06500445
837S1095,1,THA22,3,4,B6,98.66429207
837S1096,1,THA22,1,4,B7,61.62065895
837S1096,1,THA22,2,4,B8,51.60284951
837S1096,1,THA22,3,4,B9,59.08281389
837S1097,1,THA22,1,4,B10,96.66073019
837S1097,1,THA22,2,4,B11,95.45859305
837S1097,1,THA22,3,4,B12,95.94835263
837S1098,1,THA22,1,4,C1,42.25289403
837S1098,1,THA22,2,4,C2,34.50578807
837S1098,1,THA22,3,4,C3,48.44167409
837S1099,1,THA22,1,4,C4,89.89314337
837S1099,1,THA22,2,4,C5,88.86910062
837S1099,1,THA22,3,4,C6,88.91362422
837S1100,1,THA22,1,4,C7,98.93143366
837S1100,1,THA22,2,4,C8,98.39715049
837S1100,1,THA22,3,4,C9,99.15405165
837S1101,1,THA22,1,4,C10,96.21549421
837S1101,1,THA22,2,4,C11,96.12644702
837S1101,1,THA22,3,4,C12,96.88334817
837S1102,1,THA22,1,4,D1,74.79964381
837S1102,1,THA22,2,4,D2,67.54229742
837S1102,1,THA22,3,4,D3,67.09706144
837S1103,1,THA22,1,4,D4,21.86108638
837S1103,1,THA22,2,4,D5,24.17631345
837S1103,1,THA22,3,4,D6,31.52270703
837S1104,1,THA22,1,4,D7,99.77738201
837S1104,1,THA22,2,4,D8,99.55476402
837S1104,1,THA22,3,4,D9,99.68833482
837S1105,1,THA22,1,4,D10,70.34728406
837S1105,1,THA22,2,4,D11,63.80231523
837S1105,1,THA22,3,4,D12,65.13802315
837S1106,1,THA22,1,4,E1,82.36865539
837S1106,1,THA22,2,4,E2,76.93677649
837S1106,1,THA22,3,4,E3,83.17008014
837S1107,1,THA22,1,4,E4,100
837S1107,1,THA22,2,4,E5,99.9109528
837S1107,1,THA22,3,4,E6,100
837S1108,1,THA22,1,4,E7,98.1745325
837S1108,1,THA22,2,4,E8,98.2635797
837S1108,1,THA22,3,4,E9,98.48619768
837S1109,1,THA22,1,4,E10,89.53695459
837S1109,1,THA22,2,4,E11,86.10863758
837S1109,1,THA22,3,4,E12,89.67052538
837S1110,1,THA22,1,4,F1,58.23686554
837S1110,1,THA22,2,4,F2,50.0445236
837S1110,1,THA22,3,4,F3,60.86375779
837S1111,1,THA22,1,4,F4,91.67408727
837S1111,1,THA22,2,4,F5,94.6126447
837S1111,1,THA22,3,4,F6,95.14692787
837S1112,1,THA22,1,4,F7,96.66073019
837S1112,1,THA22,2,4,F8,95.81478183
837S1112,1,THA22,3,4,F9,96.57168299
837S1113,1,THA22,1,4,F10,99.9554764
837S1113,1,THA22,2,4,F11,99.9109528
837S1113,1,THA22,3,4,F12,100
837S1114,1,THA22,1,4,G1,96.83882458
837S1114,1,THA22,2,4,G2,96.26001781
837S1114,1,THA22,3,4,G3,98.61976848
837S1115,1,THA22,1,4,G4,22.66251113
837S1115,1,THA22,2,4,G5,27.42653606
837S1115,1,THA22,3,4,G6,26.35796972
837S1116,1,THA22,1,4,G7,12.06589492
837S1116,1,THA22,2,4,G8,10.90828139
837S1116,1,THA22,3,4,G9,23.10774711
837S1117,1,THA22,1,4,H1,89.67052538
837S1117,1,THA22,2,4,H2,89.18076581
837S1117,1,THA22,3,4,H3,85.48530721
837S1118,1,THA22,1,4,H4,22.03918077
837S1118,1,THA22,2,4,H5,15.09349955
837S1118,1,THA22,3,4,H6,7.346393589
837S1119,1,THA22,1,4,H7,53.6064114
837S1119,1,THA22,2,4,H8,43.14336598
837S1119,1,THA22,3,4,H9,46.12644702
837S1001,1,ENG24,1,1,A1,88.99115044
837S1001,1,ENG24,2,1,A2,88.17699115
837S1001,1,ENG24,3,1,A3,88
837S1002,1,ENG24,1,1,A4,37.73451327
837S1002,1,ENG24,2,1,A5,43.92920354
837S1002,1,ENG24,3,1,A6,23.25663717
837S1003,1,ENG24,1,1,A7,40.60176991
837S1003,1,ENG24,2,1,A8,36.81415929
837S1003,1,ENG24,3,1,A9,43.36283186
837S1004,1,ENG24,1,1,A10,99.07964602
837S1004,1,ENG24,2,1,A11,99.18584071
837S1004,1,ENG24,3,1,A12,99.18584071
837S1005,1,ENG24,1,1,B1,99.75221239
837S1005,1,ENG24,2,1,B2,99.96460177
837S1005,1,ENG24,3,1,B3,99.6460177
837S1006,1,ENG24,1,1,B4,1.769911504
837S1006,1,ENG24,2,1,B5,-8.814159292
837S1006,1,ENG24,3,1,B6,9.876106195
837S1007,1,ENG24,1,1,B7,87.6460177
837S1007,1,ENG24,2,1,B8,82.5840708
837S1007,1,ENG24,3,1,B9,85.20353982
837S1008,1,ENG24,1,1,B10,-22.91075176
837S1008,1,ENG24,2,1,B11,-25.39192692
837S1008,1,ENG24,3,1,B12,-20.79990125
837S1009,1,ENG24,1,1,C1,41.52212389
837S1009,1,ENG24,2,1,C2,36.31858407
837S1009,1,ENG24,3,1,C3,40.3539823
837S1010,1,ENG24,1,1,C4,20.14159292
837S1010,1,ENG24,2,1,C5,9.097345133
837S1010,1,ENG24,3,1,C6,17.80530973
837S1011,1,ENG24,1,1,C7,37.23893805
837S1011,1,ENG24,2,1,C8,47.2920354
837S1011,1,ENG24,3,1,C9,49.20353982
837S1012,1,ENG24,1,1,C10,85.80530973
837S1012,1,ENG24,2,1,C11,100
837S1012,1,ENG24,3,1,C12,90.19469027
837S1013,1,ENG24,1,1,D1,65.48672566
837S1013,1,ENG24,2,1,D2,56.17699115
837S1013,1,ENG24,3,1,D3,51.68141593
837S1014,1,ENG24,1,1,D4,99.75221239
837S1014,1,ENG24,2,1,D5,99.82300885
837S1014,1,ENG24,3,1,D6,99.78761062
837S1015,1,ENG24,1,1,D7,98.72566372
837S1015,1,ENG24,2,1,D8,99.11504425
837S1015,1,ENG24,3,1,D9,99.18584071
837S1016,1,ENG24,1,1,D10,99.92920354
837S1016,1,ENG24,2,1,D11,99.92920354
837S1016,1,ENG24,3,1,D12,99.96460177
837S1017,1,ENG24,1,1,E1,97.13274336
837S1017,1,ENG24,2,1,E2,94.69026549
837S1017,1,ENG24,3,1,E3,93.66371681
837S1018,1,ENG24,1,1,E4,2.619469027
837S1018,1,ENG24,2,1,E5,3.150442478
837S1018,1,ENG24,3,1,E6,-1.097345133
837S1019,1,ENG24,1,1,E7,31.36283186
837S1019,1,ENG24,2,1,E8,27.96460177
837S1019,1,ENG24,3,1,E9,34.01769912
837S1020,1,ENG24,1,1,E10,2.761061947
837S1020,1,ENG24,2,1,E11,10.01769912
837S1020,1,ENG24,3,1,E12,3.398230088
837S1021,1,ENG24,1,1,F1,7.469026549
837S1021,1,ENG24,2,1,F2,-3.079646018
837S1021,1,ENG24,3,1,F3,4.247787611
837S1022,1,ENG24,1,1,F4,23.68141593
837S1022,1,ENG24,2,1,F5,22.9380531
837S1022,1,ENG24,3,1,F6,16.49557522
837S1023,1,ENG24,1,1,F7,95.43362832
837S1023,1,ENG24,2,1,F8,96.53097345
837S1023,1,ENG24,3,1,F9,97.38053097
837S1024,1,ENG24,1,1,G1,6.973451327
837S1024,1,ENG24,2,1,G2,3.716814159
837S1024,1,ENG24,3,1,G3,-16.14159292
837S1025,1,ENG24,1,1,G4,84.84955752
837S1025,1,ENG24,2,1,G5,82.05309735
837S1025,1,ENG24,3,1,G6,84.03539823
837S1026,1,ENG24,1,1,G7,4.991150442
837S1026,1,ENG24,2,1,G8,-0.10619469
837S1026,1,ENG24,3,1,G9,17.62831858
837S1027,1,ENG24,1,1,H1,13.09734513
837S1027,1,ENG24,2,1,H2,20.53097345
837S1027,1,ENG24,3,1,H3,25.98230088
837S1028,1,ENG24,1,1,H4,66.40707965
837S1028,1,ENG24,2,1,H5,58.33628319
837S1028,1,ENG24,3,1,H6,60.7079646
837S1029,1,ENG24,1,1,H7,19.15044248
837S1029,1,ENG24,2,1,H8,11.75221239
837S1029,1,ENG24,3,1,H9,17.91150442
837S1030,1,ENG24,1,2,A1,89.50166935
837S1030,1,ENG24,2,2,A2,94.95486583
837S1030,1,ENG24,3,2,A3,92.91455422
837S1031,1,ENG24,1,2,A4,99.48064795
837S1031,1,ENG24,2,2,A5,99.22097193
837S1031,1,ENG24,3,2,A6,99.03548906
837S1032,1,ENG24,1,2,A7,99.4064548
837S1032,1,ENG24,2,2,A8,98.70161988
837S1032,1,ENG24,3,2,A9,99.07258563
837S1033,1,ENG24,1,2,A10,22.2826759
837S1033,1,ENG24,2,2,A11,23.54395944
837S1033,1,ENG24,3,2,A12,32.48423396
837S1034,1,ENG24,1,2,B1,91.76456041
837S1034,1,ENG24,2,2,B2,87.01619884
837S1034,1,ENG24,3,2,B3,86.01459132
837S1035,1,ENG24,1,2,B4,29.99876345
837S1035,1,ENG24,2,2,B5,10.74564115
837S1035,1,ENG24,3,2,B6,32.89229628
837S1036,1,ENG24,1,2,B7,35.22938049
837S1036,1,ENG24,2,2,B8,32.81810313
837S1036,1,ENG24,3,2,B9,30.29553605
837S1037,1,ENG24,1,2,B10,30.81488809
837S1037,1,ENG24,2,2,B11,12.15531099
837S1037,1,ENG24,3,2,B12,31.63101274
837S1038,1,ENG24,1,2,C1,93.21132682
837S1038,1,ENG24,2,2,C2,91.54198096
837S1038,1,ENG24,3,2,C3,91.24520836
837S1039,1,ENG24,1,2,C4,91.9129467
837S1039,1,ENG24,2,2,C5,89.83553852
837S1039,1,ENG24,3,2,C6,91.13391863
837S1040,1,ENG24,1,2,C7,99.92580685
837S1040,1,ENG24,2,2,C8,99.96290343
837S1040,1,ENG24,3,2,C9,99.81451713
837S1041,1,ENG24,1,2,C10,2.621491282
837S1041,1,ENG24,2,2,C11,-8.17361197
837S1041,1,ENG24,3,2,C12,21.28106838
837S1042,1,ENG24,1,2,D1,17.8681835
837S1042,1,ENG24,2,2,D2,-9.991344133
837S1042,1,ENG24,3,2,D3,1.43440089
837S1043,1,ENG24,1,2,D4,100
837S1043,1,ENG24,2,2,D5,99.92580685
837S1043,1,ENG24,3,2,D6,100
837S1044,1,ENG24,1,2,D7,24.36008409
837S1044,1,ENG24,2,2,D8,16.94076914
837S1044,1,ENG24,3,2,D9,16.34722394
837S1045,1,ENG24,1,2,D10,5.88598986
837S1045,1,ENG24,2,2,D11,-6.467169531
837S1045,1,ENG24,3,2,D12,3.066650179
837S1046,1,ENG24,1,2,E1,36.3793743
837S1046,1,ENG24,2,2,E2,25.9552368
837S1046,1,ENG24,3,2,E3,35.34067021
837S1047,1,ENG24,1,2,E4,99.59193768
837S1047,1,ENG24,2,2,E5,99.5548411
837S1047,1,ENG24,3,2,E6,99.33226165
837S1048,1,ENG24,1,2,E7,37.90033387
837S1048,1,ENG24,2,2,E8,28.70038333
837S1048,1,ENG24,3,2,E9,22.35686905
837S1049,1,ENG24,1,2,E10,37.49227155
837S1049,1,ENG24,2,2,E11,29.96166687
837S1049,1,ENG24,3,2,E12,31.89068876
837S1050,1,ENG24,1,2,F1,99.62903425
837S1050,1,ENG24,2,2,F2,99.96290343
837S1050,1,ENG24,3,2,F3,99.96290343
837S1051,1,ENG24,1,2,F4,4.179547422
837S1051,1,ENG24,2,2,F5,9.298874737
837S1051,1,ENG24,3,2,F6,11.4133795
837S1052,1,ENG24,1,2,F7,99.62903425
837S1052,1,ENG24,2,2,F8,99.48064795
837S1052,1,ENG24,3,2,F9,99.51774453
837S1053,1,ENG24,1,2,F10,46.50673921
837S1053,1,ENG24,2,2,F11,42.27772969
837S1053,1,ENG24,3,2,F12,46.84060838
837S1054,1,ENG24,1,2,G1,86.12588104
837S1054,1,ENG24,2,2,G2,80.82107085
837S1054,1,ENG24,3,2,G3,82.37912699
837S1055,1,ENG24,1,2,G4,85.12427353
837S1055,1,ENG24,2,2,G5,84.30814888
837S1055,1,ENG24,3,2,G6,83.08396191
837S1056,1,ENG24,1,2,G7,27.66167924
837S1056,1,ENG24,2,2,G8,21.28106838
837S1056,1,ENG24,3,2,G9,23.91492519
837S1057,1,ENG24,1,2,H1,99.81451713
837S1057,1,ENG24,2,2,H2,99.96290343
837S1057,1,ENG24,3,2,H3,99.74032398
837S1058,1,ENG24,1,2,H4,14.9375541
837S1058,1,ENG24,2,2,H5,19.57462594
837S1058,1,ENG24,3,2,H6,21.24397181
837S1059,1,ENG24,1,2,H7,44.94868307
837S1059,1,ENG24,2,2,H8,37.4180784
837S1059,1,ENG24,3,2,H9,41.20192902
837S1060,1,ENG24,1,3,A1,36.50726328
837S1060,1,ENG24,2,3,A2,17.54851023
837S1060,1,ENG24,3,3,A3,23.49697805
837S1061,1,ENG24,1,3,A4,99.74552009
837S1061,1,ENG24,2,3,A5,99.90457003
837S1061,1,ENG24,3,3,A6,99.77733008
837S1062,1,ENG24,1,3,A7,99.7137101
837S1062,1,ENG24,2,3,A8,99.58647015
837S1062,1,ENG24,3,3,A9,99.4592302
837S1063,1,ENG24,1,3,A10,12.55434206
837S1063,1,ENG24,2,3,A11,10.5503128
837S1063,1,ENG24,3,3,A12,19.2662496
837S1064,1,ENG24,1,3,B1,99.90457003
837S1064,1,ENG24,2,3,B2,99.93638002
837S1064,1,ENG24,3,3,B3,99.93638002
837S1065,1,ENG24,1,3,B4,77.6375782
837S1065,1,ENG24,2,3,B5,81.48658679
837S1065,1,ENG24,3,3,B6,78.56006786
837S1066,1,ENG24,1,3,B7,100
837S1066,1,ENG24,2,3,B8,99.90457003
837S1066,1,ENG24,3,3,B9,99.96819001
837S1067,1,ENG24,1,3,B10,97.42339094
837S1067,1,ENG24,2,3,B11,96.7235712
837S1067,1,ENG24,3,3,B12,97.07348107
837S1068,1,ENG24,1,3,C1,70.67119075
837S1068,1,ENG24,2,3,C2,72.51617008
837S1068,1,ENG24,3,3,C3,75.02915916
837S1069,1,ENG24,1,3,C4,99.87276005
837S1069,1,ENG24,2,3,C5,100
837S1069,1,ENG24,3,3,C6,99.93638002
837S1070,1,ENG24,1,3,C7,-15.27939773
837S1070,1,ENG24,2,3,C8,-13.59346835
837S1070,1,ENG24,3,3,C9,-8.98102004
837S1071,1,ENG24,1,3,C10,74.99734917
837S1071,1,ENG24,2,3,C11,78.7191178
837S1071,1,ENG24,3,3,C12,79.35531757
837S1072,1,ENG24,1,3,D1,100
837S1072,1,ENG24,2,3,D2,100
837S1072,1,ENG24,3,3,D3,100
837S1073,1,ENG24,1,3,D4,61.41448415
837S1073,1,ENG24,2,3,D5,60.30113456
837S1073,1,ENG24,3,3,D6,58.8060651
837S1074,1,ENG24,1,3,D7,82.72717633
837S1074,1,ENG24,2,3,D8,86.54437493
837S1074,1,ENG24,3,3,D9,86.32170502
837S1075,1,ENG24,1,3,D10,28.01399639
837S1075,1,ENG24,2,3,D11,34.02608419
837S1075,1,ENG24,3,3,D12,43.66451066
837S1076,1,ENG24,1,3,E1,29.69992578
837S1076,1,ENG24,2,3,E2,18.63004984
837S1076,1,ENG24,3,3,E3,22.60629838
837S1077,1,ENG24,1,3,E4,35.74382356
837S1077,1,ENG24,2,3,E5,30.84508536
837S1077,1,ENG24,3,3,E6,32.69006468
837S1078,1,ENG24,1,3,E7,45.7321599
837S1078,1,ENG24,2,3,E8,46.55921959
837S1078,1,ENG24,3,3,E9,50.34460821
837S1079,1,ENG24,1,3,E10,85.71731524
837S1079,1,ENG24,2,3,E11,83.26794614
837S1079,1,ENG24,3,3,E12,82.88622628
837S1080,1,ENG24,1,3,F1,62.81412363
837S1080,1,ENG24,2,3,F2,56.99289577
837S1080,1,ENG24,3,3,F3,53.74827696
837S1081,1,ENG24,1,3,F4,99.58647015
837S1081,1,ENG24,2,3,F5,99.61828014
837S1081,1,ENG24,3,3,F6,99.52285017
837S1082,1,ENG24,1,3,F7,85.90817517
837S1082,1,ENG24,2,3,F8,83.93595589
837S1082,1,ENG24,3,3,F9,84.1904358
837S1083,1,ENG24,1,3,F10,82.2818365
837S1083,1,ENG24,2,3,F11,80.3732372
837S1083,1,ENG24,3,3,F12,80.0869473
837S1084,1,ENG24,1,3,G1,72.9933199
837S1084,1,ENG24,2,3,G2,65.16806277
837S1084,1,ENG24,3,3,G3,66.94942212
837S1085,1,ENG24,1,3,G4,3.902025236
837S1085,1,ENG24,2,3,G5,4.283745096
837S1085,1,ENG24,3,3,G6,22.16095854
837S1086,1,ENG24,1,3,G7,3.615735341
837S1086,1,ENG24,2,3,G8,3.806595271
837S1086,1,ENG24,3,3,G9,1.166366239
837S1087,1,ENG24,1,3,H1,71.0847206
837S1087,1,ENG24,2,3,H2,67.04485208
837S1087,1,ENG24,3,3,H3,71.05291061
837S1088,1,ENG24,1,3,H4,99.96819001
837S1088,1,ENG24,2,3,H5,99.96819001
837S1088,1,ENG24,3,3,H6,99.93638002
837S1089,1,ENG24,1,3,H7,99.87276005
837S1089,1,ENG24,2,3,H8,100
837S1089,1,ENG24,3,3,H9,99.84095006
837S1090,1,ENG24,1,4,A1,97.06506365
837S1090,1,ENG24,2,4,A2,97.34794908
837S1090,1,ENG24,3,4,A3,95.57991513
837S1091,1,ENG24,1,4,A4,46.6407355
837S1091,1,ENG24,2,4,A5,43.17538897
837S1091,1,ENG24,3,4,A6,40.0990099
837S1092,1,ENG24,1,4,A7,97.52475248
837S1092,1,ENG24,2,4,A8,97.9844413
837S1092,1,ENG24,3,4,A9,97.87835926
837S1093,1,ENG24,1,4,A10,86.49222065
837S1093,1,ENG24,2,4,A11,86.88118812
837S1093,1,ENG24,3,4,A12,89.427157
837S1094,1,ENG24,1,4,B1,100
837S1094,1,ENG24,2,4,B2,100
837S1094,1,ENG24,3,4,B3,100
837S1095,1,ENG24,1,4,B4,100
837S1095,1,ENG24,2,4,B5,100
837S1095,1,ENG24,3,4,B6,100
837S1096,1,ENG24,1,4,B7,100
837S1096,1,ENG24,2,4,B8,100
837S1096,1,ENG24,3,4,B9,100
837S1097,1,ENG24,1,4,B10,100
837S1097,1,ENG24,2,4,B11,100
837S1097,1,ENG24,3,4,B12,100
837S1098,1,ENG24,1,4,C1,9.582743989
837S1098,1,ENG24,2,4,C2,4.95049505
837S1098,1,ENG24,3,4,C3,1.485148515
837S1099,1,ENG24,1,4,C4,49.64639321
837S1099,1,ENG24,2,4,C5,52.47524752
837S1099,1,ENG24,3,4,C6,48.01980198
837S1100,1,ENG24,1,4,C7,88.29561528
837S1100,1,ENG24,2,4,C8,85.46676096
837S1100,1,ENG24,3,4,C9,87.34087694
837S1101,1,ENG24,1,4,C10,88.40169731
837S1101,1,ENG24,2,4,C11,89.46251768
837S1101,1,ENG24,3,4,C12,90.0990099
837S1102,1,ENG24,1,4,D1,49.22206506
837S1102,1,ENG24,2,4,D2,41.08910891
837S1102,1,ENG24,3,4,D3,39.21499293
837S1103,1,ENG24,1,4,D4,9.299858557
837S1103,1,ENG24,2,4,D5,9.794908062
837S1103,1,ENG24,3,4,D6,13.50777935
837S1104,1,ENG24,1,4,D7,97.80763791
837S1104,1,ENG24,2,4,D8,98.01980198
837S1104,1,ENG24,3,4,D9,97.34794908
837S1105,1,ENG24,1,4,D10,17.07920792
837S1105,1,ENG24,2,4,D11,9.087694484
837S1105,1,ENG24,3,4,D12,20.12022631
837S1106,1,ENG24,1,4,E1,23.6562942
837S1106,1,ENG24,2,4,E2,22.10042433
837S1106,1,ENG24,3,4,E3,14.99292786
837S1107,1,ENG24,1,4,E4,99.89391796
837S1107,1,ENG24,2,4,E5,99.78783593
837S1107,1,ENG24,3,4,E6,99.92927864
837S1108,1,ENG24,1,4,E7,89.39179632
837S1108,1,ENG24,2,4,E8,88.54314003
837S1108,1,ENG24,3,4,E9,88.89674682
837S1109,1,ENG24,1,4,E10,75.24752475
837S1109,1,ENG24,2,4,E11,73.79773692
837S1109,1,ENG24,3,4,E12,78.57142857
837S1110,1,ENG24,1,4,F1,1.025459689
837S1110,1,ENG24,2,4,F2,-4.59688826
837S1110,1,ENG24,3,4,F3,1.591230552
837S1111,1,ENG24,1,4,F4,53.99575672
837S1111,1,ENG24,2,4,F5,69.41301273
837S1111,1,ENG24,3,4,F6,74.22206506
837S1112,1,ENG24,1,4,F7,86.9165488
837S1112,1,ENG24,2,4,F8,89.71004243
837S1112,1,ENG24,3,4,F9,90.41725601
837S1113,1,ENG24,1,4,F10,99.89391796
837S1113,1,ENG24,2,4,F11,99.89391796
837S1113,1,ENG24,3,4,F12,99.71711457
837S1114,1,ENG24,1,4,G1,74.39886846
837S1114,1,ENG24,2,4,G2,70.89816124
837S1114,1,ENG24,3,4,G3,72.34794908
837S1115,1,ENG24,1,4,G4,-8.345120226
837S1115,1,ENG24,2,4,G5,-6.011315417
837S1115,1,ENG24,3,4,G6,-1.343705799
837S1116,1,ENG24,1,4,G7,3.536067893
837S1116,1,ENG24,2,4,G8,-3.854314003
837S1116,1,ENG24,3,4,G9,-2.227722772
837S1117,1,ENG24,1,4,H1,78.78359264
837S1117,1,ENG24,2,4,H2,75.31824611
837S1117,1,ENG24,3,4,H3,72.17114569
837S1118,1,ENG24,1,4,H4,1.414427157
837S1118,1,ENG24,2,4,H5,15.55869873
837S1118,1,ENG24,3,4,H6,7.56718529
837S1119,1,ENG24,1,4,H7,22.66619519
837S1119,1,ENG24,2,4,H8,17.85714286
837S1119,1,ENG24,3,4,H9,18.63507779
837S1001,1,ENG25,1,1,A1,94.29040197
837S1001,1,ENG25,2,1,A2,94.585726
837S1001,1,ENG25,3,1,A3,95.47169811
837S1002,1,ENG25,1,1,A4,53.83100902
837S1002,1,ENG25,2,1,A5,63.52748154
837S1002,1,ENG25,3,1,A6,34.33962264
837S1003,1,ENG25,1,1,A7,76.47251846
837S1003,1,ENG25,2,1,A8,78.09680066
837S1003,1,ENG25,3,1,A9,76.96472518
837S1004,1,ENG25,1,1,A10,99.90155865
837S1004,1,ENG25,2,1,A11,99.75389664
837S1004,1,ENG25,3,1,A12,99.95077933
837S1005,1,ENG25,1,1,B1,98.12961444
837S1005,1,ENG25,2,1,B2,99.50779327
837S1005,1,ENG25,3,1,B3,99.21246924
837S1006,1,ENG25,1,1,B4,0.475799836
837S1006,1,ENG25,2,1,B5,-1.493027071
837S1006,1,ENG25,3,1,B6,7.612797375
837S1007,1,ENG25,1,1,B7,-20.14766202
837S1007,1,ENG25,2,1,B8,-20.19688269
837S1007,1,ENG25,3,1,B9,-22.60869565
837S1008,1,ENG25,1,1,B10,17.26004922
837S1008,1,ENG25,2,1,B11,12.48564397
837S1008,1,ENG25,3,1,B12,17.21082855
837S1009,1,ENG25,1,1,C1,36.40689089
837S1009,1,ENG25,2,1,C2,19.8195242
837S1009,1,ENG25,3,1,C3,6.529942576
837S1010,1,ENG25,1,1,C4,52.40360952
837S1010,1,ENG25,2,1,C5,34.7826087
837S1010,1,ENG25,3,1,C6,51.07465135
837S1011,1,ENG25,1,1,C7,16.91550451
837S1011,1,ENG25,2,1,C8,15.38966366
837S1011,1,ENG25,3,1,C9,13.66694011
837S1012,1,ENG25,1,1,C10,65.64397047
837S1012,1,ENG25,2,1,C11,54.37243642
837S1012,1,ENG25,3,1,C12,61.06644791
837S1013,1,ENG25,1,1,D1,95.3240361
837S1013,1,ENG25,2,1,D2,91.92780968
837S1013,1,ENG25,3,1,D3,91.97703035
837S1014,1,ENG25,1,1,D4,98.67104184
837S1014,1,ENG25,2,1,D5,97.39130435
837S1014,1,ENG25,3,1,D6,98.47415915
837S1015,1,ENG25,1,1,D7,64.06890894
837S1015,1,ENG25,2,1,D8,72.09187859
837S1015,1,ENG25,3,1,D9,70.12305168
837S1016,1,ENG25,1,1,D10,100
837S1016,1,ENG25,2,1,D11,99.85233798
837S1016,1,ENG25,3,1,D12,99.80311731
837S1017,1,ENG25,1,1,E1,68.79409352
837S1017,1,ENG25,2,1,E2,52.94503692
837S1017,1,ENG25,3,1,E3,54.22477441
837S1018,1,ENG25,1,1,E4,34.7826087
837S1018,1,ENG25,2,1,E5,44.28219852
837S1018,1,ENG25,3,1,E6,46.49712879
837S1019,1,ENG25,1,1,E7,3.576702215
837S1019,1,ENG25,2,1,E8,28.33470057
837S1019,1,ENG25,3,1,E9,-1.591468417
837S1020,1,ENG25,1,1,E10,-0.459392945
837S1020,1,ENG25,2,1,E11,-2.821985234
837S1020,1,ENG25,3,1,E12,-1.936013126
837S1021,1,ENG25,1,1,F1,19.52420016
837S1021,1,ENG25,2,1,F2,18.14602133
837S1021,1,ENG25,3,1,F3,19.8195242
837S1022,1,ENG25,1,1,F4,75.43888433
837S1022,1,ENG25,2,1,F5,73.86382281
837S1022,1,ENG25,3,1,F6,79.91796555
837S1023,1,ENG25,1,1,F7,61.2633306
837S1023,1,ENG25,2,1,F8,65.84085316
837S1023,1,ENG25,3,1,F9,69.68006563
837S1024,1,ENG25,1,1,G1,55.60295324
837S1024,1,ENG25,2,1,G2,43.88843314
837S1024,1,ENG25,3,1,G3,48.71205906
837S1025,1,ENG25,1,1,G4,60.22969647
837S1025,1,ENG25,2,1,G5,55.11074651
837S1025,1,ENG25,3,1,G6,66.92370796
837S1026,1,ENG25,1,1,G7,-7.104183757
837S1026,1,ENG25,2,1,G8,1.312551272
837S1026,1,ENG25,3,1,G9,-4.052502051
837S1027,1,ENG25,1,1,H1,19.57342084
837S1027,1,ENG25,2,1,H2,18.14602133
837S1027,1,ENG25,3,1,H3,12.19031993
837S1028,1,ENG25,1,1,H4,87.94093519
837S1028,1,ENG25,2,1,H5,83.90484003
837S1028,1,ENG25,3,1,H6,87.15340443
837S1029,1,ENG25,1,1,H7,12.09187859
837S1029,1,ENG25,2,1,H8,12.28876128
837S1029,1,ENG25,3,1,H9,16.37407711
837S1030,1,ENG25,1,2,A1,38.63636364
837S1030,1,ENG25,2,2,A2,39.43573668
837S1030,1,ENG25,3,2,A3,33.60501567
837S1031,1,ENG25,1,2,A4,40.84639498
837S1031,1,ENG25,2,2,A5,38.87147335
837S1031,1,ENG25,3,2,A6,39.2476489
837S1032,1,ENG25,1,2,A7,99.48275862
837S1032,1,ENG25,2,2,A8,99.43573668
837S1032,1,ENG25,3,2,A9,99.29467085
837S1033,1,ENG25,1,2,A10,85.51724138
837S1033,1,ENG25,2,2,A11,85.18808777
837S1033,1,ENG25,3,2,A12,87.77429467
837S1034,1,ENG25,1,2,B1,83.9184953
837S1034,1,ENG25,2,2,B2,80.15673981
837S1034,1,ENG25,3,2,B3,81.28526646
837S1035,1,ENG25,1,2,B4,71.31661442
837S1035,1,ENG25,2,2,B5,69.43573668
837S1035,1,ENG25,3,2,B6,70.61128527
837S1036,1,ENG25,1,2,B7,42.82131661
837S1036,1,ENG25,2,2,B8,42.30407524
837S1036,1,ENG25,3,2,B9,45.26645768
837S1037,1,ENG25,1,2,B10,54.76489028
837S1037,1,ENG25,2,2,B11,51.75548589
837S1037,1,ENG25,3,2,B12,54.81191223
837S1038,1,ENG25,1,2,C1,90.07836991
837S1038,1,ENG25,2,2,C2,85.7523511
837S1038,1,ENG25,3,2,C3,86.12852665
837S1039,1,ENG25,1,2,C4,90.03134796
837S1039,1,ENG25,2,2,C5,88.76175549
837S1039,1,ENG25,3,2,C6,84.15360502
837S1040,1,ENG25,1,2,C7,96.42633229
837S1040,1,ENG25,2,2,C8,96.94357367
837S1040,1,ENG25,3,2,C9,97.50783699
837S1041,1,ENG25,1,2,C10,26.59874608
837S1041,1,ENG25,2,2,C11,22.22570533
837S1041,1,ENG25,3,2,C12,39.01253918
837S1042,1,ENG25,1,2,D1,25.70532915
837S1042,1,ENG25,2,2,D2,3.463949843
837S1042,1,ENG25,3,2,D3,7.037617555
837S1043,1,ENG25,1,2,D4,99.38871473
837S1043,1,ENG25,2,2,D5,99.85893417
837S1043,1,ENG25,3,2,D6,99.62382445
837S1044,1,ENG25,1,2,D7,55.14106583
837S1044,1,ENG25,2,2,D8,59.89028213
837S1044,1,ENG25,3,2,D9,53.54231975
837S1045,1,ENG25,1,2,D10,15.26645768
837S1045,1,ENG25,2,2,D11,13.15047022
837S1045,1,ENG25,3,2,D12,12.39811912
837S1046,1,ENG25,1,2,E1,19.4984326
837S1046,1,ENG25,2,2,E2,7.695924765
837S1046,1,ENG25,3,2,E3,19.12225705
837S1047,1,ENG25,1,2,E4,99.85893417
837S1047,1,ENG25,2,2,E5,99.76489028
837S1047,1,ENG25,3,2,E6,99.85893417
837S1048,1,ENG25,1,2,E7,24.01253918
837S1048,1,ENG25,2,2,E8,24.34169279
837S1048,1,ENG25,3,2,E9,22.78996865
837S1049,1,ENG25,1,2,E10,76.11285266
837S1049,1,ENG25,2,2,E11,65.297805640000007
837S1049,1,ENG25,3,2,E12,63.22884013
837S1050,1,ENG25,1,2,F1,99.76489028
837S1050,1,ENG25,2,2,F2,100
837S1050,1,ENG25,3,2,F3,99.85893417
837S1051,1,ENG25,1,2,F4,64.21630094
837S1051,1,ENG25,2,2,F5,61.72413793
837S1051,1,ENG25,3,2,F6,63.27586207
837S1052,1,ENG25,1,2,F7,75.07836991
837S1052,1,ENG25,2,2,F8,63.22884013
837S1052,1,ENG25,3,2,F9,56.69278997
837S1053,1,ENG25,1,2,F10,86.45768025
837S1053,1,ENG25,2,2,F11,84.38871473
837S1053,1,ENG25,3,2,F12,85.04702194
837S1054,1,ENG25,1,2,G1,58.9968652
837S1054,1,ENG25,2,2,G2,50.39184953
837S1054,1,ENG25,3,2,G3,54.2476489
837S1055,1,ENG25,1,2,G4,81.3322884
837S1055,1,ENG25,2,2,G5,75.97178683
837S1055,1,ENG25,3,2,G6,79.26332288
837S1056,1,ENG25,1,2,G7,36.89655172
837S1056,1,ENG25,2,2,G8,29.51410658
837S1056,1,ENG25,3,2,G9,31.72413793
837S1057,1,ENG25,1,2,H1,99.43573668
837S1057,1,ENG25,2,2,H2,99.38871473
837S1057,1,ENG25,3,2,H3,98.96551724
837S1058,1,ENG25,1,2,H4,9.811912226
837S1058,1,ENG25,2,2,H5,6.614420063
837S1058,1,ENG25,3,2,H6,13.10344828
837S1059,1,ENG25,1,2,H7,81.66144201
837S1059,1,ENG25,2,2,H8,81.99059561
837S1059,1,ENG25,3,2,H9,78.98119122
837S1060,1,ENG25,1,3,A1,53.44234079
837S1060,1,ENG25,2,3,A2,40.8777969
837S1060,1,ENG25,3,3,A3,32.22891566
837S1061,1,ENG25,1,3,A4,86.35972461
837S1061,1,ENG25,2,3,A5,85.97246127
837S1061,1,ENG25,3,3,A6,85.58519793
837S1062,1,ENG25,1,3,A7,97.93459552
837S1062,1,ENG25,2,3,A8,97.93459552
837S1062,1,ENG25,3,3,A9,97.89156627
837S1063,1,ENG25,1,3,A10,-8.4767642
837S1063,1,ENG25,2,3,A11,-15.53356282
837S1063,1,ENG25,3,3,A12,12.00516351
837S1064,1,ENG25,1,3,B1,91.9535284
837S1064,1,ENG25,2,3,B2,84.59552496
837S1064,1,ENG25,3,3,B3,79.17383821
837S1065,1,ENG25,1,3,B4,58.60585198
837S1065,1,ENG25,2,3,B5,60.92943201
837S1065,1,ENG25,3,3,B6,57.31497418
837S1066,1,ENG25,1,3,B7,100
837S1066,1,ENG25,2,3,B8,99.95697074
837S1066,1,ENG25,3,3,B9,99.87091222
837S1067,1,ENG25,1,3,B10,10.28399312
837S1067,1,ENG25,2,3,B11,0.215146299
837S1067,1,ENG25,3,3,B12,17.77108434
837S1068,1,ENG25,1,3,C1,79.90533563
837S1068,1,ENG25,2,3,C2,84.9827883
837S1068,1,ENG25,3,3,C3,86.83304647
837S1069,1,ENG25,1,3,C4,96.47160069
837S1069,1,ENG25,2,3,C5,96.90189329
837S1069,1,ENG25,3,3,C6,96.04130809
837S1070,1,ENG25,1,3,C7,-13.46815835
837S1070,1,ENG25,2,3,C8,-11.70395869
837S1070,1,ENG25,3,3,C9,-11.31669535
837S1071,1,ENG25,1,3,C10,9.595524957
837S1071,1,ENG25,2,3,C11,11.40275387
837S1071,1,ENG25,3,3,C12,11.66092943
837S1072,1,ENG25,1,3,D1,100
837S1072,1,ENG25,2,3,D2,100
837S1072,1,ENG25,3,3,D3,99.95697074
837S1073,1,ENG25,1,3,D4,80.20654045
837S1073,1,ENG25,2,3,D5,78.57142857
837S1073,1,ENG25,3,3,D6,79.64716007
837S1074,1,ENG25,1,3,D7,51.80722892
837S1074,1,ENG25,2,3,D8,55.80895009
837S1074,1,ENG25,3,3,D9,51.97934596
837S1075,1,ENG25,1,3,D10,-17.29776248
837S1075,1,ENG25,2,3,D11,-1.506024096
837S1075,1,ENG25,3,3,D12,22.59036145
837S1076,1,ENG25,1,3,E1,72.80550775
837S1076,1,ENG25,2,3,E2,67.1686747
837S1076,1,ENG25,3,3,E3,69.96557659
837S1077,1,ENG25,1,3,E4,74.1394148
837S1077,1,ENG25,2,3,E5,76.5060241
837S1077,1,ENG25,3,3,E6,72.46127367
837S1078,1,ENG25,1,3,E7,63.16695353
837S1078,1,ENG25,2,3,E8,65.232358
837S1078,1,ENG25,3,3,E9,63.46815835
837S1079,1,ENG25,1,3,E10,71.38554217
837S1079,1,ENG25,2,3,E11,70.74010327
837S1079,1,ENG25,3,3,E12,68.37349398
837S1080,1,ENG25,1,3,F1,23.0636833
837S1080,1,ENG25,2,3,F2,14.8020654
837S1080,1,ENG25,3,3,F3,22.07401033
837S1081,1,ENG25,1,3,F4,100
837S1081,1,ENG25,2,3,F5,99.91394148
837S1081,1,ENG25,3,3,F6,100
837S1082,1,ENG25,1,3,F7,61.23063683
837S1082,1,ENG25,2,3,F8,61.79001721
837S1082,1,ENG25,3,3,F9,59.25129088
837S1083,1,ENG25,1,3,F10,59.1222031
837S1083,1,ENG25,2,3,F11,49.82788296
837S1083,1,ENG25,3,3,F12,55.37865749
837S1084,1,ENG25,1,3,G1,39.71600688
837S1084,1,ENG25,2,3,G2,22.89156627
837S1084,1,ENG25,3,3,G3,37.22030981
837S1085,1,ENG25,1,3,G4,-7.659208262
837S1085,1,ENG25,2,3,G5,-3.657487091
837S1085,1,ENG25,3,3,G6,-3.786574871
837S1086,1,ENG25,1,3,G7,34.9827883
837S1086,1,ENG25,2,3,G8,47.71944923
837S1086,1,ENG25,3,3,G9,15.18932874
837S1087,1,ENG25,1,3,H1,88.12392427
837S1087,1,ENG25,2,3,H2,85.62822719
837S1087,1,ENG25,3,3,H3,87.73666093
837S1088,1,ENG25,1,3,H4,73.7091222
837S1088,1,ENG25,2,3,H5,77.23752151
837S1088,1,ENG25,3,3,H6,73.75215146
837S1089,1,ENG25,1,3,H7,57.09982788
837S1089,1,ENG25,2,3,H8,57.1858864
837S1089,1,ENG25,3,3,H9,63.98450947
837S1090,1,ENG25,1,4,A1,64.7192029
837S1090,1,ENG25,2,4,A2,59.05797101
837S1090,1,ENG25,3,4,A3,53.80434783
837S1091,1,ENG25,1,4,A4,16.66666667
837S1091,1,ENG25,2,4,A5,15.98731884
837S1091,1,ENG25,3,4,A6,5.298913043
837S1092,1,ENG25,1,4,A7,62.0923913
837S1092,1,ENG25,2,4,A8,54.89130435
837S1092,1,ENG25,3,4,A9,58.15217391
837S1093,1,ENG25,1,4,A10,88.08876812
837S1093,1,ENG25,2,4,A11,87.63586957
837S1093,1,ENG25,3,4,A12,90.2173913
837S1094,1,ENG25,1,4,B1,91.25905797
837S1094,1,ENG25,2,4,B2,89.08514493
837S1094,1,ENG25,3,4,B3,90.57971014
837S1095,1,ENG25,1,4,B4,68.52355072
837S1095,1,ENG25,2,4,B5,75.86050725
837S1095,1,ENG25,3,4,B6,76.44927536
837S1096,1,ENG25,1,4,B7,44.11231884
837S1096,1,ENG25,2,4,B8,25.13586957
837S1096,1,ENG25,3,4,B9,31.79347826
837S1097,1,ENG25,1,4,B10,59.73731884
837S1097,1,ENG25,2,4,B11,49.86413043
837S1097,1,ENG25,3,4,B12,50.45289855
837S1098,1,ENG25,1,4,C1,83.9673913
837S1098,1,ENG25,2,4,C2,81.15942029
837S1098,1,ENG25,3,4,C3,81.83876812
837S1099,1,ENG25,1,4,C4,88.85869565
837S1099,1,ENG25,2,4,C5,85.46195652
837S1099,1,ENG25,3,4,C6,87.27355072
837S1100,1,ENG25,1,4,C7,78.89492754
837S1100,1,ENG25,2,4,C8,76.17753623
837S1100,1,ENG25,3,4,C9,76.49456522
837S1101,1,ENG25,1,4,C10,90.35326087
837S1101,1,ENG25,2,4,C11,87.5
837S1101,1,ENG25,3,4,C12,90.39855072
837S1102,1,ENG25,1,4,D1,49.45652174
837S1102,1,ENG25,2,4,D2,28.48731884
837S1102,1,ENG25,3,4,D3,26.63043478
837S1103,1,ENG25,1,4,D4,-12.00181159
837S1103,1,ENG25,2,4,D5,-9.375
837S1103,1,ENG25,3,4,D6,-12.63586957
837S1104,1,ENG25,1,4,D7,94.06702899
837S1104,1,ENG25,2,4,D8,94.42934783
837S1104,1,ENG25,3,4,D9,93.65942029
837S1105,1,ENG25,1,4,D10,48.82246377
837S1105,1,ENG25,2,4,D11,40.80615942
837S1105,1,ENG25,3,4,D12,44.61050725
837S1106,1,ENG25,1,4,E1,67.34601449
837S1106,1,ENG25,2,4,E2,62.04710145
837S1106,1,ENG25,3,4,E3,62.9076087
837S1107,1,ENG25,1,4,E4,53.62318841
837S1107,1,ENG25,2,4,E5,41.48550725
837S1107,1,ENG25,3,4,E6,46.64855072
837S1108,1,ENG25,1,4,E7,92.07427536
837S1108,1,ENG25,2,4,E8,89.13043478
837S1108,1,ENG25,3,4,E9,89.7192029
837S1109,1,ENG25,1,4,E10,13.26992754
837S1109,1,ENG25,2,4,E11,16.12318841
837S1109,1,ENG25,3,4,E12,7.835144928
837S1110,1,ENG25,1,4,F1,-12.31884058
837S1110,1,ENG25,2,4,F2,-34.51086957
837S1110,1,ENG25,3,4,F3,-17.4365942
837S1111,1,ENG25,1,4,F4,67.52717391
837S1111,1,ENG25,2,4,F5,68.25181159
837S1111,1,ENG25,3,4,F6,69.97282609
837S1112,1,ENG25,1,4,F7,93.11594203
837S1112,1,ENG25,2,4,F8,93.25181159
837S1112,1,ENG25,3,4,F9,94.51992754
837S1113,1,ENG25,1,4,F10,99.90942029
837S1113,1,ENG25,2,4,F11,99.90942029
837S1113,1,ENG25,3,4,F12,99.95471014
837S1114,1,ENG25,1,4,G1,83.65036232
837S1114,1,ENG25,2,4,G2,84.23913043
837S1114,1,ENG25,3,4,G3,78.75905797
837S1115,1,ENG25,1,4,G4,27.53623188
837S1115,1,ENG25,2,4,G5,3.079710145
837S1115,1,ENG25,3,4,G6,9.329710145
837S1116,1,ENG25,1,4,G7,15.57971014
837S1116,1,ENG25,2,4,G8,19.33876812
837S1116,1,ENG25,3,4,G9,22.50905797
837S1117,1,ENG25,1,4,H1,96.64855072
837S1117,1,ENG25,2,4,H2,96.73913043
837S1117,1,ENG25,3,4,H3,95.28985507
837S1118,1,ENG25,1,4,H4,3.668478261
837S1118,1,ENG25,2,4,H5,-5.434782609
837S1118,1,ENG25,3,4,H6,-17.30072464
837S1119,1,ENG25,1,4,H7,29.57427536
837S1119,1,ENG25,2,4,H8,14.22101449
837S1119,1,ENG25,3,4,H9,26.58514493
837S1120,2,THA22,1,1,A1,97.6228978
837S1120,2,THA22,2,1,A2,97.76843467
837S1120,2,THA22,3,1,A3,97.18628719
837S1121,2,THA22,1,1,A4,78.94566624
837S1121,2,THA22,2,1,A5,79.23673997
837S1121,2,THA22,3,1,A6,80.44954722
837S1122,2,THA22,1,1,A7,83.21474774
837S1122,2,THA22,2,1,A8,81.71086675
837S1122,2,THA22,3,1,A9,78.60608021
837S1123,2,THA22,1,1,A10,92.62613195
837S1123,2,THA22,2,1,A11,91.99547219
837S1123,2,THA22,3,1,A12,91.60737387
837S1124,2,THA22,1,1,B1,63.4702458
837S1124,2,THA22,2,1,B2,59.73479948
837S1124,2,THA22,3,1,B3,50.12936611
837S1125,2,THA22,1,1,B4,29.80271669
837S1125,2,THA22,2,1,B5,30.28783959
837S1125,2,THA22,3,1,B6,31.45213454
837S1126,2,THA22,1,1,B7,78.41203105
837S1126,2,THA22,2,1,B8,78.41203105
837S1126,2,THA22,3,1,B9,78.36351876
837S1127,2,THA22,1,1,B10,60.6080207
837S1127,2,THA22,2,1,B11,45.47218629
837S1127,2,THA22,3,1,B12,53.33117723
837S1128,2,THA22,1,1,C1,61.19016818
837S1128,2,THA22,2,1,C2,50.66300129
837S1128,2,THA22,3,1,C3,48.96507115
837S1129,2,THA22,1,1,C4,96.45860285
837S1129,2,THA22,2,1,C5,97.23479948
837S1129,2,THA22,3,1,C6,97.47736093
837S1130,2,THA22,1,1,C7,96.45860285
837S1130,2,THA22,2,1,C8,94.85769728
837S1130,2,THA22,3,1,C9,95.58538163
837S1131,2,THA22,1,1,C10,68.85510996
837S1131,2,THA22,2,1,C11,75.40426908
837S1131,2,THA22,3,1,C12,71.08667529
837S1132,2,THA22,1,1,D1,76.2774903
837S1132,2,THA22,2,1,D2,68.80659767
837S1132,2,THA22,3,1,D3,71.18369987
837S1133,2,THA22,1,1,D4,99.07826649
837S1133,2,THA22,2,1,D5,99.46636481
837S1133,2,THA22,3,1,D6,99.75743855
837S1134,2,THA22,1,1,D7,100
837S1134,2,THA22,2,1,D8,100
837S1134,2,THA22,3,1,D9,100
837S1135,2,THA22,1,1,D10,38.68046572
837S1135,2,THA22,2,1,D11,46.73350582
837S1135,2,THA22,3,1,D12,39.11707633
837S1136,2,THA22,1,1,E1,79.576326
837S1136,2,THA22,2,1,E2,78.02393273
837S1136,2,THA22,3,1,E3,77.63583441
837S1137,2,THA22,1,1,E4,81.12871928
837S1137,2,THA22,2,1,E5,80.78913325
837S1137,2,THA22,3,1,E6,87.04721863
837S1138,2,THA22,1,1,E7,48.7225097
837S1138,2,THA22,2,1,E8,55.3686934
837S1138,2,THA22,3,1,E9,38.43790427
837S1139,2,THA22,1,1,E10,88.01746442
837S1139,2,THA22,2,1,E11,85.15523933
837S1139,2,THA22,3,1,E12,83.8454075
837S1140,2,THA22,1,1,F1,98.35058215
837S1140,2,THA22,2,1,F2,98.64165589
837S1140,2,THA22,3,1,F3,98.1080207
837S1141,2,THA22,1,1,F4,86.95019405
837S1141,2,THA22,2,1,F5,84.96119017
837S1141,2,THA22,3,1,F6,84.18499353
837S1142,2,THA22,1,1,F7,99.85446313
837S1142,2,THA22,2,1,F8,100
837S1142,2,THA22,3,1,F9,100
837S1143,2,THA22,1,1,G1,69.29172057
837S1143,2,THA22,2,1,G2,67.69081501
837S1143,2,THA22,3,1,G3,67.01164295
837S1144,2,THA22,1,1,G4,100
837S1144,2,THA22,2,1,G5,99.95148771
837S1144,2,THA22,3,1,G6,100
837S1145,2,THA22,1,1,G7,14.66688228
837S1145,2,THA22,2,1,G8,12.09573092
837S1145,2,THA22,3,1,G9,13.5996119
837S1146,2,THA22,1,1,H1,86.7076326
837S1146,2,THA22,2,1,H2,80.83764554
837S1146,2,THA22,3,1,H3,84.86416559
837S1147,2,THA22,1,1,H4,94.51811125
837S1147,2,THA22,2,1,H5,93.79042691
837S1147,2,THA22,3,1,H6,94.51811125
837S1148,2,THA22,1,1,H7,98.39909444
837S1148,2,THA22,2,1,H8,98.73868047
837S1148,2,THA22,3,1,H9,98.83570505
837S1149,2,THA22,1,2,A1,97.16045673
837S1149,2,THA22,2,2,A2,96.66466346
837S1149,2,THA22,3,2,A3,97.56610577
837S1150,2,THA22,1,2,A4,88.37139423
837S1150,2,THA22,2,2,A5,83.27824519
837S1150,2,THA22,3,2,A6,86.47836538
837S1151,2,THA22,1,2,A7,100
837S1151,2,THA22,2,2,A8,99.95492788
837S1151,2,THA22,3,2,A9,100
837S1152,2,THA22,1,2,A10,50.96153846
837S1152,2,THA22,2,2,A11,48.30228365
837S1152,2,THA22,3,2,A12,52.04326923
837S1153,2,THA22,1,2,B1,44.69651442
837S1153,2,THA22,2,2,B2,59.75060096
837S1153,2,THA22,3,2,B3,38.65685096
837S1154,2,THA22,1,2,B4,89.27283654
837S1154,2,THA22,2,2,B5,90.67007212
837S1154,2,THA22,3,2,B6,89.99399038
837S1155,2,THA22,1,2,B7,99.81971154
837S1155,2,THA22,2,2,B8,99.63942308
837S1155,2,THA22,3,2,B9,99.68449519
837S1156,2,THA22,1,2,B10,43.75
837S1156,2,THA22,2,2,B11,42.62319712
837S1156,2,THA22,3,2,B12,48.88822115
837S1157,2,THA22,1,2,C1,99.95492788
837S1157,2,THA22,2,2,C2,99.95492788
837S1157,2,THA22,3,2,C3,100
837S1158,2,THA22,1,2,C4,64.52824519
837S1158,2,THA22,2,2,C5,66.10576923
837S1158,2,THA22,3,2,C6,65.47475962
837S1159,2,THA22,1,2,C7,100
837S1159,2,THA22,2,2,C8,100
837S1159,2,THA22,3,2,C9,100
837S1160,2,THA22,1,2,C10,99.23377404
837S1160,2,THA22,2,2,C11,99.68449519
837S1160,2,THA22,3,2,C12,99.54927885
837S1161,2,THA22,1,2,D1,94.59134615
837S1161,2,THA22,2,2,D2,92.83353365
837S1161,2,THA22,3,2,D3,96.21394231
837S1162,2,THA22,1,2,D4,100
837S1162,2,THA22,2,2,D5,99.90985577
837S1162,2,THA22,3,2,D6,100
837S1163,2,THA22,1,2,D7,32.34675481
837S1163,2,THA22,2,2,D8,31.17487981
837S1163,2,THA22,3,2,D9,27.34375
837S1164,2,THA22,1,2,D10,56.68569712
837S1164,2,THA22,2,2,D11,53.66586538
837S1164,2,THA22,3,2,D12,59.79567308
837S1165,2,THA22,1,2,E1,99.77463942
837S1165,2,THA22,2,2,E2,99.59435096
837S1165,2,THA22,3,2,E3,99.63942308
837S1166,2,THA22,1,2,E4,46.27403846
837S1166,2,THA22,2,2,E5,45.10216346
837S1166,2,THA22,3,2,E6,49.74459135
837S1167,2,THA22,1,2,E7,54.83774038
837S1167,2,THA22,2,2,E8,56.37019231
837S1167,2,THA22,3,2,E9,49.33894231
837S1168,2,THA22,1,2,E10,76.15685096
837S1168,2,THA22,2,2,E11,79.53725962
837S1168,2,THA22,3,2,E12,76.78786058
837S1169,2,THA22,1,2,F1,73.81310096
837S1169,2,THA22,2,2,F2,78.99639423
837S1169,2,THA22,3,2,F3,72.37079327
837S1170,2,THA22,1,2,F4,7.647235577
837S1170,2,THA22,2,2,F5,6.385216346
837S1170,2,THA22,3,2,F6,3.185096154
837S1171,2,THA22,1,2,F7,70.83834135
837S1171,2,THA22,2,2,F8,59.02944712
837S1171,2,THA22,3,2,F9,54.02644231
837S1172,2,THA22,1,2,F10,83.18810096
837S1172,2,THA22,2,2,F11,82.24158654
837S1172,2,THA22,3,2,F12,83.45853365
837S1173,2,THA22,1,2,G1,97.83653846
837S1173,2,THA22,2,2,G2,96.30408654
837S1173,2,THA22,3,2,G3,96.12379808
837S1174,2,THA22,1,2,G4,95.17728365
837S1174,2,THA22,2,2,G5,93.28425481
837S1174,2,THA22,3,2,G6,94.90685096
837S1175,2,THA22,1,2,G7,79.4921875
837S1175,2,THA22,2,2,G8,79.80769231
837S1175,2,THA22,3,2,G9,82.33173077
837S1176,2,THA22,1,2,H1,60.69711538
837S1176,2,THA22,2,2,H2,62.22956731
837S1176,2,THA22,3,2,H3,58.08293269
837S1177,2,THA22,1,2,H4,93.05889423
837S1177,2,THA22,2,2,H5,94.09555288
837S1177,2,THA22,3,2,H6,93.78004808
837S1178,2,THA22,1,2,H7,88.32632212
837S1178,2,THA22,2,2,H8,88.41646635
837S1178,2,THA22,3,2,H9,86.34314904
837S1179,2,THA22,1,3,A1,99.95512341
837S1179,2,THA22,2,3,A2,99.32685116
837S1179,2,THA22,3,3,A3,98.92296185
837S1180,2,THA22,1,3,A4,94.34554974
837S1180,2,THA22,2,3,A5,93.89678384
837S1180,2,THA22,3,3,A6,93.71727749
837S1181,2,THA22,1,3,A7,76.17053104
837S1181,2,THA22,2,3,A8,74.15108452
837S1181,2,THA22,3,3,A9,76.17053104
837S1182,2,THA22,1,3,A10,82.54300673
837S1182,2,THA22,2,3,A11,78.54899028
837S1182,2,THA22,3,3,A12,79.26701571
837S1183,2,THA22,1,3,B1,100
837S1183,2,THA22,2,3,B2,100
837S1183,2,THA22,3,3,B3,100
837S1184,2,THA22,1,3,B4,93.6724009
837S1184,2,THA22,2,3,B5,92.72999252
837S1184,2,THA22,3,3,B6,92.86462229
837S1185,2,THA22,1,3,B7,44.62228871
837S1185,2,THA22,2,3,B8,60.01495886
837S1185,2,THA22,3,3,B9,49.46896036
837S1186,2,THA22,1,3,B10,99.95512341
837S1186,2,THA22,2,3,B11,99.95512341
837S1186,2,THA22,3,3,B12,99.95512341
837S1187,2,THA22,1,3,C1,83.70979806
837S1187,2,THA22,2,3,C2,77.96559461
837S1187,2,THA22,3,3,C3,74.644727
837S1188,2,THA22,1,3,C4,80.07479432
837S1188,2,THA22,2,3,C5,76.70905011
837S1188,2,THA22,3,3,C6,77.42707554
837S1189,2,THA22,1,3,C7,99.37172775
837S1189,2,THA22,2,3,C8,99.41660434
837S1189,2,THA22,3,3,C9,99.55123411
837S1190,2,THA22,1,3,C10,76.26028422
837S1190,2,THA22,2,3,C11,81.28646223
837S1190,2,THA22,3,3,C12,78.72849663
837S1191,2,THA22,1,3,D1,96.00598355
837S1191,2,THA22,2,3,D2,94.12116679
837S1191,2,THA22,3,3,D3,94.79431563
837S1192,2,THA22,1,3,D4,99.46148093
837S1192,2,THA22,2,3,D5,98.65370232
837S1192,2,THA22,3,3,D6,99.05759162
837S1193,2,THA22,1,3,D7,47.71877337
837S1193,2,THA22,2,3,D8,52.16155572
837S1193,2,THA22,3,3,D9,46.73148841
837S1194,2,THA22,1,3,D10,68.3171279
837S1194,2,THA22,2,3,D11,71.59311892
837S1194,2,THA22,3,3,D12,72.49065071
837S1195,2,THA22,1,3,E1,99.55123411
837S1195,2,THA22,2,3,E2,99.28197457
837S1195,2,THA22,3,3,E3,98.96783844
837S1196,2,THA22,1,3,E4,40.31413613
837S1196,2,THA22,2,3,E5,38.47419596
837S1196,2,THA22,3,3,E6,51.93717277
837S1197,2,THA22,1,3,E7,100
837S1197,2,THA22,2,3,E8,100
837S1197,2,THA22,3,3,E9,100
837S1198,2,THA22,1,3,E10,99.77561705
837S1198,2,THA22,2,3,E11,99.82049364
837S1198,2,THA22,3,3,E12,99.95512341
837S1199,2,THA22,1,3,F1,100
837S1199,2,THA22,2,3,F2,99.95512341
837S1199,2,THA22,3,3,F3,99.50635752
837S1200,2,THA22,1,3,F4,99.95512341
837S1200,2,THA22,2,3,F5,99.82049364
837S1200,2,THA22,3,3,F6,99.95512341
837S1201,2,THA22,1,3,F7,97.71129394
837S1201,2,THA22,2,3,F8,99.01271503
837S1201,2,THA22,3,3,F9,98.65370232
837S1202,2,THA22,1,3,F10,84.69708302
837S1202,2,THA22,2,3,F11,80.16454749
837S1202,2,THA22,3,3,F12,83.21615557
837S1203,2,THA22,1,3,G1,99.5961107
837S1203,2,THA22,2,3,G2,99.50635752
837S1203,2,THA22,3,3,G3,99.55123411
837S1204,2,THA22,1,3,G4,49.64846672
837S1204,2,THA22,2,3,G5,34.70456245
837S1204,2,THA22,3,3,G6,50.68062827
837S1205,2,THA22,1,3,G7,99.37172775
837S1205,2,THA22,2,3,G8,99.23709798
837S1205,2,THA22,3,3,G9,99.37172775
837S1206,2,THA22,1,3,H1,41.34629768
837S1206,2,THA22,2,3,H2,28.01795064
837S1206,2,THA22,3,3,H3,17.02318624
837S1207,2,THA22,1,3,H4,90.35153328
837S1207,2,THA22,2,3,H5,90.57591623
837S1207,2,THA22,3,3,H6,91.83246073
837S1208,2,THA22,1,3,H7,17.6065819
837S1208,2,THA22,2,3,H8,34.56993269
837S1208,2,THA22,3,3,H9,27.21017203
837S1209,2,THA22,1,4,A1,45.83157004
837S1209,2,THA22,2,4,A2,38.97587812
837S1209,2,THA22,3,4,A3,45.11214558
837S1210,2,THA22,1,4,A4,96.06432501
837S1210,2,THA22,2,4,A5,95.59881507
837S1210,2,THA22,3,4,A6,94.07532797
837S1211,2,THA22,1,4,A7,99.95768091
837S1211,2,THA22,2,4,A8,100
837S1211,2,THA22,3,4,A9,99.95768091
837S1212,2,THA22,1,4,A10,99.49217097
837S1212,2,THA22,2,4,A11,99.61912823
837S1212,2,THA22,3,4,A12,99.53449006
837S1213,2,THA22,1,4,B1,84.25730004
837S1213,2,THA22,2,4,B2,82.35294118
837S1213,2,THA22,3,4,B3,86.41557342
837S1214,2,THA22,1,4,B4,96.19128227
837S1214,2,THA22,2,4,B5,95.13330512
837S1214,2,THA22,3,4,B6,96.48751587
837S1215,2,THA22,1,4,B7,33.60135421
837S1215,2,THA22,2,4,B8,20.60939484
837S1215,2,THA22,3,4,B9,14.81168007
837S1216,2,THA22,1,4,B10,82.73381295
837S1216,2,THA22,2,4,B11,81.16800677
837S1216,2,THA22,3,4,B12,84.29961913
837S1217,2,THA22,1,4,C1,58.69657215
837S1217,2,THA22,2,4,C2,49.00550148
837S1217,2,THA22,3,4,C3,46.00084638
837S1218,2,THA22,1,4,C4,99.02666102
837S1218,2,THA22,2,4,C5,96.9953449
837S1218,2,THA22,3,4,C6,96.52983496
837S1219,2,THA22,1,4,C7,68.472281
837S1219,2,THA22,2,4,C8,70.29200169
837S1219,2,THA22,3,4,C9,62.71688532
837S1220,2,THA22,1,4,C10,93.65213711
837S1220,2,THA22,2,4,C11,95.17562421
837S1220,2,THA22,3,4,C12,94.75243335
837S1221,2,THA22,1,4,D1,99.61912823
837S1221,2,THA22,2,4,D2,99.57680914
837S1221,2,THA22,3,4,D3,99.53449006
837S1222,2,THA22,1,4,D4,99.57680914
837S1222,2,THA22,2,4,D5,99.15361828
837S1222,2,THA22,3,4,D6,99.44985188
837S1223,2,THA22,1,4,D7,94.37156157
837S1223,2,THA22,2,4,D8,94.54083792
837S1223,2,THA22,3,4,D9,94.37156157
837S1224,2,THA22,1,4,D10,100
837S1224,2,THA22,2,4,D11,99.91536183
837S1224,2,THA22,3,4,D12,99.95768091
837S1225,2,THA22,1,4,E1,43.842573
837S1225,2,THA22,2,4,E2,38.89123995
837S1225,2,THA22,3,4,E3,34.06686416
837S1226,2,THA22,1,4,E4,75.79348286
837S1226,2,THA22,2,4,E5,71.05374524
837S1226,2,THA22,3,4,E6,78.29030893
837S1227,2,THA22,1,4,E7,99.95768091
837S1227,2,THA22,2,4,E8,99.95768091
837S1227,2,THA22,3,4,E9,100
837S1228,2,THA22,1,4,E10,100
837S1228,2,THA22,2,4,E11,100
837S1228,2,THA22,3,4,E12,100
837S1229,2,THA22,1,4,F1,59.58527296
837S1229,2,THA22,2,4,F2,57.0461278
837S1229,2,THA22,3,4,F3,53.61828185
837S1230,2,THA22,1,4,F4,70.20736352
837S1230,2,THA22,2,4,F5,73.25433771
837S1230,2,THA22,3,4,F6,75.11637749
837S1231,2,THA22,1,4,F7,72.02708421
837S1231,2,THA22,2,4,F8,58.5696149
837S1231,2,THA22,3,4,F9,53.36436733
837S1232,2,THA22,1,4,F10,83.45323741
837S1232,2,THA22,2,4,F11,87.47355057
837S1232,2,THA22,3,4,F12,87.43123149
837S1233,2,THA22,1,4,G1,76.85146001
837S1233,2,THA22,2,4,G2,69.6572154
837S1233,2,THA22,3,4,G3,71.22302158
837S1234,2,THA22,1,4,G4,100
837S1234,2,THA22,2,4,G5,100
837S1234,2,THA22,3,4,G6,100
837S1235,2,THA22,1,4,G7,65.12907321
837S1235,2,THA22,2,4,G8,55.52264071
837S1235,2,THA22,3,4,G9,50.99449852
837S1236,2,THA22,1,4,H1,97.46085485
837S1236,2,THA22,2,4,H2,96.14896318
837S1236,2,THA22,3,4,H3,96.82606856
837S1237,2,THA22,1,4,H4,100
837S1237,2,THA22,2,4,H5,100
837S1237,2,THA22,3,4,H6,100
837S1238,2,THA22,1,4,H7,100
837S1238,2,THA22,2,4,H8,99.91536183
837S1238,2,THA22,3,4,H9,99.74608548
837S1120,2,ENG24,1,1,A1,84.83912902
837S1120,2,ENG24,2,1,A2,81.96295093
837S1120,2,ENG24,3,1,A3,78.11179721
837S1121,2,ENG24,1,1,A4,8.986025349
837S1121,2,ENG24,2,1,A5,22.00194995
837S1121,2,ENG24,3,1,A6,23.22066948
837S1122,2,ENG24,1,1,A7,53.29866753
837S1122,2,ENG24,2,1,A8,49.25251869
837S1122,2,ENG24,3,1,A9,45.3038674
837S1123,2,ENG24,1,1,A10,55.78485538
837S1123,2,ENG24,2,1,A11,55.58986025
837S1123,2,ENG24,3,1,A12,52.66493338
837S1124,2,ENG24,1,1,B1,47.59506012
837S1124,2,ENG24,2,1,B2,39.35651609
837S1124,2,ENG24,3,1,B3,28.77803055
837S1125,2,ENG24,1,1,B4,-0.617484563
837S1125,2,ENG24,2,1,B5,-3.006174846
837S1125,2,ENG24,3,1,B6,2.648683783
837S1126,2,ENG24,1,1,B7,44.96262593
837S1126,2,ENG24,2,1,B8,47.35131622
837S1126,2,ENG24,3,1,B9,44.5238869
837S1127,2,ENG24,1,1,B10,25.75560611
837S1127,2,ENG24,2,1,B11,6.158596035
837S1127,2,ENG24,3,1,B12,16.44458889
837S1128,2,ENG24,1,1,C1,20.92947676
837S1128,2,ENG24,2,1,C2,4.598635034
837S1128,2,ENG24,3,1,C3,-0.666233344
837S1129,2,ENG24,1,1,C4,95.5638609
837S1129,2,ENG24,2,1,C5,94.39389015
837S1129,2,ENG24,3,1,C6,95.5638609
837S1130,2,ENG24,1,1,C7,57.63730907
837S1130,2,ENG24,2,1,C8,53.68865778
837S1130,2,ENG24,3,1,C9,54.51738707
837S1131,2,ENG24,1,1,C10,18.15079623
837S1131,2,ENG24,2,1,C11,19.02827429
837S1131,2,ENG24,3,1,C12,20.63698408
837S1132,2,ENG24,1,1,D1,30.53298668
837S1132,2,ENG24,2,1,D2,17.7120572
837S1132,2,ENG24,3,1,D3,20.44198895
837S1133,2,ENG24,1,1,D4,94.24764381
837S1133,2,ENG24,2,1,D5,95.80760481
837S1133,2,ENG24,3,1,D6,96.14884628
837S1134,2,ENG24,1,1,D7,100
837S1134,2,ENG24,2,1,D8,99.95125122
837S1134,2,ENG24,3,1,D9,99.85375366
837S1135,2,ENG24,1,1,D10,24.53688658
837S1135,2,ENG24,2,1,D11,16.24959376
837S1135,2,ENG24,3,1,D12,20.97822554
837S1136,2,ENG24,1,1,E1,25.95060123
837S1136,2,ENG24,2,1,E2,19.07702307
837S1136,2,ENG24,3,1,E3,19.90575236
837S1137,2,ENG24,1,1,E4,34.72538187
837S1137,2,ENG24,2,1,E5,30.82547936
837S1137,2,ENG24,3,1,E6,41.55021124
837S1138,2,ENG24,1,1,E7,-4.224894378
837S1138,2,ENG24,2,1,E8,14.20214495
837S1138,2,ENG24,3,1,E9,-17.14332142
837S1139,2,ENG24,1,1,E10,67.33831654
837S1139,2,ENG24,2,1,E11,62.12219695
837S1139,2,ENG24,3,1,E12,61.73220669
837S1140,2,ENG24,1,1,F1,93.2239194
837S1140,2,ENG24,2,1,F2,95.320117
837S1140,2,ENG24,3,1,F3,94.63763406
837S1141,2,ENG24,1,1,F4,29.65550861
837S1141,2,ENG24,2,1,F5,25.99935002
837S1141,2,ENG24,3,1,F6,20.24699383
837S1142,2,ENG24,1,1,F7,99.95125122
837S1142,2,ENG24,2,1,F8,99.95125122
837S1142,2,ENG24,3,1,F9,99.85375366
837S1143,2,ENG24,1,1,G1,20.34449139
837S1143,2,ENG24,2,1,G2,10.30224244
837S1143,2,ENG24,3,1,G3,-0.568735782
837S1144,2,ENG24,1,1,G4,100
837S1144,2,ENG24,2,1,G5,100
837S1144,2,ENG24,3,1,G6,100
837S1145,2,ENG24,1,1,G7,8.011049724
837S1145,2,ENG24,2,1,G8,3.721156971
837S1145,2,ENG24,3,1,G9,6.35359116
837S1146,2,ENG24,1,1,H1,76.40558986
837S1146,2,ENG24,2,1,H2,66.36334092
837S1146,2,ENG24,3,1,H3,73.9681508
837S1147,2,ENG24,1,1,H4,47.25381865
837S1147,2,ENG24,2,1,H5,45.840104
837S1147,2,ENG24,3,1,H6,49.54501137
837S1148,2,ENG24,1,1,H7,86.59408515
837S1148,2,ENG24,2,1,H8,93.07767306
837S1148,2,ENG24,3,1,H9,92.05394865
837S1149,2,ENG24,1,2,A1,88.12266753
837S1149,2,ENG24,2,2,A2,87.05176051
837S1149,2,ENG24,3,2,A3,89.48564011
837S1150,2,ENG24,1,2,A4,59.64627616
837S1150,2,ENG24,2,2,A5,48.06100925
837S1150,2,ENG24,3,2,A6,55.07058251
837S1151,2,ENG24,1,2,A7,99.85396722
837S1151,2,ENG24,2,2,A8,99.95132241
837S1151,2,ENG24,3,2,A9,100
837S1152,2,ENG24,1,2,A10,0.210936232
837S1152,2,ENG24,2,2,A11,2.49878306
837S1152,2,ENG24,3,2,A12,6.295635243
837S1153,2,ENG24,1,2,B1,21.67775434
837S1153,2,ENG24,2,2,B2,30.97517443
837S1153,2,ENG24,3,2,B3,17.88090216
837S1154,2,ENG24,1,2,B4,56.48223268
837S1154,2,ENG24,2,2,B5,51.80918384
837S1154,2,ENG24,3,2,B6,50.15414571
837S1155,2,ENG24,1,2,B7,99.65925686
837S1155,2,ENG24,2,2,B8,99.46454649
837S1155,2,ENG24,3,2,B9,98.97777057
837S1156,2,ENG24,1,2,B10,6.24695765
837S1156,2,ENG24,2,2,B11,9.995132241
837S1156,2,ENG24,3,2,B12,18.46503326
837S1157,2,ENG24,1,2,C1,100
837S1157,2,ENG24,2,2,C2,99.80528963
837S1157,2,ENG24,3,2,C3,99.65925686
837S1158,2,ENG24,1,2,C4,19.00048678
837S1158,2,ENG24,2,2,C5,-0.421872465
837S1158,2,ENG24,3,2,C6,3.228946941
837S1159,2,ENG24,1,2,C7,100
837S1159,2,ENG24,2,2,C8,100
837S1159,2,ENG24,3,2,C9,100
837S1160,2,ENG24,1,2,C10,98.58834983
837S1160,2,ENG24,2,2,C11,98.58834983
837S1160,2,ENG24,3,2,C12,98.00421872
837S1161,2,ENG24,1,2,D1,84.95862405
837S1161,2,ENG24,2,2,D2,80.23689761
837S1161,2,ENG24,3,2,D3,77.51095246
837S1162,2,ENG24,1,2,D4,99.85396722
837S1162,2,ENG24,2,2,D5,100
837S1162,2,ENG24,3,2,D6,99.85396722
837S1163,2,ENG24,1,2,D7,-9.135161447
837S1163,2,ENG24,2,2,D8,6.441668019
837S1163,2,ENG24,3,2,D9,-9.378549408
837S1164,2,ENG24,1,2,D10,2.060684731
837S1164,2,ENG24,2,2,D11,7.512575045
837S1164,2,ENG24,3,2,D12,11.16339445
837S1165,2,ENG24,1,2,E1,98.92909297
837S1165,2,ENG24,2,2,E2,98.7830602
837S1165,2,ENG24,3,2,E3,98.39363946
837S1166,2,ENG24,1,2,E4,6.539023203
837S1166,2,ENG24,2,2,E5,-12.73730326
837S1166,2,ENG24,3,2,E6,8.924225215
837S1167,2,ENG24,1,2,E7,34.18789551
837S1167,2,ENG24,2,2,E8,31.07252961
837S1167,2,ENG24,3,2,E9,25.47460652
837S1168,2,ENG24,1,2,E10,38.61755638
837S1168,2,ENG24,2,2,E11,46.35729353
837S1168,2,ENG24,3,2,E12,34.52863865
837S1169,2,ENG24,1,2,F1,50.64092163
837S1169,2,ENG24,2,2,F2,45.18903132
837S1169,2,ENG24,3,2,F3,49.6186922
837S1170,2,ENG24,1,2,F4,-12.25052734
837S1170,2,ENG24,2,2,F5,-13.02936881
837S1170,2,ENG24,3,2,F6,-15.07382768
837S1171,2,ENG24,1,2,F7,47.03877982
837S1171,2,ENG24,2,2,F8,29.3201363
837S1171,2,ENG24,3,2,F9,25.37725134
837S1172,2,ENG24,1,2,F10,76.44004543
837S1172,2,ENG24,2,2,F11,75.417816
837S1172,2,ENG24,3,2,F12,76.68343339
837S1173,2,ENG24,1,2,G1,83.69300665
837S1173,2,ENG24,2,2,G2,80.28557521
837S1173,2,ENG24,3,2,G3,75.95326951
837S1174,2,ENG24,1,2,G4,75.61252637
837S1174,2,ENG24,2,2,G5,75.90459192
837S1174,2,ENG24,3,2,G6,79.84747688
837S1175,2,ENG24,1,2,G7,47.81762129
837S1175,2,ENG24,2,2,G8,46.06522797
837S1175,2,ENG24,3,2,G9,40.51598248
837S1176,2,ENG24,1,2,H1,21.43436638
837S1176,2,ENG24,2,2,H2,18.90313159
837S1176,2,ENG24,3,2,H3,9.313645952
837S1177,2,ENG24,1,2,H4,86.80837255
837S1177,2,ENG24,2,2,H5,85.10465682
837S1177,2,ENG24,3,2,H6,87.44118124
837S1178,2,ENG24,1,2,H7,26.253448
837S1178,2,ENG24,2,2,H8,26.59419114
837S1178,2,ENG24,3,2,H9,30.24501055
837S1179,2,ENG24,1,3,A1,98.3734186
837S1179,2,ENG24,2,3,A2,96.70512999
837S1179,2,ENG24,3,3,A3,96.2046434
837S1180,2,ENG24,1,3,A4,51.0774364
837S1180,2,ENG24,2,3,A5,46.99012929
837S1180,2,ENG24,3,3,A6,48.82524677
837S1181,2,ENG24,1,3,A7,62.00472682
837S1181,2,ENG24,2,3,A8,57.50034756
837S1181,2,ENG24,3,3,A9,52.57889615
837S1182,2,ENG24,1,3,A10,29.890171
837S1182,2,ENG24,2,3,A11,26.51188656
837S1182,2,ENG24,3,3,A12,32.68455443
837S1183,2,ENG24,1,3,B1,100
837S1183,2,ENG24,2,3,B2,99.95829278
837S1183,2,ENG24,3,3,B3,100
837S1184,2,ENG24,1,3,B4,82.19101905
837S1184,2,ENG24,2,3,B5,82.64979842
837S1184,2,ENG24,3,3,B6,81.5237036
837S1185,2,ENG24,1,3,B7,26.55359377
837S1185,2,ENG24,2,3,B8,24.50994022
837S1185,2,ENG24,3,3,B9,23.133602110000002
837S1186,2,ENG24,1,3,B10,99.95829278
837S1186,2,ENG24,2,3,B11,99.87487835
837S1186,2,ENG24,3,3,B12,99.95829278
837S1187,2,ENG24,1,3,C1,74.01640484
837S1187,2,ENG24,2,3,C2,59.7942444
837S1187,2,ENG24,3,3,C3,61.92131239
837S1188,2,ENG24,1,3,C4,58.87668567
837S1188,2,ENG24,2,3,C5,51.6196302
837S1188,2,ENG24,3,3,C6,48.61671069
837S1189,2,ENG24,1,3,C7,97.95634645
837S1189,2,ENG24,2,3,C8,97.99805366
837S1189,2,ENG24,3,3,C9,98.16488252
837S1190,2,ENG24,1,3,C10,50.61865703
837S1190,2,ENG24,2,3,C11,54.95620742
837S1190,2,ENG24,3,3,C12,54.45572084
837S1191,2,ENG24,1,3,D1,89.99026832
837S1191,2,ENG24,2,3,D2,85.73613235
837S1191,2,ENG24,3,3,D3,88.82246629
837S1192,2,ENG24,1,3,D4,96.28805783
837S1192,2,ENG24,2,3,D5,95.95440011
837S1192,2,ENG24,3,3,D6,95.62074239
837S1193,2,ENG24,1,3,D7,22.50799388
837S1193,2,ENG24,2,3,D8,24.05116085
837S1193,2,ENG24,3,3,D9,20.29751147
837S1194,2,ENG24,1,3,D10,25.71944946
837S1194,2,ENG24,2,3,D11,21.29848464
837S1194,2,ENG24,3,3,D12,22.92506604
837S1195,2,ENG24,1,3,E1,96.78854442
837S1195,2,ENG24,2,3,E2,95.78757125
837S1195,2,ENG24,3,3,E3,96.37147226
837S1196,2,ENG24,1,3,E4,8.035590157
837S1196,2,ENG24,2,3,E5,9.161684972
837S1196,2,ENG24,3,3,E6,23.133602110000002
837S1197,2,ENG24,1,3,E7,99.91658557
837S1197,2,ENG24,2,3,E8,99.83317114
837S1197,2,ENG24,3,3,E9,99.74975671
837S1198,2,ENG24,1,3,E10,97.53927429
837S1198,2,ENG24,2,3,E11,96.99708049
837S1198,2,ENG24,3,3,E12,98.20658974
837S1199,2,ENG24,1,3,F1,100
837S1199,2,ENG24,2,3,F2,99.95829278
837S1199,2,ENG24,3,3,F3,100
837S1200,2,ENG24,1,3,F4,99.24927012
837S1200,2,ENG24,2,3,F5,99.24927012
837S1200,2,ENG24,3,3,F6,98.66536911
837S1201,2,ENG24,1,3,F7,89.74002502
837S1201,2,ENG24,2,3,F8,93.78562491
837S1201,2,ENG24,3,3,F9,93.16001668
837S1202,2,ENG24,1,3,F10,37.81454192
837S1202,2,ENG24,2,3,F11,39.64965939
837S1202,2,ENG24,3,3,F12,31.68358126
837S1203,2,ENG24,1,3,G1,98.54024746
837S1203,2,ENG24,2,3,G2,96.87195885
837S1203,2,ENG24,3,3,G3,97.66439594
837S1204,2,ENG24,1,3,G4,39.3994161
837S1204,2,ENG24,2,3,G5,27.05408036
837S1204,2,ENG24,3,3,G6,41.23453357
837S1205,2,ENG24,1,3,G7,96.70512999
837S1205,2,ENG24,2,3,G8,97.53927429
837S1205,2,ENG24,3,3,G9,98.29000417
837S1206,2,ENG24,1,3,H1,17.58654247
837S1206,2,ENG24,2,3,H2,-5.852912554
837S1206,2,ENG24,3,3,H3,2.947309885
837S1207,2,ENG24,1,3,H4,61.71277631
837S1207,2,ENG24,2,3,H5,71.55567913
837S1207,2,ENG24,3,3,H6,67.13471431
837S1208,2,ENG24,1,3,H7,5.991936605
837S1208,2,ENG24,2,3,H8,21.50702071
837S1208,2,ENG24,3,3,H9,12.74850549
837S1209,2,ENG24,1,4,A1,33.36371923
837S1209,2,ENG24,2,4,A2,3.828623519
837S1209,2,ENG24,3,4,A3,9.161349134
837S1210,2,ENG24,1,4,A4,83.22698268
837S1210,2,ENG24,2,4,A5,81.17593437
837S1210,2,ENG24,3,4,A6,76.39015497
837S1211,2,ENG24,1,4,A7,100
837S1211,2,ENG24,2,4,A8,99.95442115
837S1211,2,ENG24,3,4,A9,99.9088423
837S1212,2,ENG24,1,4,A10,97.26526892
837S1212,2,ENG24,2,4,A11,96.39927074
837S1212,2,ENG24,3,4,A12,97.53874202
837S1213,2,ENG24,1,4,B1,72.698268
837S1213,2,ENG24,2,4,B2,70.60164084
837S1213,2,ENG24,3,4,B3,66.36280766
837S1214,2,ENG24,1,4,B4,72.78942571
837S1214,2,ENG24,2,4,B5,71.19416591
837S1214,2,ENG24,3,4,B6,72.56153145
837S1215,2,ENG24,1,4,B7,15.26891522
837S1215,2,ENG24,2,4,B8,9.434822242
837S1215,2,ENG24,3,4,B9,5.059252507
837S1216,2,ENG24,1,4,B10,54.7857794
837S1216,2,ENG24,2,4,B11,56.92798541
837S1216,2,ENG24,3,4,B12,58.65998177
837S1217,2,ENG24,1,4,C1,32.86235187
837S1217,2,ENG24,2,4,C2,10.84776664
837S1217,2,ENG24,3,4,C3,17.6390155
837S1218,2,ENG24,1,4,C4,94.75843209
837S1218,2,ENG24,2,4,C5,90.20054695
837S1218,2,ENG24,3,4,C6,89.79033728
837S1219,2,ENG24,1,4,C7,30.35551504
837S1219,2,ENG24,2,4,C8,38.46855059
837S1219,2,ENG24,3,4,C9,29.67183227
837S1220,2,ENG24,1,4,C10,68.45943482
837S1220,2,ENG24,2,4,C11,76.43573382
837S1220,2,ENG24,3,4,C12,74.02005469
837S1221,2,ENG24,1,4,D1,95.1230629
837S1221,2,ENG24,2,4,D2,95.1230629
837S1221,2,ENG24,3,4,D3,94.02917046
837S1222,2,ENG24,1,4,D4,95.25979945
837S1222,2,ENG24,2,4,D5,95.07748405
837S1222,2,ENG24,3,4,D6,96.39927074
837S1223,2,ENG24,1,4,D7,80.94804011
837S1223,2,ENG24,2,4,D8,81.58614403
837S1223,2,ENG24,3,4,D9,78.12215132
837S1224,2,ENG24,1,4,D10,100
837S1224,2,ENG24,2,4,D11,100
837S1224,2,ENG24,3,4,D12,100
837S1225,2,ENG24,1,4,E1,13.21786691
837S1225,2,ENG24,2,4,E2,4.102096627
837S1225,2,ENG24,3,4,E3,7.702825889
837S1226,2,ENG24,1,4,E4,39.92707384
837S1226,2,ENG24,2,4,E5,22.28805834
837S1226,2,ENG24,3,4,E6,38.24065634
837S1227,2,ENG24,1,4,E7,99.58979034
837S1227,2,ENG24,2,4,E8,99.36189608
837S1227,2,ENG24,3,4,E9,99.04284412
837S1228,2,ENG24,1,4,E10,100
837S1228,2,ENG24,2,4,E11,99.95442115
837S1228,2,ENG24,3,4,E12,100
837S1229,2,ENG24,1,4,F1,21.14858706
837S1229,2,ENG24,2,4,F2,12.98997265
837S1229,2,ENG24,3,4,F3,8.751139471
837S1230,2,ENG24,1,4,F4,35.41476755
837S1230,2,ENG24,2,4,F5,35.73381951
837S1230,2,ENG24,3,4,F6,37.55697356
837S1231,2,ENG24,1,4,F7,28.30446673
837S1231,2,ENG24,2,4,F8,1.549680948
837S1231,2,ENG24,3,4,F9,-3.144940747
837S1232,2,ENG24,1,4,F10,68.73290793
837S1232,2,ENG24,2,4,F11,74.43026436
837S1232,2,ENG24,3,4,F12,75.93436645
837S1233,2,ENG24,1,4,G1,48.95168642
837S1233,2,ENG24,2,4,G2,40.06381039
837S1233,2,ENG24,3,4,G3,41.29443938
837S1234,2,ENG24,1,4,G4,99.95442115
837S1234,2,ENG24,2,4,G5,100
837S1234,2,ENG24,3,4,G6,100
837S1235,2,ENG24,1,4,G7,40.83865087
837S1235,2,ENG24,2,4,G8,31.722880580000002
837S1235,2,ENG24,3,4,G9,22.88058341
837S1236,2,ENG24,1,4,H1,89.92707384
837S1236,2,ENG24,2,4,H2,85.32360985
837S1236,2,ENG24,3,4,H3,85.50592525
837S1237,2,ENG24,1,4,H4,100
837S1237,2,ENG24,2,4,H5,100
837S1237,2,ENG24,3,4,H6,100
837S1238,2,ENG24,1,4,H7,99.86326345
837S1238,2,ENG24,2,4,H8,99.36189608
837S1238,2,ENG24,3,4,H9,98.86052871
837S1120,2,ENG25,1,1,A1,85.90657165
837S1120,2,ENG25,2,1,A2,88.59857482
837S1120,2,ENG25,3,1,A3,84.24386382
837S1121,2,ENG25,1,1,A4,74.74267617
837S1121,2,ENG25,2,1,A5,74.74267617
837S1121,2,ENG25,3,1,A6,75.7719715
837S1122,2,ENG25,1,1,A7,48.13935075
837S1122,2,ENG25,2,1,A8,47.50593824
837S1122,2,ENG25,3,1,A9,41.64687253
837S1123,2,ENG25,1,1,A10,73.00079177
837S1123,2,ENG25,2,1,A11,71.65479018
837S1123,2,ENG25,3,1,A12,71.33808393
837S1124,2,ENG25,1,1,B1,4.908946952
837S1124,2,ENG25,2,1,B2,-7.046714173
837S1124,2,ENG25,3,1,B3,-21.37767221
837S1125,2,ENG25,1,1,B4,-6.57165479
837S1125,2,ENG25,2,1,B5,-0.712589074
837S1125,2,ENG25,3,1,B6,6.017418844
837S1126,2,ENG25,1,1,B7,-3.958828187
837S1126,2,ENG25,2,1,B8,0.395882819
837S1126,2,ENG25,3,1,B9,-7.125890736
837S1127,2,ENG25,1,1,B10,56.53206651
837S1127,2,ENG25,2,1,B11,37.7672209
837S1127,2,ENG25,3,1,B12,51.14806017
837S1128,2,ENG25,1,1,C1,43.07205067
837S1128,2,ENG25,2,1,C2,28.26603325
837S1128,2,ENG25,3,1,C3,32.46239113
837S1129,2,ENG25,1,1,C4,96.19952494
837S1129,2,ENG25,2,1,C5,94.5368171
837S1129,2,ENG25,3,1,C6,96.2787015
837S1130,2,ENG25,1,1,C7,68.88361045
837S1130,2,ENG25,2,1,C8,64.92478226
837S1130,2,ENG25,3,1,C9,63.9746635
837S1131,2,ENG25,1,1,C10,47.03087886
837S1131,2,ENG25,2,1,C11,43.94299287
837S1131,2,ENG25,3,1,C12,57.08630245
837S1132,2,ENG25,1,1,D1,42.04275534
837S1132,2,ENG25,2,1,D2,33.09580364
837S1132,2,ENG25,3,1,D3,41.17181314
837S1133,2,ENG25,1,1,D4,43.62628662
837S1133,2,ENG25,2,1,D5,46.31828979
837S1133,2,ENG25,3,1,D6,52.09817894
837S1134,2,ENG25,1,1,D7,100
837S1134,2,ENG25,2,1,D8,99.76247031
837S1134,2,ENG25,3,1,D9,100
837S1135,2,ENG25,1,1,D10,-1.26682502
837S1135,2,ENG25,2,1,D11,-12.90577989
837S1135,2,ENG25,3,1,D12,-0.395882819
837S1136,2,ENG25,1,1,E1,43.30958036
837S1136,2,ENG25,2,1,E2,36.57957245
837S1136,2,ENG25,3,1,E3,33.49168646
837S1137,2,ENG25,1,1,E4,58.59065717
837S1137,2,ENG25,2,1,E5,56.13618369
837S1137,2,ENG25,3,1,E6,65.55819477
837S1138,2,ENG25,1,1,E7,26.52414885
837S1138,2,ENG25,2,1,E8,20.26920032
837S1138,2,ENG25,3,1,E9,25.17814727
837S1139,2,ENG25,1,1,E10,91.21140143
837S1139,2,ENG25,2,1,E11,92.24069675
837S1139,2,ENG25,3,1,E12,91.76563737
837S1140,2,ENG25,1,1,F1,49.01029295
837S1140,2,ENG25,2,1,F2,35.55027712
837S1140,2,ENG25,3,1,F3,34.52098179
837S1141,2,ENG25,1,1,F4,85.90657165
837S1141,2,ENG25,2,1,F5,87.49010293
837S1141,2,ENG25,3,1,F6,87.41092637
837S1142,2,ENG25,1,1,F7,48.06017419
837S1142,2,ENG25,2,1,F8,43.62628662
837S1142,2,ENG25,3,1,F9,44.33887569
837S1143,2,ENG25,1,1,G1,46.63499604
837S1143,2,ENG25,2,1,G2,43.62628662
837S1143,2,ENG25,3,1,G3,38.6381631
837S1144,2,ENG25,1,1,G4,100
837S1144,2,ENG25,2,1,G5,100
837S1144,2,ENG25,3,1,G6,99.84164687
837S1145,2,ENG25,1,1,G7,7.046714173
837S1145,2,ENG25,2,1,G8,7.125890736
837S1145,2,ENG25,3,1,G9,6.650831354
837S1146,2,ENG25,1,1,H1,36.65874901
837S1146,2,ENG25,2,1,H2,21.85273159
837S1146,2,ENG25,3,1,H3,35.1543943
837S1147,2,ENG25,1,1,H4,70.54631829
837S1147,2,ENG25,2,1,H5,64.44972288
837S1147,2,ENG25,3,1,H6,64.52889945
837S1148,2,ENG25,1,1,H7,96.99129058
837S1148,2,ENG25,2,1,H8,97.78305622
837S1148,2,ENG25,3,1,H9,98.2581156
837S1149,2,ENG25,1,2,A1,76.15720524
837S1149,2,ENG25,2,2,A2,61.74672489
837S1149,2,ENG25,3,2,A3,65.6768559
837S1150,2,ENG25,1,2,A4,82.90393013
837S1150,2,ENG25,2,2,A5,81.20087336
837S1150,2,ENG25,3,2,A6,80.28384279
837S1151,2,ENG25,1,2,A7,96.069869
837S1151,2,ENG25,2,2,A8,93.90829694
837S1151,2,ENG25,3,2,A9,94.75982533
837S1152,2,ENG25,1,2,A10,24.41048035
837S1152,2,ENG25,2,2,A11,35.48034934
837S1152,2,ENG25,3,2,A12,34.82532751
837S1153,2,ENG25,1,2,B1,1.5502183410000001
837S1153,2,ENG25,2,2,B2,10.65502183
837S1153,2,ENG25,3,2,B3,18.38427948
837S1154,2,ENG25,1,2,B4,72.81659389
837S1154,2,ENG25,2,2,B5,69.80349345
837S1154,2,ENG25,3,2,B6,77.20524017
837S1155,2,ENG25,1,2,B7,93.51528384
837S1155,2,ENG25,2,2,B8,91.81222707
837S1155,2,ENG25,3,2,B9,93.25327511
837S1156,2,ENG25,1,2,B10,14.06113537
837S1156,2,ENG25,2,2,B11,9.279475983
837S1156,2,ENG25,3,2,B12,21.20087336
837S1157,2,ENG25,1,2,C1,99.93449782
837S1157,2,ENG25,2,2,C2,99.80349345
837S1157,2,ENG25,3,2,C3,99.67248908
837S1158,2,ENG25,1,2,C4,41.31004367
837S1158,2,ENG25,2,2,C5,50.74235808
837S1158,2,ENG25,3,2,C6,48.64628821
837S1159,2,ENG25,1,2,C7,94.36681223
837S1159,2,ENG25,2,2,C8,92.07423581
837S1159,2,ENG25,3,2,C9,92.27074236
837S1160,2,ENG25,1,2,C10,62.40174672
837S1160,2,ENG25,2,2,C11,62.86026201
837S1160,2,ENG25,3,2,C12,64.17030568
837S1161,2,ENG25,1,2,D1,9.868995633
837S1161,2,ENG25,2,2,D2,13.20960699
837S1161,2,ENG25,3,2,D3,8.100436681
837S1162,2,ENG25,1,2,D4,99.2139738
837S1162,2,ENG25,2,2,D5,99.34497817
837S1162,2,ENG25,3,2,D6,98.55895197
837S1163,2,ENG25,1,2,D7,38.68995633
837S1163,2,ENG25,2,2,D8,31.02620087
837S1163,2,ENG25,3,2,D9,28.5371179
837S1164,2,ENG25,1,2,D10,10.45851528
837S1164,2,ENG25,2,2,D11,4.694323144
837S1164,2,ENG25,3,2,D12,12.81659389
837S1165,2,ENG25,1,2,E1,80.87336245
837S1165,2,ENG25,2,2,E2,78.71179039
837S1165,2,ENG25,3,2,E3,80.74235808
837S1166,2,ENG25,1,2,E4,7.903930131
837S1166,2,ENG25,2,2,E5,20.28384279
837S1166,2,ENG25,3,2,E6,29.84716157
837S1167,2,ENG25,1,2,E7,52.31441048
837S1167,2,ENG25,2,2,E8,47.00873362
837S1167,2,ENG25,3,2,E9,42.3580786
837S1168,2,ENG25,1,2,E10,54.54148472
837S1168,2,ENG25,2,2,E11,60.10917031
837S1168,2,ENG25,3,2,E12,59.91266376
837S1169,2,ENG25,1,2,F1,51.59388646
837S1169,2,ENG25,2,2,F2,54.54148472
837S1169,2,ENG25,3,2,F3,58.1441048
837S1170,2,ENG25,1,2,F4,13.930131
837S1170,2,ENG25,2,2,F5,7.445414847
837S1170,2,ENG25,3,2,F6,23.16593886
837S1171,2,ENG25,1,2,F7,39.01746725
837S1171,2,ENG25,2,2,F8,33.90829694
837S1171,2,ENG25,3,2,F9,37.6419214
837S1172,2,ENG25,1,2,F10,27.42358079
837S1172,2,ENG25,2,2,F11,29.71615721
837S1172,2,ENG25,3,2,F12,28.07860262
837S1173,2,ENG25,1,2,G1,85.7860262
837S1173,2,ENG25,2,2,G2,85.45851528
837S1173,2,ENG25,3,2,G3,86.5720524
837S1174,2,ENG25,1,2,G4,58.5371179
837S1174,2,ENG25,2,2,G5,52.83842795
837S1174,2,ENG25,3,2,G6,57.42358079
837S1175,2,ENG25,1,2,G7,43.1441048
837S1175,2,ENG25,2,2,G8,35.41484716
837S1175,2,ENG25,3,2,G9,36.79039301
837S1176,2,ENG25,1,2,H1,28.34061135
837S1176,2,ENG25,2,2,H2,19.10480349
837S1176,2,ENG25,3,2,H3,35.02183406
837S1177,2,ENG25,1,2,H4,0.043668122
837S1177,2,ENG25,2,2,H5,16.22270742
837S1177,2,ENG25,3,2,H6,5.611353712
837S1178,2,ENG25,1,2,H7,83.55895197
837S1178,2,ENG25,2,2,H8,80.28384279
837S1178,2,ENG25,3,2,H9,82.05240175
837S1179,2,ENG25,1,3,A1,98.32663989
837S1179,2,ENG25,2,3,A2,97.85809906
837S1179,2,ENG25,3,3,A3,97.25568942
837S1180,2,ENG25,1,3,A4,82.26238286
837S1180,2,ENG25,2,3,A5,78.58099063
837S1180,2,ENG25,3,3,A6,82.73092369
837S1181,2,ENG25,1,3,A7,62.24899598
837S1181,2,ENG25,2,3,A8,63.52074967
837S1181,2,ENG25,3,3,A9,63.9892905
837S1182,2,ENG25,1,3,A10,68.34002677
837S1182,2,ENG25,2,3,A11,63.31994645
837S1182,2,ENG25,3,3,A12,67.73761714
837S1183,2,ENG25,1,3,B1,100
837S1183,2,ENG25,2,3,B2,100
837S1183,2,ENG25,3,3,B3,100
837S1184,2,ENG25,1,3,B4,70.95046854
837S1184,2,ENG25,2,3,B5,72.22222222
837S1184,2,ENG25,3,3,B6,74.9665328
837S1185,2,ENG25,1,3,B7,95.11378849
837S1185,2,ENG25,2,3,B8,94.71218206
837S1185,2,ENG25,3,3,B9,93.7751004
837S1186,2,ENG25,1,3,B10,100
837S1186,2,ENG25,2,3,B11,99.86613119
837S1186,2,ENG25,3,3,B12,99.9330656
837S1187,2,ENG25,1,3,C1,46.31860776
837S1187,2,ENG25,2,3,C2,20.74966533
837S1187,2,ENG25,3,3,C3,30.38821954
837S1188,2,ENG25,1,3,C4,62.04819277
837S1188,2,ENG25,2,3,C5,65.12717537
837S1188,2,ENG25,3,3,C6,54.95314592
837S1189,2,ENG25,1,3,C7,82.26238286
837S1189,2,ENG25,2,3,C8,86.81392236
837S1189,2,ENG25,3,3,C9,85.20749665
837S1190,2,ENG25,1,3,C10,10.77643909
837S1190,2,ENG25,2,3,C11,23.4270415
837S1190,2,ENG25,3,3,C12,29.91967871
837S1191,2,ENG25,1,3,D1,74.69879518
837S1191,2,ENG25,2,3,D2,68.27309237
837S1191,2,ENG25,3,3,D3,72.75769746
837S1192,2,ENG25,1,3,D4,53.68139224
837S1192,2,ENG25,2,3,D5,46.45247657
837S1192,2,ENG25,3,3,D6,53.145917
837S1193,2,ENG25,1,3,D7,20.2811245
837S1193,2,ENG25,2,3,D8,11.78045515
837S1193,2,ENG25,3,3,D9,9.83935743
837S1194,2,ENG25,1,3,D10,47.32262383
837S1194,2,ENG25,2,3,D11,45.18072289
837S1194,2,ENG25,3,3,D12,43.10575636
837S1195,2,ENG25,1,3,E1,60.37483266
837S1195,2,ENG25,2,3,E2,66.46586345
837S1195,2,ENG25,3,3,E3,56.96117805
837S1196,2,ENG25,1,3,E4,3.346720214
837S1196,2,ENG25,2,3,E5,-2.34270415
837S1196,2,ENG25,3,3,E6,17.67068273
837S1197,2,ENG25,1,3,E7,82.7978581
837S1197,2,ENG25,2,3,E8,82.12851406
837S1197,2,ENG25,3,3,E9,82.59705489
837S1198,2,ENG25,1,3,E10,68.07228916
837S1198,2,ENG25,2,3,E11,67.87148594
837S1198,2,ENG25,3,3,E12,70.61579652
837S1199,2,ENG25,1,3,F1,100
837S1199,2,ENG25,2,3,F2,99.9330656
837S1199,2,ENG25,3,3,F3,100
837S1200,2,ENG25,1,3,F4,85.54216867
837S1200,2,ENG25,2,3,F5,80.72289157
837S1200,2,ENG25,3,3,F6,81.79384203
837S1201,2,ENG25,1,3,F7,95.98393574
837S1201,2,ENG25,2,3,F8,98.32663989
837S1201,2,ENG25,3,3,F9,97.72423025
837S1202,2,ENG25,1,3,F10,98.52744311
837S1202,2,ENG25,2,3,F11,98.25970549
837S1202,2,ENG25,3,3,F12,97.38955823
837S1203,2,ENG25,1,3,G1,99.66532798
837S1203,2,ENG25,2,3,G2,99.26372155
837S1203,2,ENG25,3,3,G3,98.59437751
837S1204,2,ENG25,1,3,G4,59.23694779
837S1204,2,ENG25,2,3,G5,50.80321285
837S1204,2,ENG25,3,3,G6,59.03614458
837S1205,2,ENG25,1,3,G7,89.22356091
837S1205,2,ENG25,2,3,G8,89.69210174
837S1205,2,ENG25,3,3,G9,89.22356091
837S1206,2,ENG25,1,3,H1,2.81124498
837S1206,2,ENG25,2,3,H2,-23.96251673
837S1206,2,ENG25,3,3,H3,-5.287817938
837S1207,2,ENG25,1,3,H4,82.73092369
837S1207,2,ENG25,2,3,H5,76.17135207
837S1207,2,ENG25,3,3,H6,82.46318608
837S1208,2,ENG25,1,3,H7,-19.41097724
837S1208,2,ENG25,2,3,H8,9.3708166
837S1208,2,ENG25,3,3,H9,2.208835341
837S1209,2,ENG25,1,4,A1,26.22073579
837S1209,2,ENG25,2,4,A2,20.33444816
837S1209,2,ENG25,3,4,A3,21.73913043
837S1210,2,ENG25,1,4,A4,89.69899666
837S1210,2,ENG25,2,4,A5,89.63210702
837S1210,2,ENG25,3,4,A6,85.08361204
837S1211,2,ENG25,1,4,A7,100
837S1211,2,ENG25,2,4,A8,100
837S1211,2,ENG25,3,4,A9,100
837S1212,2,ENG25,1,4,A10,72.04013378
837S1212,2,ENG25,2,4,A11,70.70234114
837S1212,2,ENG25,3,4,A12,71.23745819
837S1213,2,ENG25,1,4,B1,22.27424749
837S1213,2,ENG25,2,4,B2,14.24749164
837S1213,2,ENG25,3,4,B3,5.551839465
837S1214,2,ENG25,1,4,B4,95.18394649
837S1214,2,ENG25,2,4,B5,94.18060201
837S1214,2,ENG25,3,4,B6,95.11705686
837S1215,2,ENG25,1,4,B7,-1.672240803
837S1215,2,ENG25,2,4,B8,3.010033445
837S1215,2,ENG25,3,4,B9,10.63545151
837S1216,2,ENG25,1,4,B10,13.24414716
837S1216,2,ENG25,2,4,B11,18.66220736
837S1216,2,ENG25,3,4,B12,18.06020067
837S1217,2,ENG25,1,4,C1,29.03010033
837S1217,2,ENG25,2,4,C2,22.40802676
837S1217,2,ENG25,3,4,C3,14.98327759
837S1218,2,ENG25,1,4,C4,82.94314381
837S1218,2,ENG25,2,4,C5,69.03010033
837S1218,2,ENG25,3,4,C6,68.09364548
837S1219,2,ENG25,1,4,C7,31.77257525
837S1219,2,ENG25,2,4,C8,33.51170569
837S1219,2,ENG25,3,4,C9,29.09698997
837S1220,2,ENG25,1,4,C10,87.95986622
837S1220,2,ENG25,2,4,C11,91.63879599
837S1220,2,ENG25,3,4,C12,92.30769231
837S1221,2,ENG25,1,4,D1,94.3812709
837S1221,2,ENG25,2,4,D2,91.50501672
837S1221,2,ENG25,3,4,D3,90.36789298
837S1222,2,ENG25,1,4,D4,98.79598662
837S1222,2,ENG25,2,4,D5,98.72909699
837S1222,2,ENG25,3,4,D6,98.72909699
837S1223,2,ENG25,1,4,D7,82.87625418
837S1223,2,ENG25,2,4,D8,82.0735786
837S1223,2,ENG25,3,4,D9,76.85618729
837S1224,2,ENG25,1,4,D10,93.77926421
837S1224,2,ENG25,2,4,D11,95.78595318
837S1224,2,ENG25,3,4,D12,95.85284281
837S1225,2,ENG25,1,4,E1,29.49832776
837S1225,2,ENG25,2,4,E2,23.61204013
837S1225,2,ENG25,3,4,E3,14.3812709
837S1226,2,ENG25,1,4,E4,62.94314381
837S1226,2,ENG25,2,4,E5,61.73913043
837S1226,2,ENG25,3,4,E6,65.88628763
837S1227,2,ENG25,1,4,E7,95.85284281
837S1227,2,ENG25,2,4,E8,95.91973244
837S1227,2,ENG25,3,4,E9,95.85284281
837S1228,2,ENG25,1,4,E10,73.04347826
837S1228,2,ENG25,2,4,E11,67.090301
837S1228,2,ENG25,3,4,E12,62.20735786
837S1229,2,ENG25,1,4,F1,59.93311037
837S1229,2,ENG25,2,4,F2,50.70234114
837S1229,2,ENG25,3,4,F3,53.51170569
837S1230,2,ENG25,1,4,F4,41.33779264
837S1230,2,ENG25,2,4,F5,49.56521739
837S1230,2,ENG25,3,4,F6,55.45150502
837S1231,2,ENG25,1,4,F7,40.06688963
837S1231,2,ENG25,2,4,F8,33.24414716
837S1231,2,ENG25,3,4,F9,26.42140468
837S1232,2,ENG25,1,4,F10,76.18729097
837S1232,2,ENG25,2,4,F11,80.46822742
837S1232,2,ENG25,3,4,F12,83.27759197
837S1233,2,ENG25,1,4,G1,65.35117057
837S1233,2,ENG25,2,4,G2,61.27090301
837S1233,2,ENG25,3,4,G3,63.14381271
837S1234,2,ENG25,1,4,G4,82.0735786
837S1234,2,ENG25,2,4,G5,83.21070234
837S1234,2,ENG25,3,4,G6,87.35785953
837S1235,2,ENG25,1,4,G7,39.26421405
837S1235,2,ENG25,2,4,G8,32.97658863
837S1235,2,ENG25,3,4,G9,26.28762542
837S1236,2,ENG25,1,4,H1,93.64548495
837S1236,2,ENG25,2,4,H2,89.09698997
837S1236,2,ENG25,3,4,H3,90.36789298
837S1237,2,ENG25,1,4,H4,100
837S1237,2,ENG25,2,4,H5,100
837S1237,2,ENG25,3,4,H6,100
837S1238,2,ENG25,1,4,H7,100
837S1238,2,ENG25,2,4,H8,99.93311037
837S1238,2,ENG25,3,4,H9,99.73244147
837S1239,3,THA22,1,1,A1,93.0648135
837S1239,3,THA22,2,1,A2,91.06509715
837S1239,3,THA22,3,1,A3,89.4483052
837S1240,3,THA22,1,1,A4,72.8549142
837S1240,3,THA22,2,1,A5,61.3246348
837S1240,3,THA22,3,1,A6,68.04708552
837S1241,3,THA22,1,1,A7,50.85803432
837S1241,3,THA22,2,1,A8,49.92199688
837S1241,3,THA22,3,1,A9,46.17784711
837S1242,3,THA22,1,1,A10,99.65962275
837S1242,3,THA22,2,1,A11,99.91490569
837S1242,3,THA22,3,1,A12,99.78726422
837S1243,3,THA22,1,1,B1,93.83066232
837S1243,3,THA22,2,1,B2,94.80924692
837S1243,3,THA22,3,1,B3,93.61792654
837S1244,3,THA22,1,1,B4,70.81265069
837S1244,3,THA22,2,1,B5,65.11133173
837S1244,3,THA22,3,1,B6,69.19585874
837S1245,3,THA22,1,1,B7,99.78726422
837S1245,3,THA22,2,1,B8,99.65962275
837S1245,3,THA22,3,1,B9,99.74471706
837S1246,3,THA22,1,1,B10,90.63962559
837S1246,3,THA22,2,1,B11,88.63990923
837S1246,3,THA22,3,1,B12,86.47000425
837S1247,3,THA22,1,1,C1,95.27726564
837S1247,3,THA22,2,1,C2,94.59651113
837S1247,3,THA22,3,1,C3,95.0219827
837S1248,3,THA22,1,1,C4,84.98085378
837S1248,3,THA22,2,1,C5,80.81123245
837S1248,3,THA22,3,1,C6,81.61962842
837S1249,3,THA22,1,1,C7,87.15075876
837S1249,3,THA22,2,1,C8,85.23613672
837S1249,3,THA22,3,1,C9,84.98085378
837S1250,3,THA22,1,1,C10,97.3620763
837S1250,3,THA22,2,1,C11,97.57481208
837S1250,3,THA22,3,1,C12,97.06424621
837S1251,3,THA22,1,1,D1,71.79123529
837S1251,3,THA22,2,1,D2,68.72784002
837S1251,3,THA22,3,1,D3,71.23812225
837S1252,3,THA22,1,1,D4,100
837S1252,3,THA22,2,1,D5,100
837S1252,3,THA22,3,1,D6,100
837S1253,3,THA22,1,1,D7,99.95745284
837S1253,3,THA22,2,1,D8,100
837S1253,3,THA22,3,1,D9,100
837S1254,3,THA22,1,1,D10,100
837S1254,3,THA22,2,1,D11,100
837S1254,3,THA22,3,1,D12,100
837S1255,3,THA22,1,1,E1,99.61707559
837S1255,3,THA22,2,1,E2,99.57452844
837S1255,3,THA22,3,1,E3,99.7021699
837S1256,3,THA22,1,1,E4,100
837S1256,3,THA22,2,1,E5,100
837S1256,3,THA22,3,1,E6,100
837S1257,3,THA22,1,1,E7,100
837S1257,3,THA22,2,1,E8,100
837S1257,3,THA22,3,1,E9,100
837S1258,3,THA22,1,1,E10,98.51084952
837S1258,3,THA22,2,1,E11,97.14934052
837S1258,3,THA22,3,1,E12,97.44717061
837S1259,3,THA22,1,1,F1,81.87491136
837S1259,3,THA22,2,1,F2,86.25726847
837S1259,3,THA22,3,1,F3,85.27868387
837S1260,3,THA22,1,1,F4,90.29924833
837S1260,3,THA22,2,1,F5,84.59792937
837S1260,3,THA22,3,1,F6,93.19245497
837S1261,3,THA22,1,1,F7,98.08537796
837S1261,3,THA22,2,1,F8,97.78754787
837S1261,3,THA22,3,1,F9,97.78754787
837S1262,3,THA22,1,1,G1,88.68245639
837S1262,3,THA22,2,1,G2,85.4488725
837S1262,3,THA22,3,1,G3,82.93859027
837S1263,3,THA22,1,1,G4,99.91490569
837S1263,3,THA22,2,1,G5,99.95745284
837S1263,3,THA22,3,1,G6,99.91490569
837S1264,3,THA22,1,1,G7,84.08736349
837S1264,3,THA22,2,1,G8,81.02396823
837S1264,3,THA22,3,1,G9,84.4702879
837S1265,3,THA22,1,1,H1,99.95745284
837S1265,3,THA22,2,1,H2,99.95745284
837S1265,3,THA22,3,1,H3,99.95745284
837S1266,3,THA22,1,1,H4,99.95745284
837S1266,3,THA22,2,1,H5,99.95745284
837S1266,3,THA22,3,1,H6,100
837S1267,3,THA22,1,1,H7,41.1147355
837S1267,3,THA22,2,1,H8,44.26322507
837S1267,3,THA22,3,1,H9,42.34860304
837S1268,3,THA22,1,2,A1,73.42188142
837S1268,3,THA22,2,2,A2,67.26003012
837S1268,3,THA22,3,2,A3,65.82226482
837S1269,3,THA22,1,2,A4,95.48130905
837S1269,3,THA22,2,2,A5,94.33109681
837S1269,3,THA22,3,2,A6,94.04354375
837S1270,3,THA22,1,2,A7,100
837S1270,3,THA22,2,2,A8,99.91784198
837S1270,3,THA22,3,2,A9,99.91784198
837S1271,3,THA22,1,2,A10,99.42489388
837S1271,3,THA22,2,2,A11,99.26057784
837S1271,3,THA22,3,2,A12,99.87676297
837S1272,3,THA22,1,2,B1,80.65178694
837S1272,3,THA22,2,2,B2,78.76215254
837S1272,3,THA22,3,2,B3,78.84431056
837S1273,3,THA22,1,2,B4,75.80446392
837S1273,3,THA22,2,2,B5,75.59906888
837S1273,3,THA22,3,2,B6,70.99821991
837S1274,3,THA22,1,2,B7,99.95892099
837S1274,3,THA22,2,2,B8,100
837S1274,3,THA22,3,2,B9,100
837S1275,3,THA22,1,2,B10,88.66219362
837S1275,3,THA22,2,2,B11,86.1974531
837S1275,3,THA22,3,2,B12,85.86882103
837S1276,3,THA22,1,2,C1,95.97425715
837S1276,3,THA22,2,2,C2,96.30288922
837S1276,3,THA22,3,2,C3,95.85102013
837S1277,3,THA22,1,2,C4,89.07298371
837S1277,3,THA22,2,2,C5,87.79953444
837S1277,3,THA22,3,2,C6,86.97795427
837S1278,3,THA22,1,2,C7,53.16993017
837S1278,3,THA22,2,2,C8,55.18280159
837S1278,3,THA22,3,2,C9,49.96576749
837S1279,3,THA22,1,2,C10,34.97192934
837S1279,3,THA22,2,2,C11,29.67273723
837S1279,3,THA22,3,2,C12,29.96029029
837S1280,3,THA22,1,2,D1,86.85471724
837S1280,3,THA22,2,2,D2,82.3771053
837S1280,3,THA22,3,2,D3,81.26797207
837S1281,3,THA22,1,2,D4,99.95892099
837S1281,3,THA22,2,2,D5,100
837S1281,3,THA22,3,2,D6,99.95892099
837S1282,3,THA22,1,2,D7,98.48007668
837S1282,3,THA22,2,2,D8,98.27468164
837S1282,3,THA22,3,2,D9,98.02820759
837S1283,3,THA22,1,2,D10,80.73394495
837S1283,3,THA22,2,2,D11,81.18581405
837S1283,3,THA22,3,2,D12,78.18704642
837S1284,3,THA22,1,2,E1,63.27536629
837S1284,3,THA22,2,2,E2,56.12761879
837S1284,3,THA22,3,2,E3,49.30850335
837S1285,3,THA22,1,2,E4,100
837S1285,3,THA22,2,2,E5,100
837S1285,3,THA22,3,2,E6,99.95892099
837S1286,3,THA22,1,2,E7,62.8645762
837S1286,3,THA22,2,2,E8,60.52307271
837S1286,3,THA22,3,2,E9,58.83883336
837S1287,3,THA22,1,2,E10,100
837S1287,3,THA22,2,2,E11,99.83568397
837S1287,3,THA22,3,2,E12,99.91784198
837S1288,3,THA22,1,2,F1,93.13980556
837S1288,3,THA22,2,2,F2,93.13980556
837S1288,3,THA22,3,2,F3,93.75599069
837S1289,3,THA22,1,2,F4,39.73709434
837S1289,3,THA22,2,2,F5,38.29932904
837S1289,3,THA22,3,2,F6,44.37902232
837S1290,3,THA22,1,2,F7,61.01602081
837S1290,3,THA22,2,2,F8,49.22634534
837S1290,3,THA22,3,2,F9,47.82965904
837S1291,3,THA22,1,2,F10,24.98973025
837S1291,3,THA22,2,2,F11,36.03998357
837S1291,3,THA22,3,2,F12,28.93331508
837S1292,3,THA22,1,2,G1,89.73024784
837S1292,3,THA22,2,2,G2,91.00369711
837S1292,3,THA22,3,2,G3,90.75722306
837S1293,3,THA22,1,2,G4,58.92099137
837S1293,3,THA22,2,2,G5,56.2097768
837S1293,3,THA22,3,2,G6,65.20607969
837S1294,3,THA22,1,2,G7,88.78543064
837S1294,3,THA22,2,2,G8,90.18211694
837S1294,3,THA22,3,2,G9,90.38751198
837S1295,3,THA22,1,2,H1,99.95892099
837S1295,3,THA22,2,2,H2,100
837S1295,3,THA22,3,2,H3,99.95892099
837S1296,3,THA22,1,2,H4,86.27961112
837S1296,3,THA22,2,2,H5,87.47090237
837S1296,3,THA22,3,2,H6,87.6352184
837S1297,3,THA22,1,2,H7,84.3078187
837S1297,3,THA22,2,2,H8,81.4322881
837S1297,3,THA22,3,2,H9,78.88538957
837S1298,3,THA22,1,3,A1,99.74891896
837S1298,3,THA22,2,3,A2,99.7907658
837S1298,3,THA22,3,3,A3,99.66522528
837S1299,3,THA22,1,3,A4,95.06207281
837S1299,3,THA22,2,3,A5,94.97837913
837S1299,3,THA22,3,3,A6,96.23378435
837S1300,3,THA22,1,3,A7,59.07378993
837S1300,3,THA22,2,3,A8,61.71014088
837S1300,3,THA22,3,3,A9,57.77653787
837S1301,3,THA22,1,3,A10,74.59896778
837S1301,3,THA22,2,3,A11,77.06793137
837S1301,3,THA22,3,3,A12,75.60329195
837S1302,3,THA22,1,3,B1,99.95815316
837S1302,3,THA22,2,3,B2,99.95815316
837S1302,3,THA22,3,3,B3,100
837S1303,3,THA22,1,3,B4,99.95815316
837S1303,3,THA22,2,3,B5,99.83261264
837S1303,3,THA22,3,3,B6,99.91630632
837S1304,3,THA22,1,3,B7,78.82549867
837S1304,3,THA22,2,3,B8,77.90486818
837S1304,3,THA22,3,3,B9,54.05216906
837S1305,3,THA22,1,3,B10,95.7734691
837S1305,3,THA22,2,3,B11,96.61040591
837S1305,3,THA22,3,3,B12,95.94085647
837S1306,3,THA22,1,3,C1,99.91630632
837S1306,3,THA22,2,3,C2,100
837S1306,3,THA22,3,3,C3,99.95815316
837S1307,3,THA22,1,3,C4,33.63091087
837S1307,3,THA22,2,3,C5,18.1894267
837S1307,3,THA22,3,3,C6,24.25721858
837S1308,3,THA22,1,3,C7,92.92788394
837S1308,3,THA22,2,3,C8,91.58878505
837S1308,3,THA22,3,3,C9,91.21216348
837S1309,3,THA22,1,3,C10,99.62337843
837S1309,3,THA22,2,3,C11,99.62337843
837S1309,3,THA22,3,3,C12,99.58153159
837S1310,3,THA22,1,3,D1,83.88896638
837S1310,3,THA22,2,3,D2,84.30743479
837S1310,3,THA22,3,3,D3,82.42432696
837S1311,3,THA22,1,3,D4,83.84711954
837S1311,3,THA22,2,3,D5,81.96401172
837S1311,3,THA22,3,3,D6,80.54121914
837S1312,3,THA22,1,3,D7,82.13139908
837S1312,3,THA22,2,3,D8,76.0636072
837S1312,3,THA22,3,3,D9,75.35221091
837S1313,3,THA22,1,3,D10,98.28427954
837S1313,3,THA22,2,3,D11,99.37229739
837S1313,3,THA22,3,3,D12,98.70274794
837S1314,3,THA22,1,3,E1,42.41874738
837S1314,3,THA22,2,3,E2,36.89496443
837S1314,3,THA22,3,3,E3,31.45487516
837S1315,3,THA22,1,3,E4,100
837S1315,3,THA22,2,3,E5,100
837S1315,3,THA22,3,3,E6,99.95815316
837S1316,3,THA22,1,3,E7,87.8225694
837S1316,3,THA22,2,3,E8,87.15301995
837S1316,3,THA22,3,3,E9,88.28288464
837S1317,3,THA22,1,3,E10,58.15315944
837S1317,3,THA22,2,3,E11,59.24117729
837S1317,3,THA22,3,3,E12,63.96987027
837S1318,3,THA22,1,3,F1,65.8529781
837S1318,3,THA22,2,3,F2,63.67694239
837S1318,3,THA22,3,3,F3,64.38833868
837S1319,3,THA22,1,3,F4,85.56284001
837S1319,3,THA22,2,3,F5,86.2742363
837S1319,3,THA22,3,3,F6,85.89761473
837S1320,3,THA22,1,3,F7,38.69437857
837S1320,3,THA22,2,3,F8,45.34802622
837S1320,3,THA22,3,3,F9,42.29320686
837S1321,3,THA22,1,3,F10,18.3986609
837S1321,3,THA22,2,3,F11,2.078393081
837S1321,3,THA22,3,3,F12,1.450690473
837S1322,3,THA22,1,3,G1,83.63788534
837S1322,3,THA22,2,3,G2,84.05635375
837S1322,3,THA22,3,3,G3,81.71293067
837S1323,3,THA22,1,3,G4,99.83261264
837S1323,3,THA22,2,3,G5,99.74891896
837S1323,3,THA22,3,3,G6,99.66522528
837S1324,3,THA22,1,3,G7,86.19054261
837S1324,3,THA22,2,3,G8,87.19486679
837S1324,3,THA22,3,3,G9,81.29446227
837S1325,3,THA22,1,3,H1,70.03766216
837S1325,3,THA22,2,3,H2,67.52685172
837S1325,3,THA22,3,3,H3,70.33059004
837S1326,3,THA22,1,3,H4,96.27563119
837S1326,3,THA22,2,3,H5,95.94085647
837S1326,3,THA22,3,3,H6,95.98270331
837S1327,3,THA22,1,3,H7,98.03319849
837S1327,3,THA22,2,3,H8,97.36364904
837S1327,3,THA22,3,3,H9,97.15441484
837S1328,3,THA22,1,4,A1,90.01778004
837S1328,3,THA22,2,4,A2,91.1988824
837S1328,3,THA22,3,4,A3,89.63677927
837S1329,3,THA22,1,4,A4,88.34137668
837S1329,3,THA22,2,4,A5,85.90297181
837S1329,3,THA22,3,4,A6,82.81686563
837S1330,3,THA22,1,4,A7,70.24384049
837S1330,3,THA22,2,4,A8,70.20574041
837S1330,3,THA22,3,4,A9,68.79603759
837S1331,3,THA22,1,4,A10,81.29286259
837S1331,3,THA22,2,4,A11,78.51155702
837S1331,3,THA22,3,4,A12,81.78816358
837S1332,3,THA22,1,4,B1,86.36017272
837S1332,3,THA22,2,4,B2,86.47447295
837S1332,3,THA22,3,4,B3,89.06527813
837S1333,3,THA22,1,4,B4,85.40767082
837S1333,3,THA22,2,4,B5,85.36957074
837S1333,3,THA22,3,4,B6,84.45516891
837S1334,3,THA22,1,4,B7,94.36118872
837S1334,3,THA22,2,4,B8,94.5516891
837S1334,3,THA22,3,4,B9,93.37058674
837S1335,3,THA22,1,4,B10,86.58877318
837S1335,3,THA22,2,4,B11,86.66497333
837S1335,3,THA22,3,4,B12,88.11277623
837S1336,3,THA22,1,4,C1,77.71145542
837S1336,3,THA22,2,4,C2,83.23596647
837S1336,3,THA22,3,4,C3,81.67386335
837S1337,3,THA22,1,4,C4,50.96520193
837S1337,3,THA22,2,4,C5,52.2987046
837S1337,3,THA22,3,4,C6,52.22250445
837S1338,3,THA22,1,4,C7,68.91033782
837S1338,3,THA22,2,4,C8,71.72974346
837S1338,3,THA22,3,4,C9,69.63423927
837S1339,3,THA22,1,4,C10,99.50469901
837S1339,3,THA22,2,4,C11,99.58089916
837S1339,3,THA22,3,4,C12,99.69519939
837S1340,3,THA22,1,4,D1,87.998476
837S1340,3,THA22,2,4,D2,92.37998476
837S1340,3,THA22,3,4,D3,91.27508255
837S1341,3,THA22,1,4,D4,99.23799848
837S1341,3,THA22,2,4,D5,98.81889764
837S1341,3,THA22,3,4,D6,99.16179832
837S1342,3,THA22,1,4,D7,88.34137668
837S1342,3,THA22,2,4,D8,88.72237744
837S1342,3,THA22,3,4,D9,86.96977394
837S1343,3,THA22,1,4,D10,99.00939802
837S1343,3,THA22,2,4,D11,98.66649733
837S1343,3,THA22,3,4,D12,99.08559817
837S1344,3,THA22,1,4,E1,98.09499619
837S1344,3,THA22,2,4,E2,98.89509779
837S1344,3,THA22,3,4,E3,98.93319787
837S1345,3,THA22,1,4,E4,99.80949962
837S1345,3,THA22,2,4,E5,99.73329947
837S1345,3,THA22,3,4,E6,99.8475997
837S1346,3,THA22,1,4,E7,70.32004064
837S1346,3,THA22,2,4,E8,64.03352807
837S1346,3,THA22,3,4,E9,70.47244094
837S1347,3,THA22,1,4,E10,72.56794514
837S1347,3,THA22,2,4,E11,70.73914148
837S1347,3,THA22,3,4,E12,62.96672593
837S1348,3,THA22,1,4,F1,96.45669291
837S1348,3,THA22,2,4,F2,96.9519939
837S1348,3,THA22,3,4,F3,97.33299467
837S1349,3,THA22,1,4,F4,100
837S1349,3,THA22,2,4,F5,99.92379985
837S1349,3,THA22,3,4,F6,99.96189992
837S1350,3,THA22,1,4,F7,88.37947676
837S1350,3,THA22,2,4,F8,88.41757684
837S1350,3,THA22,3,4,F9,87.80797562
837S1351,3,THA22,1,4,F10,33.28676657
837S1351,3,THA22,2,4,F11,41.4020828
837S1351,3,THA22,3,4,F12,45.74549149
837S1352,3,THA22,1,4,G1,99.92379985
837S1352,3,THA22,2,4,G2,99.88569977
837S1352,3,THA22,3,4,G3,99.69519939
837S1353,3,THA22,1,4,G4,59.72821946
837S1353,3,THA22,2,4,G5,54.62280925
837S1353,3,THA22,3,4,G6,51.95580391
837S1354,3,THA22,1,4,G7,73.78714757
837S1354,3,THA22,2,4,G8,75.31115062
837S1354,3,THA22,3,4,G9,75.38735077
837S1355,3,THA22,1,4,H1,57.44221488
837S1355,3,THA22,2,4,H2,54.20370841
837S1355,3,THA22,3,4,H3,52.94640589
837S1356,3,THA22,1,4,H4,100
837S1356,3,THA22,2,4,H5,100
837S1356,3,THA22,3,4,H6,99.96189992
837S1357,3,THA22,1,4,H7,99.88569977
837S1357,3,THA22,2,4,H8,99.77139954
837S1357,3,THA22,3,4,H9,99.69519939
837S1239,3,ENG24,1,1,A1,53.8374505
837S1239,3,ENG24,2,1,A2,39.18536677
837S1239,3,ENG24,3,1,A3,46.76598152
837S1240,3,ENG24,1,1,A4,47.44484254
837S1240,3,ENG24,2,1,A5,38.50650575
837S1240,3,ENG24,3,1,A6,43.88082218
837S1241,3,ENG24,1,1,A7,29.96417122
837S1241,3,ENG24,2,1,A8,26.62643787
837S1241,3,ENG24,3,1,A9,29.56816896
837S1242,3,ENG24,1,1,A10,97.11484066
837S1242,3,ENG24,2,1,A11,97.11484066
837S1242,3,ENG24,3,1,A12,96.66226664
837S1243,3,ENG24,1,1,B1,81.6707524
837S1243,3,ENG24,2,1,B2,79.86045635
837S1243,3,ENG24,3,1,B3,79.01188007
837S1244,3,ENG24,1,1,B4,20.68640392
837S1244,3,ENG24,2,1,B5,14.52008297
837S1244,3,ENG24,3,1,B6,21.59155195
837S1245,3,ENG24,1,1,B7,99.77371299
837S1245,3,ENG24,2,1,B8,99.66056949
837S1245,3,ENG24,3,1,B9,99.94342825
837S1246,3,ENG24,1,1,B10,68.093531960000007
837S1246,3,ENG24,2,1,B11,66.22666415
837S1246,3,ENG24,3,1,B12,66.62266642
837S1247,3,ENG24,1,1,C1,90.89194795
837S1247,3,ENG24,2,1,C2,87.10164058
837S1247,3,ENG24,3,1,C3,86.2530643
837S1248,3,ENG24,1,1,C4,44.44653969
837S1248,3,ENG24,2,1,C5,42.35338488
837S1248,3,ENG24,3,1,C6,45.52140298
837S1249,3,ENG24,1,1,C7,69.05525174
837S1249,3,ENG24,2,1,C8,69.50782576
837S1249,3,ENG24,3,1,C9,66.22666415
837S1250,3,ENG24,1,1,C10,93.72053555
837S1250,3,ENG24,2,1,C11,94.11653781
837S1250,3,ENG24,3,1,C12,89.13822365
837S1251,3,ENG24,1,1,D1,24.08070903
837S1251,3,ENG24,2,1,D2,18.19724684
837S1251,3,ENG24,3,1,D3,20.40354516
837S1252,3,ENG24,1,1,D4,100
837S1252,3,ENG24,2,1,D5,100
837S1252,3,ENG24,3,1,D6,100
837S1253,3,ENG24,1,1,D7,100
837S1253,3,ENG24,2,1,D8,100
837S1253,3,ENG24,3,1,D9,100
837S1254,3,ENG24,1,1,D10,100
837S1254,3,ENG24,2,1,D11,100
837S1254,3,ENG24,3,1,D12,100
837S1255,3,ENG24,1,1,E1,96.09654912
837S1255,3,ENG24,2,1,E2,96.09654912
837S1255,3,ENG24,3,1,E3,96.03997737
837S1256,3,ENG24,1,1,E4,99.94342825
837S1256,3,ENG24,2,1,E5,100
837S1256,3,ENG24,3,1,E6,100
837S1257,3,ENG24,1,1,E7,99.94342825
837S1257,3,ENG24,2,1,E8,100
837S1257,3,ENG24,3,1,E9,100
837S1258,3,ENG24,1,1,E10,95.81369036
837S1258,3,ENG24,2,1,E11,93.83367905
837S1258,3,ENG24,3,1,E12,94.22968131
837S1259,3,ENG24,1,1,F1,77.59758627
837S1259,3,ENG24,2,1,F2,80.0301716
837S1259,3,ENG24,3,1,F3,77.42787102
837S1260,3,ENG24,1,1,F4,78.21987554
837S1260,3,ENG24,2,1,F5,69.39468226
837S1260,3,ENG24,3,1,F6,84.725627
837S1261,3,ENG24,1,1,F7,93.32453328
837S1261,3,ENG24,2,1,F8,91.96681124
837S1261,3,ENG24,3,1,F9,90.8353762
837S1262,3,ENG24,1,1,G1,74.71242693
837S1262,3,ENG24,2,1,G2,70.07354328
837S1262,3,ENG24,3,1,G3,70.92211955
837S1263,3,ENG24,1,1,G4,99.8868565
837S1263,3,ENG24,2,1,G5,99.8868565
837S1263,3,ENG24,3,1,G6,99.66056949
837S1264,3,ENG24,1,1,G7,40.65623232
837S1264,3,ENG24,2,1,G8,37.82764473
837S1264,3,ENG24,3,1,G9,33.35847633
837S1265,3,ENG24,1,1,H1,100
837S1265,3,ENG24,2,1,H2,100
837S1265,3,ENG24,3,1,H3,100
837S1266,3,ENG24,1,1,H4,100
837S1266,3,ENG24,2,1,H5,99.94342825
837S1266,3,ENG24,3,1,H6,100
837S1267,3,ENG24,1,1,H7,19.44182538
837S1267,3,ENG24,2,1,H8,20.1206864
837S1267,3,ENG24,3,1,H9,17.85781633
837S1268,3,ENG24,1,2,A1,30.35009213
837S1268,3,ENG24,2,2,A2,27.70465912
837S1268,3,ENG24,3,2,A3,27.5862069
837S1269,3,ENG24,1,2,A4,64.0300079
837S1269,3,ENG24,2,2,A5,59.56830745
837S1269,3,ENG24,3,2,A6,58.42326928
837S1270,3,ENG24,1,2,A7,100
837S1270,3,ENG24,2,2,A8,99.96051593
837S1270,3,ENG24,3,2,A9,100
837S1271,3,ENG24,1,2,A10,98.77599368
837S1271,3,ENG24,2,2,A11,98.85496183
837S1271,3,ENG24,3,2,A12,99.13135036
837S1272,3,ENG24,1,2,B1,55.106607
837S1272,3,ENG24,2,2,B2,59.6472756
837S1272,3,ENG24,3,2,B3,59.72624375
837S1273,3,ENG24,1,2,B4,65.13556199
837S1273,3,ENG24,2,2,B5,62.25322453
837S1273,3,ENG24,3,2,B6,63.27981048
837S1274,3,ENG24,1,2,B7,99.92103185
837S1274,3,ENG24,2,2,B8,100
837S1274,3,ENG24,3,2,B9,100
837S1275,3,ENG24,1,2,B10,74.69070808
837S1275,3,ENG24,2,2,B11,73.19031324
837S1275,3,ENG24,3,2,B12,74.92761253
837S1276,3,ENG24,1,2,C1,95.34087918
837S1276,3,ENG24,2,2,C2,95.41984733
837S1276,3,ENG24,3,2,C3,95.85417215
837S1277,3,ENG24,1,2,C4,75.9147144
837S1277,3,ENG24,2,2,C5,71.13714135
837S1277,3,ENG24,3,2,C6,69.63674651
837S1278,3,ENG24,1,2,C7,27.19136615
837S1278,3,ENG24,2,2,C8,24.38799684
837S1278,3,ENG24,3,2,C9,17.67570413
837S1279,3,ENG24,1,2,C10,24.78283759
837S1279,3,ENG24,2,2,C11,17.67570413
837S1279,3,ENG24,3,2,C12,21.18978679
837S1280,3,ENG24,1,2,D1,68.17583575
837S1280,3,ENG24,2,2,D2,65.37246644
837S1280,3,ENG24,3,2,D3,62.88496973
837S1281,3,ENG24,1,2,D4,100
837S1281,3,ENG24,2,2,D5,100
837S1281,3,ENG24,3,2,D6,100
837S1282,3,ENG24,1,2,D7,96.95972624
837S1282,3,ENG24,2,2,D8,96.4069492
837S1282,3,ENG24,3,2,D9,97.31508292
837S1283,3,ENG24,1,2,D10,50.28954988
837S1283,3,ENG24,2,2,D11,45.55146091
837S1283,3,ENG24,3,2,D12,50.40800211
837S1284,3,ENG24,1,2,E1,40.65543564
837S1284,3,ENG24,2,2,E2,25.53303501
837S1284,3,ENG24,3,2,E3,28.02053172
837S1285,3,ENG24,1,2,E4,99.96051593
837S1285,3,ENG24,2,2,E5,99.96051593
837S1285,3,ENG24,3,2,E6,99.96051593
837S1286,3,ENG24,1,2,E7,59.72624375
837S1286,3,ENG24,2,2,E8,51.31613583
837S1286,3,ENG24,3,2,E9,45.35404054
837S1287,3,ENG24,1,2,E10,99.96051593
837S1287,3,ENG24,2,2,E11,99.8420637
837S1287,3,ENG24,3,2,E12,99.80257963
837S1288,3,ENG24,1,2,F1,73.11134509
837S1288,3,ENG24,2,2,F2,73.82205844
837S1288,3,ENG24,3,2,F3,73.58515399
837S1289,3,ENG24,1,2,F4,24.82232166
837S1289,3,ENG24,2,2,F5,26.40168465
837S1289,3,ENG24,3,2,F6,23.3614109
837S1290,3,ENG24,1,2,F7,18.54435378
837S1290,3,ENG24,2,2,F8,12.22690182
837S1290,3,ENG24,3,2,F9,14.55646223
837S1291,3,ENG24,1,2,F10,7.567780995
837S1291,3,ENG24,2,2,F11,21.62411161
837S1291,3,ENG24,3,2,F12,11.23979995
837S1292,3,ENG24,1,2,G1,69.95261911
837S1292,3,ENG24,2,2,G2,69.08396947
837S1292,3,ENG24,3,2,G3,68.37325612
837S1293,3,ENG24,1,2,G4,21.82153198
837S1293,3,ENG24,2,2,G5,24.50644907
837S1293,3,ENG24,3,2,G6,20.95288234
837S1294,3,ENG24,1,2,G7,79.58673335
837S1294,3,ENG24,2,2,G8,82.66649118
837S1294,3,ENG24,3,2,G9,80.49486707
837S1295,3,ENG24,1,2,H1,100
837S1295,3,ENG24,2,2,H2,99.88154778
837S1295,3,ENG24,3,2,H3,99.92103185
837S1296,3,ENG24,1,2,H4,40.02369044
837S1296,3,ENG24,2,2,H5,57.55461964
837S1296,3,ENG24,3,2,H6,53.92208476
837S1297,3,ENG24,1,2,H7,55.8962885
837S1297,3,ENG24,2,2,H8,45.11713609
837S1297,3,ENG24,3,2,H9,38.95762043
837S1298,3,ENG24,1,3,A1,99.19115665
837S1298,3,ENG24,2,3,A2,99.51469399
837S1298,3,ENG24,3,3,A3,99.23159881
837S1299,3,ENG24,1,3,A4,87.70558102
837S1299,3,ENG24,2,3,A5,88.83796171
837S1299,3,ENG24,3,3,A6,87.46292801
837S1300,3,ENG24,1,3,A7,18.34726341
837S1300,3,ENG24,2,3,A8,16.64869237
837S1300,3,ENG24,3,3,A9,17.09355621
837S1301,3,ENG24,1,3,A10,40.75222432
837S1301,3,ENG24,2,3,A11,45.1604206
837S1301,3,ENG24,3,3,A12,44.71555675
837S1302,3,ENG24,1,3,B1,100
837S1302,3,ENG24,2,3,B2,100
837S1302,3,ENG24,3,3,B3,100
837S1303,3,ENG24,1,3,B4,99.31248315
837S1303,3,ENG24,2,3,B5,99.02938798
837S1303,3,ENG24,3,3,B6,99.19115665
837S1304,3,ENG24,1,3,B7,46.29280129
837S1304,3,ENG24,2,3,B8,50.94365058
837S1304,3,ENG24,3,3,B9,24.57535724
837S1305,3,ENG24,1,3,B10,76.94796441
837S1305,3,ENG24,2,3,B11,76.13912106
837S1305,3,ENG24,3,3,B12,76.42221623
837S1306,3,ENG24,1,3,C1,100
837S1306,3,ENG24,2,3,C2,99.91911566
837S1306,3,ENG24,3,3,C3,99.91911566
837S1307,3,ENG24,1,3,C4,26.63790779
837S1307,3,ENG24,2,3,C5,30.27770288
837S1307,3,ENG24,3,3,C6,30.52035589
837S1308,3,ENG24,1,3,C7,83.05473173
837S1308,3,ENG24,2,3,C8,79.45537881
837S1308,3,ENG24,3,3,C9,79.05095713
837S1309,3,ENG24,1,3,C10,97.89700728
837S1309,3,ENG24,2,3,C11,98.09921812
837S1309,3,ENG24,3,3,C12,97.65435427
837S1310,3,ENG24,1,3,D1,76.5839849
837S1310,3,ENG24,2,3,D2,77.19061742
837S1310,3,ENG24,3,3,D3,74.27878134
837S1311,3,ENG24,1,3,D4,75.00674036
837S1311,3,ENG24,2,3,D5,75.12806686
837S1311,3,ENG24,3,3,D6,71.69048261
837S1312,3,ENG24,1,3,D7,64.49177676
837S1312,3,ENG24,2,3,D8,58.62766244
837S1312,3,ENG24,3,3,D9,63.92558641
837S1313,3,ENG24,1,3,D10,96.48153141
837S1313,3,ENG24,2,3,D11,95.83445673
837S1313,3,ENG24,3,3,D12,96.1175519
837S1314,3,ENG24,1,3,E1,20.6120248
837S1314,3,ENG24,2,3,E2,22.18926934
837S1314,3,ENG24,3,3,E3,22.18926934
837S1315,3,ENG24,1,3,E4,98.42275546
837S1315,3,ENG24,2,3,E5,98.70585063
837S1315,3,ENG24,3,3,E6,96.1175519
837S1316,3,ENG24,1,3,E7,76.74575357
837S1316,3,ENG24,2,3,E8,76.4626584
837S1316,3,ENG24,3,3,E9,74.19789701
837S1317,3,ENG24,1,3,E10,57.09086007
837S1317,3,ENG24,2,3,E11,57.53572391
837S1317,3,ENG24,3,3,E12,54.94742518
837S1318,3,ENG24,1,3,F1,21.78484767
837S1318,3,ENG24,2,3,F2,20.4906983
837S1318,3,ENG24,3,3,F3,20.81423564
837S1319,3,ENG24,1,3,F4,70.43677541
837S1319,3,ENG24,2,3,F5,75.65381504
837S1319,3,ENG24,3,3,F6,74.96629819
837S1320,3,ENG24,1,3,F7,6.376381774
837S1320,3,ENG24,2,3,F8,12.15961176
837S1320,3,ENG24,3,3,F9,16.20382853
837S1321,3,ENG24,1,3,F10,9.854408196
837S1321,3,ENG24,2,3,F11,3.788083041
837S1321,3,ENG24,3,3,F12,7.953626314
837S1322,3,ENG24,1,3,G1,41.399299
837S1322,3,ENG24,2,3,G2,34.84766783
837S1322,3,ENG24,3,3,G3,34.56457266
837S1323,3,ENG24,1,3,G4,98.8676193
837S1323,3,ENG24,2,3,G5,98.6249663
837S1323,3,ENG24,3,3,G6,98.8676193
837S1324,3,ENG24,1,3,G7,76.82663791
837S1324,3,ENG24,2,3,G8,73.59126449
837S1324,3,ENG24,3,3,G9,73.87435967
837S1325,3,ENG24,1,3,H1,38.36613642
837S1325,3,ENG24,2,3,H2,34.92855217
837S1325,3,ENG24,3,3,H3,41.80372068
837S1326,3,ENG24,1,3,H4,85.88568347
837S1326,3,ENG24,2,3,H5,83.05473173
837S1326,3,ENG24,3,3,H6,81.15394985
837S1327,3,ENG24,1,3,H7,93.56969534
837S1327,3,ENG24,2,3,H8,90.7387436
837S1327,3,ENG24,3,3,H9,92.3564303
837S1328,3,ENG24,1,4,A1,80.98100833
837S1328,3,ENG24,2,4,A2,85.3668534
837S1328,3,ENG24,3,4,A3,80.61210548
837S1329,3,ENG24,1,4,A4,76.67714169
837S1329,3,ENG24,2,4,A5,71.92239377
837S1329,3,ENG24,3,4,A6,67.08566744
837S1330,3,ENG24,1,4,A7,12.48804481
837S1330,3,ENG24,2,4,A8,11.7092499
837S1330,3,ENG24,3,4,A9,3.265473425
837S1331,3,ENG24,1,4,A10,59.74859954
837S1331,3,ENG24,2,4,A11,58.76485859
837S1331,3,ENG24,3,4,A12,65.65104522
837S1332,3,ENG24,1,4,B1,21.87457303
837S1332,3,ENG24,2,4,B2,26.21942888
837S1332,3,ENG24,3,4,B3,17.44773876
837S1333,3,ENG24,1,4,B4,22.44842192
837S1333,3,ENG24,2,4,B5,16.79191146
837S1333,3,ENG24,3,4,B6,16.42300861
837S1334,3,ENG24,1,4,B7,86.63751879
837S1334,3,ENG24,2,4,B8,86.35059434
837S1334,3,ENG24,3,4,B9,85.44883181
837S1335,3,ENG24,1,4,B10,46.18117229
837S1335,3,ENG24,2,4,B11,45.89424785
837S1335,3,ENG24,3,4,B12,52.78043449
837S1336,3,ENG24,1,4,C1,59.87156715
837S1336,3,ENG24,2,4,C2,59.13376144
837S1336,3,ENG24,3,4,C3,57.4941932
837S1337,3,ENG24,1,4,C4,0.437218199
837S1337,3,ENG24,2,4,C5,-2.063123378
837S1337,3,ENG24,3,4,C6,-3.415767181
837S1338,3,ENG24,1,4,C7,14.53750512
837S1338,3,ENG24,2,4,C8,22.12050827
837S1338,3,ENG24,3,4,C9,-5.875119552
837S1339,3,ENG24,1,4,C10,95.45019811
837S1339,3,ENG24,2,4,C11,97.08976636
837S1339,3,ENG24,3,4,C12,97.66361525
837S1340,3,ENG24,1,4,D1,80.85804072
837S1340,3,ENG24,2,4,D2,87.3753245
837S1340,3,ENG24,3,4,D3,86.76048641
837S1341,3,ENG24,1,4,D4,95.28624129
837S1341,3,ENG24,2,4,D5,95.57316573
837S1341,3,ENG24,3,4,D6,94.87634923
837S1342,3,ENG24,1,4,D7,67.82347315
837S1342,3,ENG24,2,4,D8,64.29840142
837S1342,3,ENG24,3,4,D9,62.61784397
837S1343,3,ENG24,1,4,D10,97.78658287
837S1343,3,ENG24,2,4,D11,97.58163684
837S1343,3,ENG24,3,4,D12,98.44241017
837S1344,3,ENG24,1,4,E1,92.86787813
837S1344,3,ENG24,2,4,E2,96.35196065
837S1344,3,ENG24,3,4,E3,96.72086351
837S1345,3,ENG24,1,4,E4,98.97526985
837S1345,3,ENG24,2,4,E5,98.0325181
837S1345,3,ENG24,3,4,E6,99.22120508
837S1346,3,ENG24,1,4,E7,15.31630004
837S1346,3,ENG24,2,4,E8,9.946714032
837S1346,3,ENG24,3,4,E9,18.06257685
837S1347,3,ENG24,1,4,E10,23.18622763
837S1347,3,ENG24,2,4,E11,15.64421369
837S1347,3,ENG24,3,4,E12,36.42574122
837S1348,3,ENG24,1,4,F1,51.42779068
837S1348,3,ENG24,2,4,F2,55.36275447
837S1348,3,ENG24,3,4,F3,53.10834813
837S1349,3,ENG24,1,4,F4,99.95901079
837S1349,3,ENG24,2,4,F5,99.91802159
837S1349,3,ENG24,3,4,F6,99.95901079
837S1350,3,ENG24,1,4,F7,25.64558
837S1350,3,ENG24,2,4,F8,18.88236098
837S1350,3,ENG24,3,4,F9,38.14728788
837S1351,3,ENG24,1,4,F10,-8.744363984
837S1351,3,ENG24,2,4,F11,-8.293482716
837S1351,3,ENG24,3,4,F12,1.543926766
837S1352,3,ENG24,1,4,G1,99.098237460000007
837S1352,3,ENG24,2,4,G2,99.26219429
837S1352,3,ENG24,3,4,G3,99.01625905
837S1353,3,ENG24,1,4,G4,12.48804481
837S1353,3,ENG24,2,4,G5,7.487361661
837S1353,3,ENG24,3,4,G6,7.692307692
837S1354,3,ENG24,1,4,G7,39.5819101
837S1354,3,ENG24,2,4,G8,39.41795327
837S1354,3,ENG24,3,4,G9,40.19674819
837S1355,3,ENG24,1,4,H1,34.90914059
837S1355,3,ENG24,2,4,H2,20.07104796
837S1355,3,ENG24,3,4,H3,14.3735483
837S1356,3,ENG24,1,4,H4,99.87703238
837S1356,3,ENG24,2,4,H5,99.87703238
837S1356,3,ENG24,3,4,H6,99.87703238
837S1357,3,ENG24,1,4,H7,98.48339937
837S1357,3,ENG24,2,4,H8,97.95053969
837S1357,3,ENG24,3,4,H9,97.86856128
837S1239,3,ENG25,1,1,A1,91.23154209
837S1239,3,ENG25,2,1,A2,89.54178718
837S1239,3,ENG25,3,1,A3,87.76069417
837S1240,3,ENG25,1,1,A4,58.39549399
837S1240,3,ENG25,2,1,A5,50.54041711
837S1240,3,ENG25,3,1,A6,53.91992693
837S1241,3,ENG25,1,1,A7,50.95143858
837S1241,3,ENG25,2,1,A8,47.11523824
837S1241,3,ENG25,3,1,A9,49.76404323
837S1242,3,ENG25,1,1,A10,92.55594459
837S1242,3,ENG25,2,1,A11,91.32288019
837S1242,3,ENG25,3,1,A12,91.96224692
837S1243,3,ENG25,1,1,B1,60.58760846
837S1243,3,ENG25,2,1,B2,61.08996803
837S1243,3,ENG25,3,1,B3,56.61440097
837S1244,3,ENG25,1,1,B4,56.38605572
837S1244,3,ENG25,2,1,B5,46.65854772
837S1244,3,ENG25,3,1,B6,57.02542244
837S1245,3,ENG25,1,1,B7,96.30080682
837S1245,3,ENG25,2,1,B8,95.11341148
837S1245,3,ENG25,3,1,B9,95.88978536
837S1246,3,ENG25,1,1,B10,86.02527021
837S1246,3,ENG25,2,1,B11,84.38118435
837S1246,3,ENG25,3,1,B12,83.60481047
837S1247,3,ENG25,1,1,C1,96.11813061
837S1247,3,ENG25,2,1,C2,93.0126351
837S1247,3,ENG25,3,1,C3,93.56066372
837S1248,3,ENG25,1,1,C4,88.94808951
837S1248,3,ENG25,2,1,C5,82.00639367
837S1248,3,ENG25,3,1,C6,82.96544375
837S1249,3,ENG25,1,1,C7,75.79540265
837S1249,3,ENG25,2,1,C8,78.48987669
837S1249,3,ENG25,3,1,C9,77.11980515
837S1250,3,ENG25,1,1,C10,95.6614401
837S1250,3,ENG25,2,1,C11,96.62049018
837S1250,3,ENG25,3,1,C12,93.14964226
837S1251,3,ENG25,1,1,D1,69.67574973
837S1251,3,ENG25,2,1,D2,68.16867103
837S1251,3,ENG25,3,1,D3,68.21434008
837S1252,3,ENG25,1,1,D4,99.95433095
837S1252,3,ENG25,2,1,D5,100
837S1252,3,ENG25,3,1,D6,100
837S1253,3,ENG25,1,1,D7,99.17795707
837S1253,3,ENG25,2,1,D8,99.40630233
837S1253,3,ENG25,3,1,D9,98.94961181
837S1254,3,ENG25,1,1,D10,100
837S1254,3,ENG25,2,1,D11,99.95433095
837S1254,3,ENG25,3,1,D12,99.95433095
837S1255,3,ENG25,1,1,E1,85.52291064
837S1255,3,ENG25,2,1,E2,82.69142944
837S1255,3,ENG25,3,1,E3,81.32135789
837S1256,3,ENG25,1,1,E4,99.9086619
837S1256,3,ENG25,2,1,E5,100
837S1256,3,ENG25,3,1,E6,100
837S1257,3,ENG25,1,1,E7,46.88689298
837S1257,3,ENG25,2,1,E8,67.57497336
837S1257,3,ENG25,3,1,E9,47.29791445
837S1258,3,ENG25,1,1,E10,94.56538286
837S1258,3,ENG25,2,1,E11,93.37798752
837S1258,3,ENG25,3,1,E12,95.25041863
837S1259,3,ENG25,1,1,F1,88.35439184
837S1259,3,ENG25,2,1,F2,89.63312529
837S1259,3,ENG25,3,1,F3,90.86618968
837S1260,3,ENG25,1,1,F4,43.73572842
837S1260,3,ENG25,2,1,F5,29.30430811
837S1260,3,ENG25,3,1,F6,57.66478916
837S1261,3,ENG25,1,1,F7,87.44101081
837S1261,3,ENG25,2,1,F8,88.85675141
837S1261,3,ENG25,3,1,F9,87.62368701
837S1262,3,ENG25,1,1,G1,44.5121023
837S1262,3,ENG25,2,1,G2,40.99558533
837S1262,3,ENG25,3,1,G3,36.47434922
837S1263,3,ENG25,1,1,G4,96.94017354
837S1263,3,ENG25,2,1,G5,97.21418785
837S1263,3,ENG25,3,1,G6,97.71654742
837S1264,3,ENG25,1,1,G7,73.92297153
837S1264,3,ENG25,2,1,G8,75.8410717
837S1264,3,ENG25,3,1,G9,73.96864058
837S1265,3,ENG25,1,1,H1,89.77013244
837S1265,3,ENG25,2,1,H2,88.71974425
837S1265,3,ENG25,3,1,H3,87.34967271
837S1266,3,ENG25,1,1,H4,99.22362612
837S1266,3,ENG25,2,1,H5,98.6755975
837S1266,3,ENG25,3,1,H6,98.99528086
837S1267,3,ENG25,1,1,H7,10.5343279
837S1267,3,ENG25,2,1,H8,12.54376617
837S1267,3,ENG25,3,1,H9,9.027249201
837S1268,3,ENG25,1,2,A1,41.09190173
837S1268,3,ENG25,2,2,A2,29.19017288
837S1268,3,ENG25,3,2,A3,31.26478617
837S1269,3,ENG25,1,2,A4,86.84258417
837S1269,3,ENG25,2,2,A5,84.49499545
837S1269,3,ENG25,3,2,A6,84.05823476
837S1270,3,ENG25,1,2,A7,100
837S1270,3,ENG25,2,2,A8,99.94540491
837S1270,3,ENG25,3,2,A9,100
837S1271,3,ENG25,1,2,A10,94.70427662
837S1271,3,ENG25,2,2,A11,96.28753412
837S1271,3,ENG25,3,2,A12,97.27024568
837S1272,3,ENG25,1,2,B1,53.64877161
837S1272,3,ENG25,2,2,B2,52.12010919
837S1272,3,ENG25,3,2,B3,53.7033667
837S1273,3,ENG25,1,2,B4,40.60054595
837S1273,3,ENG25,2,2,B5,42.62056415
837S1273,3,ENG25,3,2,B6,43.87625114
837S1274,3,ENG25,1,2,B7,99.78161965
837S1274,3,ENG25,2,2,B8,99.67242948
837S1274,3,ENG25,3,2,B9,99.94540491
837S1275,3,ENG25,1,2,B10,54.84986351
837S1275,3,ENG25,2,2,B11,44.64058235
837S1275,3,ENG25,3,2,B12,46.22383985
837S1276,3,ENG25,1,2,C1,77.34303913
837S1276,3,ENG25,2,2,C2,76.46951774
837S1276,3,ENG25,3,2,C3,74.17652411
837S1277,3,ENG25,1,2,C4,89.08098271
837S1277,3,ENG25,2,2,C5,86.84258417
837S1277,3,ENG25,3,2,C6,86.95177434
837S1278,3,ENG25,1,2,C7,18.54413103
837S1278,3,ENG25,2,2,C8,9.91810737
837S1278,3,ENG25,3,2,C9,8.498635123
837S1279,3,ENG25,1,2,C10,16.68789809
837S1279,3,ENG25,2,2,C11,13.30300273
837S1279,3,ENG25,3,2,C12,25.64149227
837S1280,3,ENG25,1,2,D1,86.62420382
837S1280,3,ENG25,2,2,D2,84.98635123
837S1280,3,ENG25,3,2,D3,85.31392175
837S1281,3,ENG25,1,2,D4,99.29026388
837S1281,3,ENG25,2,2,D5,98.58052775
837S1281,3,ENG25,3,2,D6,98.25295723
837S1282,3,ENG25,1,2,D7,96.88808007
837S1282,3,ENG25,2,2,D8,97.32484076
837S1282,3,ENG25,3,2,D9,97.16105551
837S1283,3,ENG25,1,2,D10,73.30300273
837S1283,3,ENG25,2,2,D11,74.39490446
837S1283,3,ENG25,3,2,D12,71.11919927
837S1284,3,ENG25,1,2,E1,43.2211101
837S1284,3,ENG25,2,2,E2,35.90536852
837S1284,3,ENG25,3,2,E3,23.29390355
837S1285,3,ENG25,1,2,E4,99.94540491
837S1285,3,ENG25,2,2,E5,99.94540491
837S1285,3,ENG25,3,2,E6,99.78161965
837S1286,3,ENG25,1,2,E7,46.33303003
837S1286,3,ENG25,2,2,E8,46.33303003
837S1286,3,ENG25,3,2,E9,40.76433121
837S1287,3,ENG25,1,2,E10,95.41401274
837S1287,3,ENG25,2,2,E11,92.90263876
837S1287,3,ENG25,3,2,E12,94.97725205
837S1288,3,ENG25,1,2,F1,83.0755232
837S1288,3,ENG25,2,2,F2,80.83712466
837S1288,3,ENG25,3,2,F3,80.07279345
837S1289,3,ENG25,1,2,F4,27.98908098
837S1289,3,ENG25,2,2,F5,34.04913558
837S1289,3,ENG25,3,2,F6,28.97179254
837S1290,3,ENG25,1,2,F7,25.53230209
837S1290,3,ENG25,2,2,F8,35.19563239
837S1290,3,ENG25,3,2,F9,35.30482257
837S1291,3,ENG25,1,2,F10,46.22383985
837S1291,3,ENG25,2,2,F11,44.53139217
837S1291,3,ENG25,3,2,F12,37.54322111
837S1292,3,ENG25,1,2,G1,77.12465878
837S1292,3,ENG25,2,2,G2,74.66787989
837S1292,3,ENG25,3,2,G3,75.81437671
837S1293,3,ENG25,1,2,G4,90.93721565
837S1293,3,ENG25,2,2,G5,92.68425842
837S1293,3,ENG25,3,2,G6,90.60964513
837S1294,3,ENG25,1,2,G7,67.95268426
837S1294,3,ENG25,2,2,G8,71.28298453
837S1294,3,ENG25,3,2,G9,66.69699727
837S1295,3,ENG25,1,2,H1,99.83621474
837S1295,3,ENG25,2,2,H2,99.29026388
837S1295,3,ENG25,3,2,H3,99.34485896
837S1296,3,ENG25,1,2,H4,75.86897179
837S1296,3,ENG25,2,2,H5,81.65605096
837S1296,3,ENG25,3,2,H6,79.25386715
837S1297,3,ENG25,1,2,H7,50.64604186
837S1297,3,ENG25,2,2,H8,43.43949045
837S1297,3,ENG25,3,2,H9,41.03730664
837S1298,3,ENG25,1,3,A1,66.00517688
837S1298,3,ENG25,2,3,A2,63.28731665
837S1298,3,ENG25,3,3,A3,65.70319241
837S1299,3,ENG25,1,3,A4,79.594478
837S1299,3,ENG25,2,3,A5,77.43744607
837S1299,3,ENG25,3,3,A6,85.33218292
837S1300,3,ENG25,1,3,A7,48.83520276
837S1300,3,ENG25,2,3,A8,45.03882657
837S1300,3,ENG25,3,3,A9,42.01898188
837S1301,3,ENG25,1,3,A10,67.6013805
837S1301,3,ENG25,2,3,A11,70.66436583
837S1301,3,ENG25,3,3,A12,64.27955134
837S1302,3,ENG25,1,3,B1,78.30025884
837S1302,3,ENG25,2,3,B2,74.11561691
837S1302,3,ENG25,3,3,B3,74.71958585
837S1303,3,ENG25,1,3,B4,99.87057808
837S1303,3,ENG25,2,3,B5,99.91371872
837S1303,3,ENG25,3,3,B6,99.82743745
837S1304,3,ENG25,1,3,B7,64.797239
837S1304,3,ENG25,2,3,B8,65.3580673
837S1304,3,ENG25,3,3,B9,42.88179465
837S1305,3,ENG25,1,3,B10,94.99568594
837S1305,3,ENG25,2,3,B11,96.33304573
837S1305,3,ENG25,3,3,B12,95.77221743
837S1306,3,ENG25,1,3,C1,98.14495255
837S1306,3,ENG25,2,3,C2,98.96462468
837S1306,3,ENG25,3,3,C3,98.8783434
837S1307,3,ENG25,1,3,C4,25.88438309
837S1307,3,ENG25,2,3,C5,27.86885246
837S1307,3,ENG25,3,3,C6,23.2096635
837S1308,3,ENG25,1,3,C7,86.10871441
837S1308,3,ENG25,2,3,C8,84.25366695
837S1308,3,ENG25,3,3,C9,85.07333909
837S1309,3,ENG25,1,3,C10,99.95685936
837S1309,3,ENG25,2,3,C11,99.87057808
837S1309,3,ENG25,3,3,C12,99.95685936
837S1310,3,ENG25,1,3,D1,56.77308024
837S1310,3,ENG25,2,3,D2,56.29853322
837S1310,3,ENG25,3,3,D3,58.23986195
837S1311,3,ENG25,1,3,D4,65.53062985
837S1311,3,ENG25,2,3,D5,62.76962899
837S1311,3,ENG25,3,3,D6,61.69111303
837S1312,3,ENG25,1,3,D7,55.73770492
837S1312,3,ENG25,2,3,D8,45.98792062
837S1312,3,ENG25,3,3,D9,45.16824849
837S1313,3,ENG25,1,3,D10,37.48921484
837S1313,3,ENG25,2,3,D11,31.2769629
837S1313,3,ENG25,3,3,D12,31.66522865
837S1314,3,ENG25,1,3,E1,47.79982744
837S1314,3,ENG25,2,3,E2,45.98792062
837S1314,3,ENG25,3,3,E3,48.53321829
837S1315,3,ENG25,1,3,E4,66.17773943
837S1315,3,ENG25,2,3,E5,71.91544435
837S1315,3,ENG25,3,3,E6,71.5271786
837S1316,3,ENG25,1,3,E7,81.32010354
837S1316,3,ENG25,2,3,E8,78.51596204
837S1316,3,ENG25,3,3,E9,80.06902502
837S1317,3,ENG25,1,3,E10,22.77825712
837S1317,3,ENG25,2,3,E11,22.60569456
837S1317,3,ENG25,3,3,E12,22.95081967
837S1318,3,ENG25,1,3,F1,51.07851596
837S1318,3,ENG25,2,3,F2,45.21138913
837S1318,3,ENG25,3,3,F3,50.08628128
837S1319,3,ENG25,1,3,F4,65.3580673
837S1319,3,ENG25,2,3,F5,72.60569456
837S1319,3,ENG25,3,3,F6,70.06039689
837S1320,3,ENG25,1,3,F7,41.45815358
837S1320,3,ENG25,2,3,F8,45.38395168
837S1320,3,ENG25,3,3,F9,39.86194996
837S1321,3,ENG25,1,3,F10,22.56255393
837S1321,3,ENG25,2,3,F11,7.981018119
837S1321,3,ENG25,3,3,F12,8.153580673
837S1322,3,ENG25,1,3,G1,86.62640207
837S1322,3,ENG25,2,3,G2,86.36755824
837S1322,3,ENG25,3,3,G3,85.59102675
837S1323,3,ENG25,1,3,G4,97.97238999
837S1323,3,ENG25,2,3,G5,96.50560828
837S1323,3,ENG25,3,3,G6,96.72131148
837S1324,3,ENG25,1,3,G7,80.19844694
837S1324,3,ENG25,2,3,G8,78.99050906
837S1324,3,ENG25,3,3,G9,74.93528904
837S1325,3,ENG25,1,3,H1,56.98878343
837S1325,3,ENG25,2,3,H2,55.43572045
837S1325,3,ENG25,3,3,H3,51.42364107
837S1326,3,ENG25,1,3,H4,73.55478861
837S1326,3,ENG25,2,3,H5,77.43744607
837S1326,3,ENG25,3,3,H6,75.6686799
837S1327,3,ENG25,1,3,H7,66.52286454
837S1327,3,ENG25,2,3,H8,59.83606557
837S1327,3,ENG25,3,3,H9,64.62467645
837S1328,3,ENG25,1,4,A1,96.71552181
837S1328,3,ENG25,2,4,A2,97.98693272
837S1328,3,ENG25,3,4,A3,97.29825181
837S1329,3,ENG25,1,4,A4,56.66607805
837S1329,3,ENG25,2,4,A5,56.56012714
837S1329,3,ENG25,3,4,A6,56.18929896
837S1330,3,ENG25,1,4,A7,71.12837719
837S1330,3,ENG25,2,4,A8,75.41938902
837S1330,3,ENG25,3,4,A9,72.61168992
837S1331,3,ENG25,1,4,A10,86.38530814
837S1331,3,ENG25,2,4,A11,83.73653541
837S1331,3,ENG25,3,4,A12,86.49125905
837S1332,3,ENG25,1,4,B1,71.02242628
837S1332,3,ENG25,2,4,B2,67.42009536
837S1332,3,ENG25,3,4,B3,71.18135264
837S1333,3,ENG25,1,4,B4,68.5325799
837S1333,3,ENG25,2,4,B5,69.85696627
837S1333,3,ENG25,3,4,B6,68.16175172
837S1334,3,ENG25,1,4,B7,65.6189299
837S1334,3,ENG25,2,4,B8,68.05580081
837S1334,3,ENG25,3,4,B9,66.62546354
837S1335,3,ENG25,1,4,B10,76.10806993
837S1335,3,ENG25,2,4,B11,73.45929719
837S1335,3,ENG25,3,4,B12,76.21402084
837S1336,3,ENG25,1,4,C1,57.51368533
837S1336,3,ENG25,2,4,C2,56.50715169
837S1336,3,ENG25,3,4,C3,51.89828713
837S1337,3,ENG25,1,4,C4,-5.262228501
837S1337,3,ENG25,2,4,C5,2.207310613
837S1337,3,ENG25,3,4,C6,6.710224263
837S1338,3,ENG25,1,4,C7,41.77997528
837S1338,3,ENG25,2,4,C8,34.31043616
837S1338,3,ENG25,3,4,C9,30.39025252
837S1339,3,ENG25,1,4,C10,46.81264348
837S1339,3,ENG25,2,4,C11,51.10365531
837S1339,3,ENG25,3,4,C12,57.67261169
837S1340,3,ENG25,1,4,D1,25.09270705
837S1340,3,ENG25,2,4,D2,25.67543705
837S1340,3,ENG25,3,4,D3,24.24509977
837S1341,3,ENG25,1,4,D4,66.09570899
837S1341,3,ENG25,2,4,D5,63.49991171
837S1341,3,ENG25,3,4,D6,65.51297899
837S1342,3,ENG25,1,4,D7,50.89175349
837S1342,3,ENG25,2,4,D8,52.42804167
837S1342,3,ENG25,3,4,D9,43.95196892
837S1343,3,ENG25,1,4,D10,18.41779975
837S1343,3,ENG25,2,4,D11,27.90040615
837S1343,3,ENG25,3,4,D12,26.99982342
837S1344,3,ENG25,1,4,E1,93.32509271
837S1344,3,ENG25,2,4,E2,95.28518453
837S1344,3,ENG25,3,4,E3,96.29171817
837S1345,3,ENG25,1,4,E4,95.70898817
837S1345,3,ENG25,2,4,E5,94.11972453
837S1345,3,ENG25,3,4,E6,96.66254635
837S1346,3,ENG25,1,4,E7,45.22337983
837S1346,3,ENG25,2,4,E8,37.22408617
837S1346,3,ENG25,3,4,E9,37.11813526
837S1347,3,ENG25,1,4,E10,22.39095886
837S1347,3,ENG25,2,4,E11,20.27194067
837S1347,3,ENG25,3,4,E12,34.36341162
837S1348,3,ENG25,1,4,F1,92.58343634
837S1348,3,ENG25,2,4,F2,94.54352817
837S1348,3,ENG25,3,4,F3,95.12625817
837S1349,3,ENG25,1,4,F4,99.78809818
837S1349,3,ENG25,2,4,F5,99.84107364
837S1349,3,ENG25,3,4,F6,99.47024545
837S1350,3,ENG25,1,4,F7,84.00141268
837S1350,3,ENG25,2,4,F8,84.7960445
837S1350,3,ENG25,3,4,F9,84.42521632
837S1351,3,ENG25,1,4,F10,27.10577432
837S1351,3,ENG25,2,4,F11,15.92795338
837S1351,3,ENG25,3,4,F12,16.03390429
837S1352,3,ENG25,1,4,G1,58.89104715
837S1352,3,ENG25,2,4,G2,53.22267349
837S1352,3,ENG25,3,4,G3,64.34751898
837S1353,3,ENG25,1,4,G4,16.08687975
837S1353,3,ENG25,2,4,G5,4.856083348
837S1353,3,ENG25,3,4,G6,13.80893519
837S1354,3,ENG25,1,4,G7,54.75896168
837S1354,3,ENG25,2,4,G8,58.78509624
837S1354,3,ENG25,3,4,G9,67.63199717
837S1355,3,ENG25,1,4,H1,54.9708635
837S1355,3,ENG25,2,4,H2,49.72629348
837S1355,3,ENG25,3,4,H3,48.13702984
837S1356,3,ENG25,1,4,H4,91.15309906
837S1356,3,ENG25,2,4,H5,90.04061452
837S1356,3,ENG25,3,4,H6,90.72929543
837S1357,3,ENG25,1,4,H7,96.13279181
837S1357,3,ENG25,2,4,H8,95.65601271
837S1357,3,ENG25,3,4,H9,94.49055271
837S1358,4,THA22,1,1,A1,98.58919903
837S1358,4,THA22,2,1,A2,98.81674757
837S1358,4,THA22,3,1,A3,99.18082524
837S1359,4,THA22,1,1,A4,59.40533981
837S1359,4,THA22,2,1,A5,65.82220874
837S1359,4,THA22,3,1,A6,62.72754854
837S1360,4,THA22,1,1,A7,100
837S1360,4,THA22,2,1,A8,100
837S1360,4,THA22,3,1,A9,99.77245146
837S1361,4,THA22,1,1,A10,75.10618932
837S1361,4,THA22,2,1,A11,74.19599515
837S1361,4,THA22,3,1,A12,72.28458738
837S1362,4,THA22,1,1,B1,27.5940534
837S1362,4,THA22,2,1,B2,33.69235437
837S1362,4,THA22,3,1,B3,29.00485437
837S1363,4,THA22,1,1,B4,99.54490291
837S1363,4,THA22,2,1,B5,99.4993932
837S1363,4,THA22,3,1,B6,97.72451456
837S1364,4,THA22,1,1,B7,67.7336165
837S1364,4,THA22,2,1,B8,65.59466019
837S1364,4,THA22,3,1,B9,64.41140777
837S1365,4,THA22,1,1,B10,-4.490291262
837S1365,4,THA22,2,1,B11,-2.03276699
837S1365,4,THA22,3,1,B12,1.790048544
837S1366,4,THA22,1,1,C1,86.16504854
837S1366,4,THA22,2,1,C2,83.43446602
837S1366,4,THA22,3,1,C3,83.47997573
837S1367,4,THA22,1,1,C4,99.81796117
837S1367,4,THA22,2,1,C5,99.95449029
837S1367,4,THA22,3,1,C6,99.90898058
837S1368,4,THA22,1,1,C7,91.03458738
837S1368,4,THA22,2,1,C8,92.26334951
837S1368,4,THA22,3,1,C9,91.26213592
837S1369,4,THA22,1,1,C10,11.93871359
837S1369,4,THA22,2,1,C11,30.00606796
837S1369,4,THA22,3,1,C12,67.27851942
837S1370,4,THA22,1,1,D1,69.00788835
837S1370,4,THA22,2,1,D2,65.18507282
837S1370,4,THA22,3,1,D3,68.78033981
837S1371,4,THA22,1,1,D4,95.26699029
837S1371,4,THA22,2,1,D5,74.19599515
837S1371,4,THA22,3,1,D6,82.43325243
837S1372,4,THA22,1,1,D7,98.81674757
837S1372,4,THA22,2,1,D8,97.81553398
837S1372,4,THA22,3,1,D9,97.77002427
837S1373,4,THA22,1,1,D10,91.48968447
837S1373,4,THA22,2,1,D11,94.31128641
837S1373,4,THA22,3,1,D12,93.40109223
837S1374,4,THA22,1,1,E1,99.90898058
837S1374,4,THA22,2,1,E2,99.86347087
837S1374,4,THA22,3,1,E3,99.90898058
837S1375,4,THA22,1,1,E4,65.0940534
837S1375,4,THA22,2,1,E5,61.63531553
837S1375,4,THA22,3,1,E6,65.86771845
837S1376,4,THA22,1,1,E7,65.41262136
837S1376,4,THA22,2,1,E8,65.23058252
837S1376,4,THA22,3,1,E9,64.72997573
837S1377,4,THA22,1,1,E10,27.18446602
837S1377,4,THA22,2,1,E11,18.58313107
837S1377,4,THA22,3,1,E12,15.39745146
837S1378,4,THA22,1,1,F1,51.39563107
837S1378,4,THA22,2,1,F2,59.76941748
837S1378,4,THA22,3,1,F3,55.30946602
837S1379,4,THA22,1,1,F4,55.08191748
837S1379,4,THA22,2,1,F5,46.02548544
837S1379,4,THA22,3,1,F6,55.08191748
837S1380,4,THA22,1,1,F7,5.840412621
837S1380,4,THA22,2,1,F8,15.89805825
837S1380,4,THA22,3,1,F9,-11.90837379
837S1381,4,THA22,1,1,G1,88.89563107
837S1381,4,THA22,2,1,G2,87.89441748
837S1381,4,THA22,3,1,G3,87.16626214
837S1382,4,THA22,1,1,G4,19.31128641
837S1382,4,THA22,2,1,G5,19.85740291
837S1382,4,THA22,3,1,G6,8.206917476
837S1383,4,THA22,1,1,G7,95.58555825
837S1383,4,THA22,2,1,G8,95.72208738
837S1383,4,THA22,3,1,G9,93.71966019
837S1384,4,THA22,1,1,H1,94.08373786
837S1384,4,THA22,2,1,H2,94.90291262
837S1384,4,THA22,3,1,H3,93.99271845
837S1385,4,THA22,1,1,H4,85.98300971
837S1385,4,THA22,2,1,H5,85.25485437
837S1385,4,THA22,3,1,H6,89.21419903
837S1386,4,THA22,1,1,H7,27.00242718
837S1386,4,THA22,2,1,H8,21.08616505
837S1386,4,THA22,3,1,H9,21.67779126
837S1387,4,THA22,1,2,A1,65.56005022
837S1387,4,THA22,2,2,A2,62.84000558
837S1387,4,THA22,3,2,A3,51.91798019
837S1388,4,THA22,1,2,A4,97.112568
837S1388,4,THA22,2,2,A5,96.02455015
837S1388,4,THA22,3,2,A6,96.61040591
837S1389,4,THA22,1,2,A7,98.15873902
837S1389,4,THA22,2,2,A8,98.61905426
837S1389,4,THA22,3,2,A9,98.20058586
837S1390,4,THA22,1,2,A10,54.72171851
837S1390,4,THA22,2,2,A11,61.75198772
837S1390,4,THA22,3,2,A12,61.87752825
837S1391,4,THA22,1,2,B1,54.72171851
837S1391,4,THA22,2,2,B2,48.65392663
837S1391,4,THA22,3,2,B3,47.77514298
837S1392,4,THA22,1,2,B4,-7.546380248
837S1392,4,THA22,2,2,B5,-6.751290278
837S1392,4,THA22,3,2,B6,-4.073092482
837S1393,4,THA22,1,2,B7,96.35932487
837S1393,4,THA22,2,2,B8,95.81531594
837S1393,4,THA22,3,2,B9,94.26698284
837S1394,4,THA22,1,2,B10,82.59171433
837S1394,4,THA22,2,2,B11,90.58446087
837S1394,4,THA22,3,2,B12,87.44594783
837S1395,4,THA22,1,2,C1,16.59924676
837S1395,4,THA22,2,2,C2,4.589203515
837S1395,4,THA22,3,2,C3,11.95424745
837S1396,4,THA22,1,2,C4,69.82842795
837S1396,4,THA22,2,2,C5,72.46477891
837S1396,4,THA22,3,2,C6,74.47342726
837S1397,4,THA22,1,2,C7,66.35514019
837S1397,4,THA22,2,2,C8,53.38261961
837S1397,4,THA22,3,2,C9,52.3364486
837S1398,4,THA22,1,2,C10,99.62337843
837S1398,4,THA22,2,2,C11,99.91630632
837S1398,4,THA22,3,2,C12,99.91630632
837S1399,4,THA22,1,2,D1,66.56437439
837S1399,4,THA22,2,2,D2,68.44748222
837S1399,4,THA22,3,2,D3,64.93234761
837S1400,4,THA22,1,2,D4,99.62337843
837S1400,4,THA22,2,2,D5,99.91630632
837S1400,4,THA22,3,2,D6,99.91630632
837S1401,4,THA22,1,2,D7,98.53536058
837S1401,4,THA22,2,2,D8,96.61040591
837S1401,4,THA22,3,2,D9,97.15441484
837S1402,4,THA22,1,2,D10,51.91798019
837S1402,4,THA22,2,2,D11,48.3191519
837S1402,4,THA22,3,2,D12,70.37243688
837S1403,4,THA22,1,2,E1,41.66550425
837S1403,4,THA22,2,2,E2,33.79829823
837S1403,4,THA22,3,2,E3,30.82717255
837S1404,4,THA22,1,2,E4,98.53536058
837S1404,4,THA22,2,2,E5,91.83986609
837S1404,4,THA22,3,2,E6,85.64653369
837S1405,4,THA22,1,2,E7,80.41567862
837S1405,4,THA22,2,2,E8,70.20504952
837S1405,4,THA22,3,2,E9,62.9655461
837S1406,4,THA22,1,2,E10,23.67136281
837S1406,4,THA22,2,2,E11,40.61933324
837S1406,4,THA22,3,2,E12,31.9151904
837S1407,4,THA22,1,2,F1,-21.02106291
837S1407,4,THA22,2,2,F2,-17.84070303
837S1407,4,THA22,3,2,F3,-12.56800112
837S1408,4,THA22,1,2,F4,99.7907658
837S1408,4,THA22,2,2,F5,99.87445948
837S1408,4,THA22,3,2,F6,99.24675687
837S1409,4,THA22,1,2,F7,99.12121635
837S1409,4,THA22,2,2,F8,99.28860371
837S1409,4,THA22,3,2,F9,98.53536058
837S1410,4,THA22,1,2,F10,99.74891896
837S1410,4,THA22,2,2,F11,99.83261264
837S1410,4,THA22,3,2,F12,99.91630632
837S1411,4,THA22,1,2,G1,99.91630632
837S1411,4,THA22,2,2,G2,99.7907658
837S1411,4,THA22,3,2,G3,99.45599107
837S1412,4,THA22,1,2,G4,16.05523783
837S1412,4,THA22,2,2,G5,6.346770819
837S1412,4,THA22,3,2,G6,16.97586832
837S1413,4,THA22,1,2,G7,27.01911006
837S1413,4,THA22,2,2,G8,23.25289441
837S1413,4,THA22,3,2,G9,20.03068768
837S1414,4,THA22,1,2,H1,99.74891896
837S1414,4,THA22,2,2,H2,99.49783791
837S1414,4,THA22,3,2,H3,98.74459478
837S1415,4,THA22,1,2,H4,14.63244525
837S1415,4,THA22,2,2,H5,6.681545543
837S1415,4,THA22,3,2,H6,8.480959688
837S1416,4,THA22,1,2,H7,99.58153159
837S1416,4,THA22,2,2,H8,99.49783791
837S1416,4,THA22,3,2,H9,99.49783791
837S1417,4,THA22,1,3,A1,-17.44106827
837S1417,4,THA22,2,3,A2,-32.52486715
837S1417,4,THA22,3,3,A3,-18.50388336
837S1418,4,THA22,1,3,A4,59.69478131
837S1418,4,THA22,2,3,A5,54.46246083
837S1418,4,THA22,3,3,A6,50.53822047
837S1419,4,THA22,1,3,A7,70.44556479
837S1419,4,THA22,2,3,A8,69.4645047
837S1419,4,THA22,3,3,A9,68.52432211
837S1420,4,THA22,1,3,A10,-2.479901894
837S1420,4,THA22,2,3,A11,-12.00436027
837S1420,4,THA22,3,3,A12,-17.68633329
837S1421,4,THA22,1,3,B1,-26.5976291
837S1421,4,THA22,2,3,B2,-39.92369533
837S1421,4,THA22,3,3,B3,2.302766044
837S1422,4,THA22,1,3,B4,35.94495163
837S1422,4,THA22,2,3,B5,21.71958032
837S1422,4,THA22,3,3,B6,41.29990462
837S1423,4,THA22,1,3,B7,59.57214879
837S1423,4,THA22,2,3,B8,44.57010492
837S1423,4,THA22,3,3,B9,40.80937457
837S1424,4,THA22,1,3,B10,96.36190217
837S1424,4,THA22,2,3,B11,90.35290912
837S1424,4,THA22,3,3,B12,91.00694918
837S1425,4,THA22,1,3,C1,82.70881591
837S1425,4,THA22,2,3,C2,86.51042376
837S1425,4,THA22,3,3,C3,73.8383976
837S1426,4,THA22,1,3,C4,44.03869737
837S1426,4,THA22,2,3,C5,40.40059954
837S1426,4,THA22,3,3,C6,56.17931598
837S1427,4,THA22,1,3,C7,23.92696553
837S1427,4,THA22,2,3,C8,17.22305491
837S1427,4,THA22,3,3,C9,16.69164736
837S1428,4,THA22,1,3,C10,99.22332743
837S1428,4,THA22,2,3,C11,98.56928737
837S1428,4,THA22,3,3,C12,99.75473498
837S1429,4,THA22,1,3,D1,88.92219648
837S1429,4,THA22,2,3,D2,73.8383976
837S1429,4,THA22,3,3,D3,77.1085979
837S1430,4,THA22,1,3,D4,99.38683744
837S1430,4,THA22,2,3,D5,99.42771495
837S1430,4,THA22,3,3,D6,99.26420493
837S1431,4,THA22,1,3,D7,76.94508789
837S1431,4,THA22,2,3,D8,60.47145388
837S1431,4,THA22,3,3,D9,64.80446927
837S1432,4,THA22,1,3,D10,62.76059409
837S1432,4,THA22,2,3,D11,36.31284916
837S1432,4,THA22,3,3,D12,45.79643003
837S1433,4,THA22,1,3,E1,99.9591225
837S1433,4,THA22,2,3,E2,99.91824499
837S1433,4,THA22,3,3,E3,99.91824499
837S1434,4,THA22,1,3,E4,87.69587137
837S1434,4,THA22,2,3,E5,82.5453059
837S1434,4,THA22,3,3,E6,83.93514103
837S1435,4,THA22,1,3,E7,88.59517645
837S1435,4,THA22,2,3,E8,85.36585366
837S1435,4,THA22,3,3,E9,86.38779125
837S1436,4,THA22,1,3,E10,75.18735523
837S1436,4,THA22,2,3,E11,77.39474043
837S1436,4,THA22,3,3,E12,75.88227279
837S1437,4,THA22,1,3,F1,90.84343916
837S1437,4,THA22,2,3,F2,76.98596539
837S1437,4,THA22,3,3,F3,73.34786756
837S1438,4,THA22,1,3,F4,99.91824499
837S1438,4,THA22,2,3,F5,99.67297997
837S1438,4,THA22,3,3,F6,99.83648999
837S1439,4,THA22,1,3,F7,99.9591225
837S1439,4,THA22,2,3,F8,100
837S1439,4,THA22,3,3,F9,99.63210247
837S1440,4,THA22,1,3,F10,99.71385747
837S1440,4,THA22,2,3,F11,99.71385747
837S1440,4,THA22,3,3,F12,99.63210247
837S1441,4,THA22,1,3,G1,3.365581142
837S1441,4,THA22,2,3,G2,-1.253576782
837S1441,4,THA22,3,3,G3,-7.834854885
837S1442,4,THA22,1,3,G4,98.52840987
837S1442,4,THA22,2,3,G5,97.87436981
837S1442,4,THA22,3,3,G6,98.24226734
837S1443,4,THA22,1,3,G7,99.87736749
837S1443,4,THA22,2,3,G8,99.91824499
837S1443,4,THA22,3,3,G9,99.83648999
837S1444,4,THA22,1,3,H1,99.83648999
837S1444,4,THA22,2,3,H2,99.9591225
837S1444,4,THA22,3,3,H3,99.67297997
837S1445,4,THA22,1,3,H4,-11.51383022
837S1445,4,THA22,2,3,H5,-3.665349503
837S1445,4,THA22,3,3,H6,-16.50088568
837S1446,4,THA22,1,3,H7,36.23109415
837S1446,4,THA22,2,3,H8,52.09156561
837S1446,4,THA22,3,3,H9,45.51028751
837S1447,4,THA22,1,4,A1,99.799095929999993
837S1447,4,THA22,2,4,A2,99.6986439
837S1447,4,THA22,3,4,A3,99.89954797
837S1448,4,THA22,1,4,A4,99.54796585
837S1448,4,THA22,2,4,A5,99.799095929999993
837S1448,4,THA22,3,4,A6,99.89954797
837S1449,4,THA22,1,4,A7,98.89502762
837S1449,4,THA22,2,4,A8,99.04570568
837S1449,4,THA22,3,4,A9,99.54796585
837S1450,4,THA22,1,4,A10,98.49321949
837S1450,4,THA22,2,4,A11,99.3972878
837S1450,4,THA22,3,4,A12,99.3972878
837S1451,4,THA22,1,4,B1,95.17830236
837S1451,4,THA22,2,4,B2,93.8221999
837S1451,4,THA22,3,4,B3,95.68056253
837S1452,4,THA22,1,4,B4,33.14917127
837S1452,4,THA22,2,4,B5,8.739326971
837S1452,4,THA22,3,4,B6,11.752888
837S1453,4,THA22,1,4,B7,21.24560522
837S1453,4,THA22,2,4,B8,27.77498744
837S1453,4,THA22,3,4,B9,29.48267202
837S1454,4,THA22,1,4,B10,91.66248117
837S1454,4,THA22,2,4,B11,89.85434455
837S1454,4,THA22,3,4,B12,88.29733802
837S1455,4,THA22,1,4,C1,3.314917127
837S1455,4,THA22,2,4,C2,15.21848317
837S1455,4,THA22,3,4,C3,14.96735309
837S1456,4,THA22,1,4,C4,93.21948769
837S1456,4,THA22,2,4,C5,90.20592667
837S1456,4,THA22,3,4,C6,90.80863887
837S1457,4,THA22,1,4,C7,80.16072325
837S1457,4,THA22,2,4,C8,76.94625816
837S1457,4,THA22,3,4,C9,77.39829232
837S1458,4,THA22,1,4,C10,94.67604219
837S1458,4,THA22,2,4,C11,95.5801105
837S1458,4,THA22,3,4,C12,98.04118533
837S1459,4,THA22,1,4,D1,95.78101457
837S1459,4,THA22,2,4,D2,95.47965846
837S1459,4,THA22,3,4,D3,95.12807634
837S1460,4,THA22,1,4,D4,97.18734304
837S1460,4,THA22,2,4,D5,96.58463084
837S1460,4,THA22,3,4,D6,95.8814666
837S1461,4,THA22,1,4,D7,93.57106981
837S1461,4,THA22,2,4,D8,93.21948769
837S1461,4,THA22,3,4,D9,90.25615269
837S1462,4,THA22,1,4,D10,22.9532898
837S1462,4,THA22,2,4,D11,14.46509292
837S1462,4,THA22,3,4,D12,17.62933199
837S1463,4,THA22,1,4,E1,51.83324962
837S1463,4,THA22,2,4,E2,64.59065796
837S1463,4,THA22,3,4,E3,55.65042692
837S1464,4,THA22,1,4,E4,22.14967353
837S1464,4,THA22,2,4,E5,23.35509794
837S1464,4,THA22,3,4,E6,39.02561527
837S1465,4,THA22,1,4,E7,100
837S1465,4,THA22,2,4,E8,99.94977398
837S1465,4,THA22,3,4,E9,99.94977398
837S1466,4,THA22,1,4,E10,28.27724761
837S1466,4,THA22,2,4,E11,25.06278252
837S1466,4,THA22,3,4,E12,23.65645404
837S1467,4,THA22,1,4,F1,72.82772476
837S1467,4,THA22,2,4,F2,75.5901557
837S1467,4,THA22,3,4,F3,74.23405324
837S1468,4,THA22,1,4,F4,99.89954797
837S1468,4,THA22,2,4,F5,97.73982923
837S1468,4,THA22,3,4,F6,99.89954797
837S1469,4,THA22,1,4,F7,88.59869412
837S1469,4,THA22,2,4,F8,80.26117529
837S1469,4,THA22,3,4,F9,79.55801105
837S1470,4,THA22,1,4,F10,99.54796585
837S1470,4,THA22,2,4,F11,99.94977398
837S1470,4,THA22,3,4,F12,99.94977398
837S1471,4,THA22,1,4,G1,99.04570568
837S1471,4,THA22,2,4,G2,98.74434957
837S1471,4,THA22,3,4,G3,98.89502762
837S1472,4,THA22,1,4,G4,52.03415369
837S1472,4,THA22,2,4,G5,52.78754395
837S1472,4,THA22,3,4,G6,57.81014566
837S1473,4,THA22,1,4,G7,94.07332998
837S1473,4,THA22,2,4,G8,96.13259669
837S1473,4,THA22,3,4,G9,95.78101457
837S1474,4,THA22,1,4,H1,97.43847313
837S1474,4,THA22,2,4,H2,95.73078855
837S1474,4,THA22,3,4,H3,95.93169262
837S1475,4,THA22,1,4,H4,70.81868408
837S1475,4,THA22,2,4,H5,97.38824711
837S1475,4,THA22,3,4,H6,98.44299347
837S1476,4,THA22,1,4,H7,6.228026118
837S1476,4,THA22,2,4,H8,-11.55198393
837S1476,4,THA22,3,4,H9,-16.67503767
837S1477,4,THA22,1,5,A1,99.29683576
837S1477,4,THA22,2,5,A2,97.84028127
837S1477,4,THA22,3,5,A3,96.4841788
837S1478,4,THA22,1,5,A4,90.60773481
837S1478,4,THA22,2,5,A5,89.4023104
837S1478,4,THA22,3,5,A6,83.32496233
837S1479,4,THA22,1,5,A7,59.01557007
837S1479,4,THA22,2,5,A8,69.7137117
837S1479,4,THA22,3,5,A9,59.1160221
837S1480,4,THA22,1,5,A10,29.38221999
837S1480,4,THA22,2,5,A11,22.6519337
837S1480,4,THA22,3,5,A12,27.87543948
837S1481,4,THA22,1,5,B1,99.84932195
837S1481,4,THA22,2,5,B2,99.94977398
837S1481,4,THA22,3,5,B3,99.64841788
837S1482,4,THA22,1,5,B4,30.8890005
837S1482,4,THA22,2,5,B5,20.14063285
837S1482,4,THA22,3,5,B6,43.04369663
837S1483,4,THA22,1,5,B7,90.95931693
837S1483,4,THA22,2,5,B8,88.14665997
837S1483,4,THA22,3,5,B9,86.38874937
837S1484,4,THA22,1,5,B10,44.90205927
837S1484,4,THA22,2,5,B11,16.02209945
837S1484,4,THA22,3,5,B12,36.21295831
837S1485,4,THA22,1,5,C1,99.59819186
837S1485,4,THA22,2,5,C2,99.44751381
837S1485,4,THA22,3,5,C3,99.44751381
837S1486,4,THA22,1,5,C4,98.49321949
837S1486,4,THA22,2,5,C5,98.99547966
837S1486,4,THA22,3,5,C6,98.69412356
837S1487,4,THA22,1,5,C7,98.69412356
837S1487,4,THA22,2,5,C8,99.19638373
837S1487,4,THA22,3,5,C9,99.49773983
837S1488,4,THA22,1,5,C10,42.49121045
837S1488,4,THA22,2,5,C11,41.28578604
837S1488,4,THA22,3,5,C12,75.23857358
837S1489,4,THA22,1,5,D1,99.94977398
837S1489,4,THA22,2,5,D2,99.6986439
837S1489,4,THA22,3,5,D3,100
837S1490,4,THA22,1,5,D4,99.89954797
837S1490,4,THA22,2,5,D5,99.89954797
837S1490,4,THA22,3,5,D6,99.84932195
837S1491,4,THA22,1,5,D7,98.59367152
837S1491,4,THA22,2,5,D8,98.04118533
837S1491,4,THA22,3,5,D9,97.9407333
837S1492,4,THA22,1,5,D10,78.75439478
837S1492,4,THA22,2,5,D11,83.67654445
837S1492,4,THA22,3,5,D12,86.08739327
837S1493,4,THA22,1,5,E1,92.26519337
837S1493,4,THA22,2,5,E2,93.06880964
837S1493,4,THA22,3,5,E3,90.95931693
837S1494,4,THA22,1,5,E4,100
837S1494,4,THA22,2,5,E5,99.74886991
837S1494,4,THA22,3,5,E6,99.94977398
837S1495,4,THA22,1,5,E7,98.69412356
837S1495,4,THA22,2,5,E8,99.3972878
837S1495,4,THA22,3,5,E9,99.59819186
837S1496,4,THA22,1,5,E10,89.45253641
837S1496,4,THA22,2,5,E11,86.33852336
837S1496,4,THA22,3,5,E12,87.74485183
837S1497,4,THA22,1,5,F1,97.13711703
837S1497,4,THA22,2,5,F2,97.03666499
837S1497,4,THA22,3,5,F3,97.58915118
837S1498,4,THA22,1,5,F4,99.94977398
837S1498,4,THA22,2,5,F5,99.6986439
837S1498,4,THA22,3,5,F6,99.64841788
837S1499,4,THA22,1,5,F7,61.12506278
837S1499,4,THA22,2,5,F8,67.70467102
837S1499,4,THA22,3,5,F9,59.1160221
837S1500,4,THA22,1,1,F10,73.78201909
837S1500,4,THA22,2,1,F11,69.51280763
837S1500,4,THA22,3,1,F12,72.87795078
837S1358,4,ENG24,1,1,A1,96.76258993
837S1358,4,ENG24,2,1,A2,94.55739756
837S1358,4,ENG24,3,1,A3,95.07350641
837S1359,4,ENG24,1,1,A4,12.40225211
837S1359,4,ENG24,2,1,A5,20.94150766
837S1359,4,ENG24,3,1,A6,17.18798874
837S1360,4,ENG24,1,1,A7,98.82702534
837S1360,4,ENG24,2,1,A8,98.12324054
837S1360,4,ENG24,3,1,A9,98.92086331
837S1361,4,ENG24,1,1,A10,8.414138255
837S1361,4,ENG24,2,1,A11,18.7363153
837S1361,4,ENG24,3,1,A12,14.56052549
837S1362,4,ENG24,1,1,B1,-14.99843603
837S1362,4,ENG24,2,1,B2,1.235533312
837S1362,4,ENG24,3,1,B3,-22.36471692
837S1363,4,ENG24,1,1,B4,93.10290898
837S1363,4,ENG24,2,1,B5,91.22614952
837S1363,4,ENG24,3,1,B6,81.56083829
837S1364,4,ENG24,1,1,B7,26.10259618
837S1364,4,ENG24,2,1,B8,20.84766969
837S1364,4,ENG24,3,1,B9,16.20269002
837S1365,4,ENG24,1,1,B10,-12.88708164
837S1365,4,ENG24,2,1,B11,-15.70222083
837S1365,4,ENG24,3,1,B12,-19.97184861
837S1366,4,ENG24,1,1,C1,37.59774789
837S1366,4,ENG24,2,1,C2,0.203315608
837S1366,4,ENG24,3,1,C3,4.238348452
837S1367,4,ENG24,1,1,C4,99.76540507
837S1367,4,ENG24,2,1,C5,99.76540507
837S1367,4,ENG24,3,1,C6,99.81232405
837S1368,4,ENG24,1,1,C7,58.75821082
837S1368,4,ENG24,2,1,C8,60.21269941
837S1368,4,ENG24,3,1,C9,58.61745386
837S1369,4,ENG24,1,1,C10,-24.38223334
837S1369,4,ENG24,2,1,C11,-15.18611198
837S1369,4,ENG24,3,1,C12,-11.19799812
837S1370,4,ENG24,1,1,D1,37.59774789
837S1370,4,ENG24,2,1,D2,55.23928683
837S1370,4,ENG24,3,1,D3,49.46825149
837S1371,4,ENG24,1,1,D4,87.89490147
837S1371,4,ENG24,2,1,D5,63.7316234
837S1371,4,ENG24,3,1,D6,74.80450422
837S1372,4,ENG24,1,1,D7,90.89771661
837S1372,4,ENG24,2,1,D8,90.38160776
837S1372,4,ENG24,3,1,D9,88.78636221
837S1373,4,ENG24,1,1,D10,79.074132
837S1373,4,ENG24,2,1,D11,78.98029403
837S1373,4,ENG24,3,1,D12,78.60494213
837S1374,4,ENG24,1,1,E1,99.81232405
837S1374,4,ENG24,2,1,E2,99.81232405
837S1374,4,ENG24,3,1,E3,99.85924304
837S1375,4,ENG24,1,1,E4,-20.76947138
837S1375,4,ENG24,2,1,E5,-5.145448858
837S1375,4,ENG24,3,1,E6,45.90240851
837S1376,4,ENG24,1,1,E7,31.12292774
837S1376,4,ENG24,2,1,E8,50.64122615
837S1376,4,ENG24,3,1,E9,11.60462934
837S1377,4,ENG24,1,1,E10,-14.57616515
837S1377,4,ENG24,2,1,E11,-6.506099468
837S1377,4,ENG24,3,1,E12,-14.67000313
837S1378,4,ENG24,1,1,F1,4.332186425
837S1378,4,ENG24,2,1,F2,-15.88989678
837S1378,4,ENG24,3,1,F3,-7.02220832
837S1379,4,ENG24,1,1,F4,-9.837347513
837S1379,4,ENG24,2,1,F5,-21.23866124
837S1379,4,ENG24,3,1,F6,-19.26806381
837S1380,4,ENG24,1,1,F7,-11.2918361
837S1380,4,ENG24,2,1,F8,2.36158899
837S1380,4,ENG24,3,1,F9,-30.05943072
837S1381,4,ENG24,1,1,G1,80.01251173
837S1381,4,ENG24,2,1,G2,76.35283078
837S1381,4,ENG24,3,1,G3,73.20925868
837S1382,4,ENG24,1,1,G4,-11.47951204
837S1382,4,ENG24,2,1,G5,-15.60838286
837S1382,4,ENG24,3,1,G6,-19.97184861
837S1383,4,ENG24,1,1,G7,86.62808883
837S1383,4,ENG24,2,1,G8,89.91241789
837S1383,4,ENG24,3,1,G9,88.92711917
837S1384,4,ENG24,1,1,H1,88.5048483
837S1384,4,ENG24,2,1,H2,83.39067876
837S1384,4,ENG24,3,1,H3,83.10916484
837S1385,4,ENG24,1,1,H4,62.93400063
837S1385,4,ENG24,2,1,H5,60.30653738
837S1385,4,ENG24,3,1,H6,67.39130435
837S1386,4,ENG24,1,1,H7,-23.58461057
837S1386,4,ENG24,2,1,H8,-12.04253988
837S1386,4,ENG24,3,1,H9,-15.79605881
837S1387,4,ENG24,1,2,A1,36.82310469
837S1387,4,ENG24,2,2,A2,31.15007736
837S1387,4,ENG24,3,2,A3,26.766374419999998
837S1388,4,ENG24,1,2,A4,88.34450748
837S1388,4,ENG24,2,2,A5,84.57968025
837S1388,4,ENG24,3,2,A6,85.66271274
837S1389,4,ENG24,1,2,A7,96.08045384
837S1389,4,ENG24,2,2,A8,96.95719443
837S1389,4,ENG24,3,2,A9,96.8024755
837S1390,4,ENG24,1,2,A10,1.495616297
837S1390,4,ENG24,2,2,A11,5.982465188
837S1390,4,ENG24,3,2,A12,11.65549252
837S1391,4,ENG24,1,2,B1,9.179989685
837S1391,4,ENG24,2,2,B2,1.753481176
837S1391,4,ENG24,3,2,B3,1.289324394
837S1392,4,ENG24,1,2,B4,-26.25064466
837S1392,4,ENG24,2,2,B5,-24.96132027
837S1392,4,ENG24,3,2,B6,-30.68592058
837S1393,4,ENG24,1,2,B7,87.10675606
837S1393,4,ENG24,2,2,B8,79.9896854
837S1393,4,ENG24,3,2,B9,84.6828262
837S1394,4,ENG24,1,2,B10,32.62142611
837S1394,4,ENG24,2,2,B11,33.29314502
837S1394,4,ENG24,3,2,B12,39.90699277
837S1395,4,ENG24,1,2,C1,-25.94120681
837S1395,4,ENG24,2,2,C2,-22.3310985
837S1395,4,ENG24,3,2,C3,-33.10985044
837S1396,4,ENG24,1,2,C4,47.03455389
837S1396,4,ENG24,2,2,C5,43.01186178
837S1396,4,ENG24,3,2,C6,44.19804023
837S1397,4,ENG24,1,2,C7,6.137184116
837S1397,4,ENG24,2,2,C8,-6.859205776
837S1397,4,ENG24,3,2,C9,-10.67560598
837S1398,4,ENG24,1,2,C10,99.94842702
837S1398,4,ENG24,2,2,C11,99.7937081
837S1398,4,ENG24,3,2,C12,99.7937081
837S1399,4,ENG24,1,2,D1,1.392470346
837S1399,4,ENG24,2,2,D2,-18.97885508
837S1399,4,ENG24,3,2,D3,-12.17122228
837S1400,4,ENG24,1,2,D4,99.48427024
837S1400,4,ENG24,2,2,D5,99.69056215
837S1400,4,ENG24,3,2,D6,99.48427024
837S1401,4,ENG24,1,2,D7,94.01753481
837S1401,4,ENG24,2,2,D8,88.34450748
837S1401,4,ENG24,3,2,D9,87.98349665
837S1402,4,ENG24,1,2,D10,-9.437854564
837S1402,4,ENG24,2,2,D11,-6.962351728
837S1402,4,ENG24,3,2,D12,10.2114492
837S1403,4,ENG24,1,2,E1,-0.051572976
837S1403,4,ENG24,2,2,E2,-13.09953584
837S1403,4,ENG24,3,2,E3,-21.35121196
837S1404,4,ENG24,1,2,E4,65.961836
837S1404,4,ENG24,2,2,E5,51.62454874
837S1404,4,ENG24,3,2,E6,56.98813822
837S1405,4,ENG24,1,2,E7,5.054151625
837S1405,4,ENG24,2,2,E8,7.117070655
837S1405,4,ENG24,3,2,E9,17.43166581
837S1406,4,ENG24,1,2,E10,-3.197524497
837S1406,4,ENG24,2,2,E11,-2.836513667
837S1406,4,ENG24,3,2,E12,15.00773595
837S1407,4,ENG24,1,2,F1,-31.76895307
837S1407,4,ENG24,2,2,F2,-42.65085095
837S1407,4,ENG24,3,2,F3,-42.08354822
837S1408,4,ENG24,1,2,F4,99.89685405
837S1408,4,ENG24,2,2,F5,99.63898917
837S1408,4,ENG24,3,2,F6,99.69056215
837S1409,4,ENG24,1,2,F7,85.66271274
837S1409,4,ENG24,2,2,F8,88.49922641
837S1409,4,ENG24,3,2,F9,88.13821558
837S1410,4,ENG24,1,2,F10,99.7937081
837S1410,4,ENG24,2,2,F11,99.7937081
837S1410,4,ENG24,3,2,F12,99.7937081
837S1411,4,ENG24,1,2,G1,99.94842702
837S1411,4,ENG24,2,2,G2,99.63898917
837S1411,4,ENG24,3,2,G3,99.58741619
837S1412,4,ENG24,1,2,G4,-20.68076328
837S1412,4,ENG24,2,2,G5,-24.29087158
837S1412,4,ENG24,3,2,G6,-33.10985044
837S1413,4,ENG24,1,2,G7,-13.8215575
837S1413,4,ENG24,2,2,G8,-27.33367715
837S1413,4,ENG24,3,2,G9,-16.76121712
837S1414,4,ENG24,1,2,H1,98.81382156
837S1414,4,ENG24,2,2,H2,97.47292419
837S1414,4,ENG24,3,2,H3,95.15214028
837S1415,4,ENG24,1,2,H4,-10.05673027
837S1415,4,ENG24,2,2,H5,-29.75760701
837S1415,4,ENG24,3,2,H6,-27.79783394
837S1416,4,ENG24,1,2,H7,95.35843218
837S1416,4,ENG24,2,2,H8,93.55337803
837S1416,4,ENG24,3,2,H9,93.65652398
837S1417,4,ENG24,1,3,A1,-4.455138156
837S1417,4,ENG24,2,3,A2,-53.95839801
837S1417,4,ENG24,3,3,A3,-25.73734865
837S1418,4,ENG24,1,3,A4,-37.10027942
837S1418,4,ENG24,2,3,A5,-27.08786091
837S1418,4,ENG24,3,3,A6,-42.3626203
837S1419,4,ENG24,1,3,A7,9.329400807
837S1419,4,ENG24,2,3,A8,13.98633965
837S1419,4,ENG24,3,3,A9,12.9618131
837S1420,4,ENG24,1,3,A10,-38.07823657
837S1420,4,ENG24,2,3,A11,-20.28873021
837S1420,4,ENG24,3,3,A12,-27.36727724
837S1421,4,ENG24,1,3,B1,-26.29618131
837S1421,4,ENG24,2,3,B2,-23.03632412
837S1421,4,ENG24,3,3,B3,-31.51195281
837S1422,4,ENG24,1,3,B4,-21.77895064
837S1422,4,ENG24,2,3,B5,-6.178205526
837S1422,4,ENG24,3,3,B6,-20.61471593
837S1423,4,ENG24,1,3,B7,-0.357031978
837S1423,4,ENG24,2,3,B8,-17.44799752
837S1423,4,ENG24,3,3,B9,-25.17851599
837S1424,4,ENG24,1,3,B10,73.87457311
837S1424,4,ENG24,2,3,B11,57.38900962
837S1424,4,ENG24,3,3,B12,52.2663769
837S1425,4,ENG24,1,3,C1,69.35734244
837S1425,4,ENG24,2,3,C2,49.70506054
837S1425,4,ENG24,3,3,C3,48.16827072
837S1426,4,ENG24,1,3,C4,-15.02638932
837S1426,4,ENG24,2,3,C5,-24.340267
837S1426,4,ENG24,3,3,C6,-26.06333437
837S1427,4,ENG24,1,3,C7,-6.36448308
837S1427,4,ENG24,2,3,C8,-35.23750388
837S1427,4,ENG24,3,3,C9,-19.77646694
837S1428,4,ENG24,1,3,C10,87.1468488
837S1428,4,ENG24,2,3,C11,84.58553244
837S1428,4,ENG24,3,3,C12,87.9850978
837S1429,4,ENG24,1,3,D1,73.45544862
837S1429,4,ENG24,2,3,D2,48.95995033
837S1429,4,ENG24,3,3,D3,52.17323812
837S1430,4,ENG24,1,3,D4,96.08817138
837S1430,4,ENG24,2,3,D5,95.94846321
837S1430,4,ENG24,3,3,D6,95.01707544
837S1431,4,ENG24,1,3,D7,31.07730518
837S1431,4,ENG24,2,3,D8,-4.222291214
837S1431,4,ENG24,3,3,D9,-18.705371
837S1432,4,ENG24,1,3,D10,7.280347718
837S1432,4,ENG24,2,3,D11,-26.57559764
837S1432,4,ENG24,3,3,D12,-23.96771189
837S1433,4,ENG24,1,3,E1,99.62744489
837S1433,4,ENG24,2,3,E2,99.81372245
837S1433,4,ENG24,3,3,E3,99.86029183
837S1434,4,ENG24,1,3,E4,36.01366035
837S1434,4,ENG24,2,3,E5,40.34461347
837S1434,4,ENG24,3,3,E6,64.65383421
837S1435,4,ENG24,1,3,E7,82.25706302
837S1435,4,ENG24,2,3,E8,79.27662217
837S1435,4,ENG24,3,3,E9,64.32784849
837S1436,4,ENG24,1,3,E10,45.79323192
837S1436,4,ENG24,2,3,E11,46.07264825
837S1436,4,ENG24,3,3,E12,46.2589258
837S1437,4,ENG24,1,3,F1,26.79292145
837S1437,4,ENG24,2,3,F2,13.24122943
837S1437,4,ENG24,3,3,F3,29.63365414
837S1438,4,ENG24,1,3,F4,98.83576529
837S1438,4,ENG24,2,3,F5,99.02204284
837S1438,4,ENG24,3,3,F6,98.88233468
837S1439,4,ENG24,1,3,F7,99.86029183
837S1439,4,ENG24,2,3,F8,99.67401428
837S1439,4,ENG24,3,3,F9,99.81372245
837S1440,4,ENG24,1,3,F10,99.44116734
837S1440,4,ENG24,2,3,F11,98.88233468
837S1440,4,ENG24,3,3,F12,98.88233468
837S1441,4,ENG24,1,3,G1,-6.178205526
837S1441,4,ENG24,2,3,G2,-4.03601366
837S1441,4,ENG24,3,3,G3,-12.74448929
837S1442,4,ENG24,1,3,G4,90.91896926
837S1442,4,ENG24,2,3,G5,88.03166718
837S1442,4,ENG24,3,3,G6,88.63706923
837S1443,4,ENG24,1,3,G7,98.23036324
837S1443,4,ENG24,2,3,G8,97.43868364
837S1443,4,ENG24,3,3,G9,97.62496119
837S1444,4,ENG24,1,3,H1,99.76715306
837S1444,4,ENG24,2,3,H2,99.86029183
837S1444,4,ENG24,3,3,H3,99.86029183
837S1445,4,ENG24,1,3,H4,-33.84042223
837S1445,4,ENG24,2,3,H5,-30.62713443
837S1445,4,ENG24,3,3,H6,-46.50729587
837S1446,4,ENG24,1,3,H7,-40.40670599
837S1446,4,ENG24,2,3,H8,-13.62930767
837S1446,4,ENG24,3,3,H9,-18.00683018
837S1447,4,ENG24,1,4,A1,99.84174433
837S1447,4,ENG24,2,4,A2,99.57798488
837S1447,4,ENG24,3,4,A3,99.89449622
837S1448,4,ENG24,1,4,A4,99.52523299
837S1448,4,ENG24,2,4,A5,99.57798488
837S1448,4,ENG24,3,4,A6,99.63073677
837S1449,4,ENG24,1,4,A7,89.87163707
837S1449,4,ENG24,2,4,A8,88.76384737
837S1449,4,ENG24,3,4,A9,87.33954633
837S1450,4,ENG24,1,4,A10,95.93810445
837S1450,4,ENG24,2,4,A11,98.62845085
837S1450,4,ENG24,3,4,A12,98.68120274
837S1451,4,ENG24,1,4,B1,81.22032706
837S1451,4,ENG24,2,4,B2,79.74327413
837S1451,4,ENG24,3,4,B3,76.57816072
837S1452,4,ENG24,1,4,B4,-43.16863021
837S1452,4,ENG24,2,4,B5,-45.48971338
837S1452,4,ENG24,3,4,B6,-44.27641991
837S1453,4,ENG24,1,4,B7,-28.13434148
837S1453,4,ENG24,2,4,B8,-44.06541234
837S1453,4,ENG24,3,4,B9,-27.5013188
837S1454,4,ENG24,1,4,B10,65.18375242
837S1454,4,ENG24,2,4,B11,65.92227888
837S1454,4,ENG24,3,4,B12,64.49797784
837S1455,4,ENG24,1,4,C1,-22.12062599
837S1455,4,ENG24,2,4,C2,-12.8362933
837S1455,4,ENG24,3,4,C3,-37.20766661
837S1456,4,ENG24,1,4,C4,81.58959029
837S1456,4,ENG24,2,4,C5,77.10567962
837S1456,4,ENG24,3,4,C6,78.26622121
837S1457,4,ENG24,1,4,C7,46.66783893
837S1457,4,ENG24,2,4,C8,59.06453315
837S1457,4,ENG24,3,4,C9,47.72287674
837S1458,4,ENG24,1,4,C10,75.52312291
837S1458,4,ENG24,2,4,C11,80.00703359
837S1458,4,ENG24,3,4,C12,84.91295938
837S1459,4,ENG24,1,4,D1,80.16528926
837S1459,4,ENG24,2,4,D2,81.69509407
837S1459,4,ENG24,3,4,D3,83.27765078
837S1460,4,ENG24,1,4,D4,91.03217865
837S1460,4,ENG24,2,4,D5,87.55055389
837S1460,4,ENG24,3,4,D6,85.70423774
837S1461,4,ENG24,1,4,D7,81.74784596
837S1461,4,ENG24,2,4,D8,86.23175664
837S1461,4,ENG24,3,4,D9,77.89695797
837S1462,4,ENG24,1,4,D10,-8.246878846
837S1462,4,ENG24,2,4,D11,19.81712678
837S1462,4,ENG24,3,4,D12,2.989273782
837S1463,4,ENG24,1,4,E1,-6.189555126
837S1463,4,ENG24,2,4,E2,-8.98540531
837S1463,4,ENG24,3,4,E3,-22.96465623
837S1464,4,ENG24,1,4,E4,-14.04958678
837S1464,4,ENG24,2,4,E5,-9.934939335
837S1464,4,ENG24,3,4,E6,26.7803763
837S1465,4,ENG24,1,4,E7,99.78899244
837S1465,4,ENG24,2,4,E8,99.94724811
837S1465,4,ENG24,3,4,E9,99.89449622
837S1466,4,ENG24,1,4,E10,-4.923509759
837S1466,4,ENG24,2,4,E11,-3.077193599
837S1466,4,ENG24,3,4,E12,14.91120098
837S1467,4,ENG24,1,4,F1,37.48901002
837S1467,4,ENG24,2,4,F2,37.22525057
837S1467,4,ENG24,3,4,F3,32.95234746
837S1468,4,ENG24,1,4,F4,99.73624055
837S1468,4,ENG24,2,4,F5,99.78899244
837S1468,4,ENG24,3,4,F6,99.89449622
837S1469,4,ENG24,1,4,F7,39.44082996
837S1469,4,ENG24,2,4,F8,31.21153508
837S1469,4,ENG24,3,4,F9,31.58079831
837S1470,4,ENG24,1,4,F10,99.94724811
837S1470,4,ENG24,2,4,F11,99.94724811
837S1470,4,ENG24,3,4,F12,99.84174433
837S1471,4,ENG24,1,4,G1,92.24547213
837S1471,4,ENG24,2,4,G2,89.76613329
837S1471,4,ENG24,3,4,G3,89.34411816
837S1472,4,ENG24,1,4,G4,2.672762441
837S1472,4,ENG24,2,4,G5,-8.352382627
837S1472,4,ENG24,3,4,G6,-10.46245824
837S1473,4,ENG24,1,4,G7,82.59187621
837S1473,4,ENG24,2,4,G8,85.59873395
837S1473,4,ENG24,3,4,G9,85.59873395
837S1474,4,ENG24,1,4,H1,76.26164938
837S1474,4,ENG24,2,4,H2,70.30068577
837S1474,4,ENG24,3,4,H3,69.19289608
837S1475,4,ENG24,1,4,H4,30.42025673
837S1475,4,ENG24,2,4,H5,82.32811676
837S1475,4,ENG24,3,4,H6,85.96799719
837S1476,4,ENG24,1,4,H7,-30.13891331
837S1476,4,ENG24,2,4,H8,-40.63653948
837S1476,4,ENG24,3,4,H9,-27.81783014
837S1477,4,ENG24,1,5,A1,93.72252506
837S1477,4,ENG24,2,5,A2,87.91981713
837S1477,4,ENG24,3,5,A3,88.0780728
837S1478,4,ENG24,1,5,A4,56.79620186
837S1478,4,ENG24,2,5,A5,59.01178126
837S1478,4,ENG24,3,5,A6,57.95674345
837S1479,4,ENG24,1,5,A7,14.01441885
837S1479,4,ENG24,2,5,A8,17.17953227
837S1479,4,ENG24,3,5,A9,23.19324776
837S1480,4,ENG24,1,5,A10,-23.54492703
837S1480,4,ENG24,2,5,A11,-8.87990153
837S1480,4,ENG24,3,5,A12,-12.78354141
837S1481,4,ENG24,1,5,B1,99.63073677
837S1481,4,ENG24,2,5,B2,99.63073677
837S1481,4,ENG24,3,5,B3,99.73624055
837S1482,4,ENG24,1,5,B4,7.947951468
837S1482,4,ENG24,2,5,B5,-6.875329699
837S1482,4,ENG24,3,5,B6,-29.98065764
837S1483,4,ENG24,1,5,B7,55.16089327
837S1483,4,ENG24,2,5,B8,50.36047125
837S1483,4,ENG24,3,5,B9,41.9729207
837S1484,4,ENG24,1,5,B10,-15.42113592
837S1484,4,ENG24,2,5,B11,-43.95990856
837S1484,4,ENG24,3,5,B12,-16.95094074
837S1485,4,ENG24,1,5,C1,97.25690171
837S1485,4,ENG24,2,5,C2,96.88763847
837S1485,4,ENG24,3,5,C3,96.36011957
837S1486,4,ENG24,1,5,C4,95.93810445
837S1486,4,ENG24,2,5,C5,95.0940742
837S1486,4,ENG24,3,5,C6,95.19957798
837S1487,4,ENG24,1,5,C7,97.09864603
837S1487,4,ENG24,2,5,C8,96.51837524
837S1487,4,ENG24,3,5,C9,96.62387902
837S1488,4,ENG24,1,5,C10,4.888341832
837S1488,4,ENG24,2,5,C11,-1.23087744
837S1488,4,ENG24,3,5,C12,24.24828556
837S1489,4,ENG24,1,5,D1,99.68348866
837S1489,4,ENG24,2,5,D2,99.73624055
837S1489,4,ENG24,3,5,D3,99.89449622
837S1490,4,ENG24,1,5,D4,99.89449622
837S1490,4,ENG24,2,5,D5,99.89449622
837S1490,4,ENG24,3,5,D6,100
837S1491,4,ENG24,1,5,D7,97.73166872
837S1491,4,ENG24,2,5,D8,96.78213469
837S1491,4,ENG24,3,5,D9,95.72709689
837S1492,4,ENG24,1,5,D10,18.55108141
837S1492,4,ENG24,2,5,D11,27.88816599
837S1492,4,ENG24,3,5,D12,43.18621417
837S1493,4,ENG24,1,5,E1,75.62862669
837S1493,4,ENG24,2,5,E2,67.92685071
837S1493,4,ENG24,3,5,E3,73.30754352
837S1494,4,ENG24,1,5,E4,99.89449622
837S1494,4,ENG24,2,5,E5,99.94724811
837S1494,4,ENG24,3,5,E6,99.89449622
837S1495,4,ENG24,1,5,E7,98.62845085
837S1495,4,ENG24,2,5,E8,99.31422543
837S1495,4,ENG24,3,5,E9,98.78670652
837S1496,4,ENG24,1,5,E10,59.06453315
837S1496,4,ENG24,2,5,E11,62.28239845
837S1496,4,ENG24,3,5,E12,60.75259363
837S1497,4,ENG24,1,5,F1,95.88535256
837S1497,4,ENG24,2,5,F2,91.19043432
837S1497,4,ENG24,3,5,F3,90.02989274
837S1498,4,ENG24,1,5,F4,98.048180060000007
837S1498,4,ENG24,2,5,F5,97.73166872
837S1498,4,ENG24,3,5,F6,97.62616494
837S1499,4,ENG24,1,5,F7,26.41111306
837S1499,4,ENG24,2,5,F8,16.75751714
837S1499,4,ENG24,3,5,F9,-8.668893969
837S1500,4,ENG24,1,1,F10,60.01406717
837S1500,4,ENG24,2,1,F11,52.73430631
837S1500,4,ENG24,3,1,F12,50.72973448
837S1358,4,ENG25,1,1,A1,54.89876658
837S1358,4,ENG25,2,1,A2,54.82895043
837S1358,4,ENG25,3,1,A3,50.50034908
837S1359,4,ENG25,1,1,A4,-37.74726553
837S1359,4,ENG25,2,1,A5,-42.70421224
837S1359,4,ENG25,3,1,A6,-50.24435653
837S1360,4,ENG25,1,1,A7,73.19059809
837S1360,4,ENG25,2,1,A8,69.909239
837S1360,4,ENG25,3,1,A9,69.2110775
837S1361,4,ENG25,1,1,A10,83.52338841
837S1361,4,ENG25,2,1,A11,84.98952758
837S1361,4,ENG25,3,1,A12,85.05934373
837S1362,4,ENG25,1,1,B1,19.71142658
837S1362,4,ENG25,2,1,B2,-1.233418664
837S1362,4,ENG25,3,1,B3,10.91459158
837S1363,4,ENG25,1,1,B4,94.62415639
837S1363,4,ENG25,2,1,B5,95.39213405
837S1363,4,ENG25,3,1,B6,64.67302769
837S1364,4,ENG25,1,1,B7,59.78589714
837S1364,4,ENG25,2,1,B8,61.112404
837S1364,4,ENG25,3,1,B9,57.83104492
837S1365,4,ENG25,1,1,B10,-13.80032581
837S1365,4,ENG25,2,1,B11,-22.31789621
837S1365,4,ENG25,3,1,B12,-36.97928788
837S1366,4,ENG25,1,1,C1,71.23574587
837S1366,4,ENG25,2,1,C2,70.25831976
837S1366,4,ENG25,3,1,C3,71.58482662
837S1367,4,ENG25,1,1,C4,99.7207354
837S1367,4,ENG25,2,1,C5,99.65091925
837S1367,4,ENG25,3,1,C6,99.581103100000007
837S1368,4,ENG25,1,1,C7,87.2236444
837S1368,4,ENG25,2,1,C8,82.19688155
837S1368,4,ENG25,3,1,C9,84.36118222
837S1369,4,ENG25,1,1,C10,-45.49685827
837S1369,4,ENG25,2,1,C11,-43.26274145
837S1369,4,ENG25,3,1,C12,-17.84966256
837S1370,4,ENG25,1,1,D1,-6.748894578
837S1370,4,ENG25,2,1,D2,-0.325808704
837S1370,4,ENG25,3,1,D3,-3.537351641
837S1371,4,ENG25,1,1,D4,92.59948801
837S1371,4,ENG25,2,1,D5,66.48824761
837S1371,4,ENG25,3,1,D6,77.37956714
837S1372,4,ENG25,1,1,D7,66.62787992
837S1372,4,ENG25,2,1,D8,69.4903421
837S1372,4,ENG25,3,1,D9,65.99953456
837S1373,4,ENG25,1,1,D10,25.7854317
837S1373,4,ENG25,2,1,D11,27.39120316
837S1373,4,ENG25,3,1,D12,5.957644869
837S1374,4,ENG25,1,1,E1,99.23202234
837S1374,4,ENG25,2,1,E2,99.30183849
837S1374,4,ENG25,3,1,E3,99.37165464
837S1375,4,ENG25,1,1,E4,42.820572490000004
837S1375,4,ENG25,2,1,E5,34.8615313
837S1375,4,ENG25,3,1,E6,47.14917384
837S1376,4,ENG25,1,1,E7,60.90295555
837S1376,4,ENG25,2,1,E8,33.60484059
837S1376,4,ENG25,3,1,E9,21.9455434
837S1377,4,ENG25,1,1,E10,-0.046544101
837S1377,4,ENG25,2,1,E11,-19.24598557
837S1377,4,ENG25,3,1,E12,-27.20502676
837S1378,4,ENG25,1,1,F1,4.212241098
837S1378,4,ENG25,2,1,F2,1.279962765
837S1378,4,ENG25,3,1,F3,-3.258087037
837S1379,4,ENG25,1,1,F4,32.69723063
837S1379,4,ENG25,2,1,F5,25.85524785
837S1379,4,ENG25,3,1,F6,35.55969281
837S1380,4,ENG25,1,1,F7,18.24528741
837S1380,4,ENG25,2,1,F8,18.87363277
837S1380,4,ENG25,3,1,F9,2.60646963
837S1381,4,ENG25,1,1,G1,37.51454503
837S1381,4,ENG25,2,1,G2,42.26204329
837S1381,4,ENG25,3,1,G3,39.05050035
837S1382,4,ENG25,1,1,G4,-28.74098208
837S1382,4,ENG25,2,1,G5,-47.8706074
837S1382,4,ENG25,3,1,G6,-7.935769141
837S1383,4,ENG25,1,1,G7,-17.01186875
837S1383,4,ENG25,2,1,G8,-6.748894578
837S1383,4,ENG25,3,1,G9,0.442168955
837S1384,4,ENG25,1,1,H1,-2.001396323
837S1384,4,ENG25,2,1,H2,-8.913195253
837S1384,4,ENG25,3,1,H3,-8.005585292
837S1385,4,ENG25,1,1,H4,79.40423551
837S1385,4,ENG25,2,1,H5,77.10030254
837S1385,4,ENG25,3,1,H6,82.40633
837S1386,4,ENG25,1,1,H7,-30.556202
837S1386,4,ENG25,2,1,H8,-9.332092157
837S1386,4,ENG25,3,1,H9,-27.06539446
837S1387,4,ENG25,1,2,A1,-41.4945322
837S1387,4,ENG25,2,2,A2,-54.19198056
837S1387,4,ENG25,3,2,A3,-38.76063183
837S1388,4,ENG25,1,2,A4,46.71931956
837S1388,4,ENG25,2,2,A5,33.47509113
837S1388,4,ENG25,3,2,A6,25.69866343
837S1389,4,ENG25,1,2,A7,84.14337789
837S1389,4,ENG25,2,2,A8,87.30255164
837S1389,4,ENG25,3,2,A9,86.33049818
837S1390,4,ENG25,1,2,A10,15.79586877
837S1390,4,ENG25,2,2,A11,13.36573512
837S1390,4,ENG25,3,2,A12,17.43620899
837S1391,4,ENG25,1,2,B1,-2.916160389
837S1391,4,ENG25,2,2,B2,-15.2490887
837S1391,4,ENG25,3,2,B3,-3.159173755
837S1392,4,ENG25,1,2,B4,-24.4835966
837S1392,4,ENG25,2,2,B5,-30.74119077
837S1392,4,ENG25,3,2,B6,-29.58687728
837S1393,4,ENG25,1,2,B7,86.45200486
837S1393,4,ENG25,2,2,B8,79.22235723
837S1393,4,ENG25,3,2,B9,84.81166464
837S1394,4,ENG25,1,2,B10,26.67071689
837S1394,4,ENG25,2,2,B11,35.7837181
837S1394,4,ENG25,3,2,B12,31.83475091
837S1395,4,ENG25,1,2,C1,38.33535844
837S1395,4,ENG25,2,2,C2,32.50303767
837S1395,4,ENG25,3,2,C3,43.07411908
837S1396,4,ENG25,1,2,C4,37.84933171
837S1396,4,ENG25,2,2,C5,26.60996355
837S1396,4,ENG25,3,2,C6,33.04981774
837S1397,4,ENG25,1,2,C7,32.13851762
837S1397,4,ENG25,2,2,C8,11.60388821
837S1397,4,ENG25,3,2,C9,-0.303766707
837S1398,4,ENG25,1,2,C10,99.93924666
837S1398,4,ENG25,2,2,C11,99.75698663
837S1398,4,ENG25,3,2,C12,99.87849332
837S1399,4,ENG25,1,2,D1,51.45808019
837S1399,4,ENG25,2,2,D2,53.40218712
837S1399,4,ENG25,3,2,D3,77.33900365
837S1400,4,ENG25,1,2,D4,99.87849332
837S1400,4,ENG25,2,2,D5,99.75698663
837S1400,4,ENG25,3,2,D6,99.93924666
837S1401,4,ENG25,1,2,D7,66.70716889
837S1401,4,ENG25,2,2,D8,45.7472661
837S1401,4,ENG25,3,2,D9,42.70959903
837S1402,4,ENG25,1,2,D10,94.77521264
837S1402,4,ENG25,2,2,D11,94.41069259
837S1402,4,ENG25,3,2,D12,97.14459295
837S1403,4,ENG25,1,2,E1,22.66099635
837S1403,4,ENG25,2,2,E2,3.766707169
837S1403,4,ENG25,3,2,E3,18.28675577
837S1404,4,ENG25,1,2,E4,98.78493317
837S1404,4,ENG25,2,2,E5,77.21749696
837S1404,4,ENG25,3,2,E6,75.33414338
837S1405,4,ENG25,1,2,E7,67.07168894
837S1405,4,ENG25,2,2,E8,63.06196841
837S1405,4,ENG25,3,2,E9,64.33778858
837S1406,4,ENG25,1,2,E10,-16.34264885
837S1406,4,ENG25,2,2,E11,-11.48238153
837S1406,4,ENG25,3,2,E12,-13.06196841
837S1407,4,ENG25,1,2,F1,-34.44714459
837S1407,4,ENG25,2,2,F2,-29.22235723
837S1407,4,ENG25,3,2,F3,-30.74119077
837S1408,4,ENG25,1,2,F4,98.42041312
837S1408,4,ENG25,2,2,F5,98.35965978
837S1408,4,ENG25,3,2,F6,98.29890644
837S1409,4,ENG25,1,2,F7,99.81773998
837S1409,4,ENG25,2,2,F8,99.69623329
837S1409,4,ENG25,3,2,F9,99.75698663
837S1410,4,ENG25,1,2,F10,85.23693803
837S1410,4,ENG25,2,2,F11,82.80680437
837S1410,4,ENG25,3,2,F12,83.17132442
837S1411,4,ENG25,1,2,G1,91.79829891
837S1411,4,ENG25,2,2,G2,92.77035237
837S1411,4,ENG25,3,2,G3,94.41069259
837S1412,4,ENG25,1,2,G4,-17.25394897
837S1412,4,ENG25,2,2,G5,-15.12758202
837S1412,4,ENG25,3,2,G6,-21.50668287
837S1413,4,ENG25,1,2,G7,-4.738760632
837S1413,4,ENG25,2,2,G8,-3.584447145
837S1413,4,ENG25,3,2,G9,0.303766707
837S1414,4,ENG25,1,2,H1,96.65856622
837S1414,4,ENG25,2,2,H2,93.56014581
837S1414,4,ENG25,3,2,H3,93.56014581
837S1415,4,ENG25,1,2,H4,-33.23207776
837S1415,4,ENG25,2,2,H5,-27.70352369
837S1415,4,ENG25,3,2,H6,-40.40097205
837S1416,4,ENG25,1,2,H7,99.81773998
837S1416,4,ENG25,2,2,H8,100
837S1416,4,ENG25,3,2,H9,99.51397327
837S1417,4,ENG25,1,3,A1,3.65535248
837S1417,4,ENG25,2,3,A2,-10.07832898
837S1417,4,ENG25,3,3,A3,-10.07832898
837S1418,4,ENG25,1,3,A4,37.59791123
837S1418,4,ENG25,2,3,A5,28.82506527
837S1418,4,ENG25,3,3,A6,30.18276762
837S1419,4,ENG25,1,3,A7,30.44386423
837S1419,4,ENG25,2,3,A8,31.22715405
837S1419,4,ENG25,3,3,A9,31.27937337
837S1420,4,ENG25,1,3,A10,-12.48041775
837S1420,4,ENG25,2,3,A11,-10.28720627
837S1420,4,ENG25,3,3,A12,-13.42036554
837S1421,4,ENG25,1,3,B1,-27.72845953
837S1421,4,ENG25,2,3,B2,-28.30287206
837S1421,4,ENG25,3,3,B3,-19.68668407
837S1422,4,ENG25,1,3,B4,8.093994778
837S1422,4,ENG25,2,3,B5,1.723237598
837S1422,4,ENG25,3,3,B6,17.33681462
837S1423,4,ENG25,1,3,B7,51.17493473
837S1423,4,ENG25,2,3,B8,46.84073107
837S1423,4,ENG25,3,3,B9,27.78067885
837S1424,4,ENG25,1,3,B10,91.17493473
837S1424,4,ENG25,2,3,B11,79.68668407
837S1424,4,ENG25,3,3,B12,78.38120104
837S1425,4,ENG25,1,3,C1,77.65013055
837S1425,4,ENG25,2,3,C2,72.01044386
837S1425,4,ENG25,3,3,C3,71.90600522
837S1426,4,ENG25,1,3,C4,26.94516971
837S1426,4,ENG25,2,3,C5,21.56657963
837S1426,4,ENG25,3,3,C6,32.63707572
837S1427,4,ENG25,1,3,C7,60.41775457
837S1427,4,ENG25,2,3,C8,10.54830287
837S1427,4,ENG25,3,3,C9,24.49086162
837S1428,4,ENG25,1,3,C10,17.80678851
837S1428,4,ENG25,2,3,C11,24.4386423
837S1428,4,ENG25,3,3,C12,7.780678851
837S1429,4,ENG25,1,3,D1,73.21148825
837S1429,4,ENG25,2,3,D2,62.97650131
837S1429,4,ENG25,3,3,D3,58.0156658
837S1430,4,ENG25,1,3,D4,79.42558747
837S1430,4,ENG25,2,3,D5,79.84334204
837S1430,4,ENG25,3,3,D6,83.75979112
837S1431,4,ENG25,1,3,D7,73.52480418
837S1431,4,ENG25,2,3,D8,64.64751958
837S1431,4,ENG25,3,3,D9,58.32898172
837S1432,4,ENG25,1,3,D10,71.07049608
837S1432,4,ENG25,2,3,D11,35.35248042
837S1432,4,ENG25,3,3,D12,27.78067885
837S1433,4,ENG25,1,3,E1,95.97911227
837S1433,4,ENG25,2,3,E2,95.40469974
837S1433,4,ENG25,3,3,E3,94.98694517
837S1434,4,ENG25,1,3,E4,76.71018277
837S1434,4,ENG25,2,3,E5,72.167101829999993
837S1434,4,ENG25,3,3,E6,73.5770235
837S1435,4,ENG25,1,3,E7,67.31070496
837S1435,4,ENG25,2,3,E8,53.52480418
837S1435,4,ENG25,3,3,E9,13.52480418
837S1436,4,ENG25,1,3,E10,23.34203655
837S1436,4,ENG25,2,3,E11,19.32114883
837S1436,4,ENG25,3,3,E12,10.39164491
837S1437,4,ENG25,1,3,F1,83.65535248
837S1437,4,ENG25,2,3,F2,66.26631854
837S1437,4,ENG25,3,3,F3,55.77023499
837S1438,4,ENG25,1,3,F4,100
837S1438,4,ENG25,2,3,F5,99.68668407
837S1438,4,ENG25,3,3,F6,99.94778068
837S1439,4,ENG25,1,3,F7,99.94778068
837S1439,4,ENG25,2,3,F8,99.94778068
837S1439,4,ENG25,3,3,F9,99.73890339
837S1440,4,ENG25,1,3,F10,7.937336815
837S1440,4,ENG25,2,3,F11,19.68668407
837S1440,4,ENG25,3,3,F12,-2.245430809
837S1441,4,ENG25,1,3,G1,60.10443864
837S1441,4,ENG25,2,3,G2,48.04177546
837S1441,4,ENG25,3,3,G3,53.26370757
837S1442,4,ENG25,1,3,G4,67.154047
837S1442,4,ENG25,2,3,G5,67.31070496
837S1442,4,ENG25,3,3,G6,70.02610966
837S1443,4,ENG25,1,3,G7,97.49347258
837S1443,4,ENG25,2,3,G8,97.07571802
837S1443,4,ENG25,3,3,G9,95.92689295
837S1444,4,ENG25,1,3,H1,100
837S1444,4,ENG25,2,3,H2,99.73890339
837S1444,4,ENG25,3,3,H3,99.79112272
837S1445,4,ENG25,1,3,H4,-3.080939948
837S1445,4,ENG25,2,3,H5,-13.89033943
837S1445,4,ENG25,3,3,H6,33.36814621
837S1446,4,ENG25,1,3,H7,27.98955614
837S1446,4,ENG25,2,3,H8,33.89033943
837S1446,4,ENG25,3,3,H9,21.35770235
837S1447,4,ENG25,1,4,A1,99.81703598
837S1447,4,ENG25,2,4,A2,100
837S1447,4,ENG25,3,4,A3,99.75604798
837S1448,4,ENG25,1,4,A4,85.24090262
837S1448,4,ENG25,2,4,A5,85.11892661
837S1448,4,ENG25,3,4,A6,83.16731043
837S1449,4,ENG25,1,4,A7,35.53567798
837S1449,4,ENG25,2,4,A8,28.2171173
837S1449,4,ENG25,3,4,A9,24.61882496
837S1450,4,ENG25,1,4,A10,74.44602561
837S1450,4,ENG25,2,4,A11,80.30087416
837S1450,4,ENG25,3,4,A12,82.67940638
837S1451,4,ENG25,1,4,B1,87.55844684
837S1451,4,ENG25,2,4,B2,80.54482618
837S1451,4,ENG25,3,4,B3,84.44805855
837S1452,4,ENG25,1,4,B4,-1.971945517
837S1452,4,ENG25,2,4,B5,5.346615166
837S1452,4,ENG25,3,4,B6,8.213051433
837S1453,4,ENG25,1,4,B7,-11.66903842
837S1453,4,ENG25,2,4,B8,-8.070746087
837S1453,4,ENG25,3,4,B9,-2.825777597
837S1454,4,ENG25,1,4,B10,9.615775564
837S1454,4,ENG25,2,4,B11,8.274039439
837S1454,4,ENG25,3,4,B12,12.78715186
837S1455,4,ENG25,1,4,C1,-37.1620248
837S1455,4,ENG25,2,4,C2,-22.21996341
837S1455,4,ENG25,3,4,C3,-17.70685099
837S1456,4,ENG25,1,4,C4,73.95812157
837S1456,4,ENG25,2,4,C5,71.57958935
837S1456,4,ENG25,3,4,C6,68.28623704
837S1457,4,ENG25,1,4,C7,16.69038422
837S1457,4,ENG25,2,4,C8,14.250864
837S1457,4,ENG25,3,4,C9,4.736735109
837S1458,4,ENG25,1,4,C10,55.35677983
837S1458,4,ENG25,2,4,C11,61.88249644
837S1458,4,ENG25,3,4,C12,82.49644237
837S1459,4,ENG25,1,4,D1,68.40821305
837S1459,4,ENG25,2,4,D2,71.33563732
837S1459,4,ENG25,3,4,D3,68.71315308
837S1460,4,ENG25,1,4,D4,24.49684895
837S1460,4,ENG25,2,4,D5,22.36226875
837S1460,4,ENG25,3,4,D6,38.21915023
837S1461,4,ENG25,1,4,D7,66.57857288
837S1461,4,ENG25,2,4,D8,69.62797317
837S1461,4,ENG25,3,4,D9,65.54177678
837S1462,4,ENG25,1,4,D10,-15.93819882
837S1462,4,ENG25,2,4,D11,1.687334824
837S1462,4,ENG25,3,4,D12,7.96909941
837S1463,4,ENG25,1,4,E1,48.83106322
837S1463,4,ENG25,2,4,E2,42.48831063
837S1463,4,ENG25,3,4,E3,45.23277089
837S1464,4,ENG25,1,4,E4,-0.813173409
837S1464,4,ENG25,2,4,E5,-7.338890018
837S1464,4,ENG25,3,4,E6,13.09209189
837S1465,4,ENG25,1,4,E7,98.65826387
837S1465,4,ENG25,2,4,E8,98.59727587
837S1465,4,ENG25,3,4,E9,98.71925188
837S1466,4,ENG25,1,4,E10,5.224639154
837S1466,4,ENG25,2,4,E11,-3.49664566
837S1466,4,ENG25,3,4,E12,3.577963001
837S1467,4,ENG25,1,4,F1,-1.910957512
837S1467,4,ENG25,2,4,F2,4.43179508
837S1467,4,ENG25,3,4,F3,7.359219354
837S1468,4,ENG25,1,4,F4,99.75604798
837S1468,4,ENG25,2,4,F5,99.87802399
837S1468,4,ENG25,3,4,F6,99.81703598
837S1469,4,ENG25,1,4,F7,35.96259402
837S1469,4,ENG25,2,4,F8,40.29274243
837S1469,4,ENG25,3,4,F9,37.24334214
837S1470,4,ENG25,1,4,F10,91.58365521
837S1470,4,ENG25,2,4,F11,90.72982313
837S1470,4,ENG25,3,4,F12,90.05895507
837S1471,4,ENG25,1,4,G1,82.61841838
837S1471,4,ENG25,2,4,G2,75.90973775
837S1471,4,ENG25,3,4,G3,77.25147388
837S1472,4,ENG25,1,4,G4,11.32343972
837S1472,4,ENG25,2,4,G5,11.0794877
837S1472,4,ENG25,3,4,G6,13.70197195
837S1473,4,ENG25,1,4,G7,20.83756861
837S1473,4,ENG25,2,4,G8,15.3486481
837S1473,4,ENG25,3,4,G9,22.42325676
837S1474,4,ENG25,1,4,H1,50.59971539
837S1474,4,ENG25,2,4,H2,43.2201667
837S1474,4,ENG25,3,4,H3,49.6848953
837S1475,4,ENG25,1,4,H4,29.49786542
837S1475,4,ENG25,2,4,H5,84.14311852
837S1475,4,ENG25,3,4,H6,88.35129091
837S1476,4,ENG25,1,4,H7,-18.19475503
837S1476,4,ENG25,2,4,H8,-43.93169343
837S1476,4,ENG25,3,4,H9,-23.68367554
837S1477,4,ENG25,1,5,A1,74.08009758
837S1477,4,ENG25,2,5,A2,65.60276479
837S1477,4,ENG25,3,5,A3,66.27363285
837S1478,4,ENG25,1,5,A4,46.81845904
837S1478,4,ENG25,2,5,A5,45.53771092
837S1478,4,ENG25,3,5,A6,49.19699126
837S1479,4,ENG25,1,5,A7,18.70298841
837S1479,4,ENG25,2,5,A8,26.0825371
837S1479,4,ENG25,3,5,A9,25.59463306
837S1480,4,ENG25,1,5,A10,-15.57227079
837S1480,4,ENG25,2,5,A11,-3.191705631
837S1480,4,ENG25,3,5,A12,-8.863590161
837S1481,4,ENG25,1,5,B1,99.32913194
837S1481,4,ENG25,2,5,B2,96.8286237
837S1481,4,ENG25,3,5,B3,97.74344379
837S1482,4,ENG25,1,5,B4,-19.17056312
837S1482,4,ENG25,2,5,B5,-43.74872942
837S1482,4,ENG25,3,5,B6,-18.13376703
837S1483,4,ENG25,1,5,B7,21.69140069
837S1483,4,ENG25,2,5,B8,28.09514129
837S1483,4,ENG25,3,5,B9,18.21508437
837S1484,4,ENG25,1,5,B10,75.11689368
837S1484,4,ENG25,2,5,B11,79.75198211
837S1484,4,ENG25,3,5,B12,74.87294165
837S1485,4,ENG25,1,5,C1,85.60683066
837S1485,4,ENG25,2,5,C2,83.83817849
837S1485,4,ENG25,3,5,C3,82.31347835
837S1486,4,ENG25,1,5,C4,29.19292539
837S1486,4,ENG25,2,5,C5,28.2171173
837S1486,4,ENG25,3,5,C6,34.43789388
837S1487,4,ENG25,1,5,C7,95.91380362
837S1487,4,ENG25,2,5,C8,96.03577963
837S1487,4,ENG25,3,5,C9,97.25553974
837S1488,4,ENG25,1,5,C10,13.45801992
837S1488,4,ENG25,2,5,C11,-9.900386257
837S1488,4,ENG25,3,5,C12,9.920715593
837S1489,4,ENG25,1,5,D1,99.63407197
837S1489,4,ENG25,2,5,D2,99.32913194
837S1489,4,ENG25,3,5,D3,99.75604798
837S1490,4,ENG25,1,5,D4,99.87802399
837S1490,4,ENG25,2,5,D5,99.93901199
837S1490,4,ENG25,3,5,D6,99.87802399
837S1491,4,ENG25,1,5,D7,27.66822525
837S1491,4,ENG25,2,5,D8,27.05834519
837S1491,4,ENG25,3,5,D9,17.78816833
837S1492,4,ENG25,1,5,D10,72.31144542
837S1492,4,ENG25,2,5,D11,65.23683676
837S1492,4,ENG25,3,5,D12,75.17788168
837S1493,4,ENG25,1,5,E1,81.09371824
837S1493,4,ENG25,2,5,E2,83.47225046
837S1493,4,ENG25,3,5,E3,81.94755032
837S1494,4,ENG25,1,5,E4,97.68245578
837S1494,4,ENG25,2,5,E5,96.95059972
837S1494,4,ENG25,3,5,E6,96.7676357
837S1495,4,ENG25,1,5,E7,59.07704818
837S1495,4,ENG25,2,5,E8,33.15714576
837S1495,4,ENG25,3,5,E9,18.88595243
837S1496,4,ENG25,1,5,E10,71.70156536
837S1496,4,ENG25,2,5,E11,61.4555804
837S1496,4,ENG25,3,5,E12,67.37141695
837S1497,4,ENG25,1,5,F1,77.25147388
837S1497,4,ENG25,2,5,F2,73.89713356
837S1497,4,ENG25,3,5,F3,73.2262655
837S1498,4,ENG25,1,5,F4,80.78877821
837S1498,4,ENG25,2,5,F5,79.38605408
837S1498,4,ENG25,3,5,F6,79.44704208
837S1499,4,ENG25,1,5,F7,66.51758487
837S1499,4,ENG25,2,5,F8,59.86989225
837S1499,4,ENG25,3,5,F9,47.67229112
837S1500,4,ENG25,1,5,F10,24.13092092
837S1500,4,ENG25,2,5,F11,13.15307989
837S1500,4,ENG25,3,5,F12,27.1803212
837SAnti-H3 1:250,1,THA22,1,1,F10,99.8127633
837SAnti-H3 1:250,1,THA22,2,1,F11,99.95319083
837SAnti-H3 1:250,1,THA22,3,1,F12,99.95319083
837SAnti-H3 1:250,1,ENG24,1,1,F10,99.85840708
837SAnti-H3 1:250,1,ENG24,2,1,F11,99.78761062
837SAnti-H3 1:250,1,ENG24,3,1,F12,99.92920354
837SAnti-H3 1:250,1,ENG25,1,1,F10,50.68088597
837SAnti-H3 1:250,1,ENG25,2,1,F11,51.56685808
837SAnti-H3 1:250,1,ENG25,3,1,F12,43.69155045
837SAnti-H3 1:250,2,THA22,1,1,F10,99.85446313
837SAnti-H3 1:250,2,THA22,2,1,F11,100
837SAnti-H3 1:250,2,THA22,3,1,F12,100
837SAnti-H3 1:250,2,ENG24,1,1,F10,99.95125122
837SAnti-H3 1:250,2,ENG24,2,1,F11,99.95125122
837SAnti-H3 1:250,2,ENG24,3,1,F12,99.85375366
837SAnti-H3 1:250,2,ENG25,1,1,F10,58.5114806
837SAnti-H3 1:250,2,ENG25,2,1,F11,52.41488519
837SAnti-H3 1:250,2,ENG25,3,1,F12,60.57007126
837SAnti-H3 1:250,3,THA22,1,1,F10,100
837SAnti-H3 1:250,3,THA22,2,1,F11,99.95745284
837SAnti-H3 1:250,3,THA22,3,1,F12,100
837SAnti-H3 1:250,3,ENG24,1,1,F10,99.8868565
837SAnti-H3 1:250,3,ENG24,2,1,F11,99.94342825
837SAnti-H3 1:250,3,ENG24,3,1,F12,99.66056949
837SAnti-H3 1:250,3,ENG25,1,1,F10,67.48363526
837SAnti-H3 1:250,3,ENG25,2,1,F11,63.0080682
837SAnti-H3 1:250,3,ENG25,3,1,F12,60.67894657
837SAnti-H3 1:250,4,THA22,1,1,F10,99.90898058
837SAnti-H3 1:250,4,THA22,2,1,F11,99.54490291
837SAnti-H3 1:250,4,THA22,3,1,F12,99.86347087
837SAnti-H3 1:250,4,ENG24,1,1,F10,99.81232405
837SAnti-H3 1:250,4,ENG24,2,1,F11,99.48389115
837SAnti-H3 1:250,4,ENG24,3,1,F12,99.43697216
837SAnti-H3 1:250,4,ENG25,1,1,F10,22.57388876
837SAnti-H3 1:250,4,ENG25,2,1,F11,26.83267396
837SAnti-H3 1:250,4,ENG25,3,1,F12,10.63532697
