PatientID,SampleID,SampleDate,Age,Sex,PostcodePart,CareType,EarliestPositive,LatestPositive,EarliestNegative,LatestNegative,vacc_2021_vacc_date,vacc_2021_vacc_type,vacc_2022_vacc_date,vacc_2022_vacc_type,vacc_2023_vacc_date,vacc_2023_vacc_type,vacc_2024_vacc_date,vacc_2024_vacc_type,vacc_years_since_last,vacc_number_of_doses
960,837S0269,2024-05-20,71,Male,G23,Primary,NA,NA,NA,NA,NA,NA,NA,NA,NA,NA,NA,NA,>4,0
961,837S0762,2024-05-30,76,Male,G62,Primary,NA,NA,NA,NA,2021-10-28T00:00:00Z,Fluad Tetra Vaccine Seqirus,2022-09-23T00:00:00Z,Adjuvanted Quadrivalent Influenza Vaccine Seqirus,2023-10-30T00:00:00Z,Adjuvanted Quadrivalent Influenza Vaccine Seqirus,2024-10-10T00:00:00Z,Adjuvanted Quadrivalent Influenza Vaccine Seqirus,1,4
962,837S0688,2024-05-27,84,Female,G12,Secondary,NA,NA,NA,NA,2021-10-22T00:00:00Z,Fluad Tetra Vaccine Seqirus,2022-09-23T00:00:00Z,Adjuvanted Quadrivalent Influenza Vaccine Seqirus,2023-12-14T00:00:00Z,Adjuvanted Quadrivalent Influenza Vaccine Seqirus,2024-10-24T00:00:00Z,Adjuvanted Quadrivalent Influenza Vaccine Seqirus,1,4
963,837S0448,2024-05-23,58,Male,G31,Secondary,NA,NA,NA,NA,NA,NA,2022-09-22T00:00:00Z,Cell-based Quadrivalent Influenza Vaccine Seqirus,NA,NA,NA,NA,3,1
964,837S0891,2024-05-30,72,Male,G46,Secondary,NA,NA,2024-01-28,2024-02-27,2021-11-04T00:00:00Z,Fluad Tetra Vaccine Seqirus,2022-10-21T00:00:00Z,Adjuvanted Quadrivalent Influenza Vaccine Seqirus,NA,NA,NA,NA,3,2
965,837S1278,2025-05-03,71,Female,G46,Secondary,NA,NA,2024-09-13,2024-09-13,2021-11-20T00:00:00Z,Fluad Tetra Vaccine Seqirus,2022-09-20T00:00:00Z,Adjuvanted Quadrivalent Influenza Vaccine Seqirus,NA,NA,NA,NA,3,2
966,837S0765,2024-05-29,71,Male,G81,Primary,2021-12-29,2023-08-19,2020-09-18,2021-02-15,2021-11-13T00:00:00Z,Fluad Tetra Vaccine Seqirus,2022-10-29T00:00:00Z,Adjuvanted Quadrivalent Influenza Vaccine Seqirus,2024-01-08T00:00:00Z,Adjuvanted Quadrivalent Influenza Vaccine Seqirus,2024-11-30T00:00:00Z,Adjuvanted Quadrivalent Influenza Vaccine Seqirus,1,4
967,837S0201,2024-05-21,72,Male,G43,Primary,NA,NA,NA,NA,2021-11-06T00:00:00Z,Fluad Tetra Vaccine Seqirus,2022-10-13T00:00:00Z,Adjuvanted Quadrivalent Influenza Vaccine Seqirus,2023-11-24T00:00:00Z,Adjuvanted Quadrivalent Influenza Vaccine Seqirus,2024-12-14T00:00:00Z,Adjuvanted Quadrivalent Influenza Vaccine Seqirus,1,4
968,837S1249,2025-05-03,70,Male,G4,Secondary,NA,NA,NA,NA,2021-12-06T00:00:00Z,Fluad Tetra Vaccine Seqirus,NA,NA,NA,NA,NA,NA,4,1
969,837S1184,2025-05-03,33,Male,G81,Secondary,NA,NA,2021-08-17,2024-08-28,NA,NA,NA,NA,NA,NA,NA,NA,>4,0
970,837S0983,2024-05-29,54,Female,G63,Secondary,NA,NA,NA,NA,NA,NA,NA,NA,NA,NA,NA,NA,>4,0
971,837S0912,2024-05-30,82,Male,G61,Secondary,NA,NA,2021-12-14,2024-05-22,2021-10-20T00:00:00Z,Fluad Tetra Vaccine Seqirus,2022-09-20T00:00:00Z,Adjuvanted Quadrivalent Influenza Vaccine Seqirus,2023-10-25T00:00:00Z,Adjuvanted Quadrivalent Influenza Vaccine Seqirus,NA,NA,2,3
972,837S0599,2024-05-27,74,Female,G41,Secondary,NA,NA,NA,NA,NA,NA,NA,NA,NA,NA,NA,NA,>4,0
973,837S0335,2024-05-23,57,Male,G14,Secondary,NA,NA,NA,NA,NA,NA,NA,NA,2023-12-18T00:00:00Z,Cell-based Quadrivalent Influenza Vaccine Seqirus,2024-12-19T00:00:00Z,Cell-based Quadrivalent Influenza Vaccine Seqirus,1,2
974,837S0995,2024-05-28,87,Female,G20,Secondary,NA,NA,2021-11-06,2021-11-06,2021-10-21T00:00:00Z,Fluad Tetra Vaccine Seqirus,2022-09-22T00:00:00Z,Adjuvanted Quadrivalent Influenza Vaccine Seqirus,2023-10-26T00:00:00Z,Adjuvanted Quadrivalent Influenza Vaccine Seqirus,2024-10-08T00:00:00Z,Adjuvanted Quadrivalent Influenza Vaccine Seqirus,1,4
975,837S1117,2025-05-03,81,Male,PA23,Secondary,NA,NA,NA,NA,NA,NA,NA,NA,NA,NA,NA,NA,>4,0
976,837S0664,2024-05-28,37,Female,G13,Secondary,NA,NA,2020-12-21,2024-09-22,2021-12-12T00:00:00Z,Flucelvax Tetra Vaccine Seqirus,NA,NA,NA,NA,2024-11-11T00:00:00Z,Cell-based Quadrivalent Influenza Vaccine Seqirus,1,2
977,837S1270,2025-05-03,73,Male,G52,Secondary,NA,NA,NA,NA,2021-10-31T00:00:00Z,Fluad Tetra Vaccine Seqirus,2022-10-27T00:00:00Z,Adjuvanted Quadrivalent Influenza Vaccine Seqirus,2023-11-22T00:00:00Z,Adjuvanted Quadrivalent Influenza Vaccine Seqirus,2024-10-25T00:00:00Z,Adjuvanted Quadrivalent Influenza Vaccine Seqirus,1,4
978,837S1339,2025-05-06,62,Female,G78,Primary,NA,NA,NA,NA,2021-12-05T00:00:00Z,Flucelvax Tetra Vaccine Seqirus,2022-09-30T00:00:00Z,Cell-based Quadrivalent Influenza Vaccine Seqirus,2023-09-27T00:00:00Z,Cell-based Quadrivalent Influenza Vaccine Seqirus,2024-12-21T00:00:00Z,Cell-based Quadrivalent Influenza Vaccine Seqirus,1,4
979,837S1247,2025-05-02,68,Female,G46,Primary,NA,NA,NA,NA,2021-11-25T00:00:00Z,Fluad Tetra Vaccine Seqirus,2022-10-21T00:00:00Z,Adjuvanted Quadrivalent Influenza Vaccine Seqirus,2024-01-13T00:00:00Z,Adjuvanted Quadrivalent Influenza Vaccine Seqirus,NA,NA,2,3
980,837S0390,2024-05-22,81,Female,G45,Primary,2021-06-27,2021-06-27,2021-09-09,2025-04-25,2021-10-30T00:00:00Z,Fluad Tetra Vaccine Seqirus,2022-09-27T00:00:00Z,Adjuvanted Quadrivalent Influenza Vaccine Seqirus,NA,NA,NA,NA,3,2
981,837S0815,2024-05-29,51,Female,G13,Secondary,2021-11-25,2021-11-25,2020-08-26,2022-03-07,NA,NA,2022-10-04T00:00:00Z,Cell-based Quadrivalent Influenza Vaccine Seqirus,2023-09-06T00:00:00Z,Cell-based Quadrivalent Influenza Vaccine Seqirus,NA,NA,2,2
982,837s1236,2025-05-02,34,Female,G76,Secondary,NA,NA,NA,NA,2021-11-24T00:00:00Z,Flucelvax Tetra Vaccine Seqirus,NA,NA,2023-10-09T00:00:00Z,Cell-based Quadrivalent Influenza Vaccine Seqirus,2025-01-31T00:00:00Z,Cell-based Quadrivalent Influenza Vaccine Seqirus,1,3
983,837S0173,2024-05-22,57,Female,PA35,Secondary,NA,NA,2024-07-24,2024-07-31,NA,NA,NA,NA,NA,NA,NA,NA,>4,0
984,837S1488,2025-05-07,63,Female,G43,Secondary,NA,NA,2021-01-25,2021-12-20,2021-11-08T00:00:00Z,Flucelvax Tetra Vaccine Seqirus,2022-10-30T00:00:00Z,Cell-based Quadrivalent Influenza Vaccine Seqirus,2023-11-12T00:00:00Z,Adjuvanted Quadrivalent Influenza Vaccine Seqirus,2024-12-15T00:00:00Z,Cell-based Quadrivalent Influenza Vaccine Seqirus,1,4
985,837S0153,2024-05-22,41,Female,G42,Secondary,NA,NA,2024-04-03,2024-04-03,NA,NA,NA,NA,NA,NA,NA,NA,>4,0
986,837S0139,2024-05-20,64,Male,G45,Secondary,NA,NA,2021-09-08,2023-06-22,2021-09-28T00:00:00Z,Flucelvax Tetra Vaccine Seqirus,2022-10-09T00:00:00Z,Cell-based Quadrivalent Influenza Vaccine Seqirus,2023-10-29T00:00:00Z,Cell-based Quadrivalent Influenza Vaccine Seqirus,2024-10-30T00:00:00Z,Adjuvanted Quadrivalent Influenza Vaccine Seqirus,1,4
987,837S0037,2024-05-22,31,Female,G81,Secondary,2021-09-06,2021-12-23,2020-07-29,2021-12-15,NA,NA,NA,NA,NA,NA,NA,NA,>4,0
988,837S1130,2025-05-02,28,Female,G1,Primary,NA,NA,NA,NA,NA,NA,NA,NA,2023-12-20T00:00:00Z,Cell-based Quadrivalent Influenza Vaccine Seqirus,NA,NA,2,1
989,837S0138,2024-05-22,31,Female,G61,Secondary,NA,NA,NA,NA,NA,NA,NA,NA,2023-12-18T00:00:00Z,Cell-based Quadrivalent Influenza Vaccine Seqirus,NA,NA,2,1
990,837S1260,2025-05-03,42,Male,G43,Secondary,NA,NA,NA,NA,NA,NA,NA,NA,NA,NA,NA,NA,>4,0
991,837S1453,2025-05-07,80,Female,G81,Secondary,2022-12-19,2022-12-19,2021-06-19,2024-09-23,2021-10-23T00:00:00Z,Fluad Tetra Vaccine Seqirus,2022-10-08T00:00:00Z,Adjuvanted Quadrivalent Influenza Vaccine Seqirus,2023-10-23T00:00:00Z,Adjuvanted Quadrivalent Influenza Vaccine Seqirus,2024-11-07T00:00:00Z,Adjuvanted Quadrivalent Influenza Vaccine Seqirus,1,4
992,837S1188,2025-05-03,79,Male,G66,Secondary,NA,NA,2022-07-23,2025-05-07,2021-10-20T00:00:00Z,Fluad Tetra Vaccine Seqirus,2022-11-16T00:00:00Z,Adjuvanted Quadrivalent Influenza Vaccine Seqirus,2023-11-02T00:00:00Z,Adjuvanted Quadrivalent Influenza Vaccine Seqirus,2024-10-03T00:00:00Z,Adjuvanted Quadrivalent Influenza Vaccine Seqirus,1,4
993,837S1046,2025-05-03,57,Male,G42,Secondary,NA,NA,2023-04-10,2025-04-25,NA,NA,2022-10-18T00:00:00Z,Cell-based Quadrivalent Influenza Vaccine Seqirus,NA,NA,NA,NA,3,1
994,837S1491,2025-05-06,60,Male,G52,Primary,NA,NA,2021-01-15,2022-01-13,2021-12-15T00:00:00Z,Flucelvax Tetra Vaccine Seqirus,2022-11-13T00:00:00Z,Cell-based Quadrivalent Influenza Vaccine Seqirus,2023-11-26T00:00:00Z,Cell-based Quadrivalent Influenza Vaccine Seqirus,NA,NA,2,3
995,837S0402,2024-05-23,48,Male,G45,Secondary,2021-09-21,2021-09-21,2021-06-28,2024-12-17,NA,NA,NA,NA,NA,NA,NA,NA,>4,0
996,837S0647,2024-05-28,24,Female,G81,Secondary,NA,NA,2020-12-05,2021-12-28,NA,NA,NA,NA,NA,NA,NA,NA,>4,0
997,837S1192,2025-05-02,54,Female,G76,Primary,NA,NA,NA,NA,2021-11-18T00:00:00Z,Flucelvax Tetra Vaccine Seqirus,2022-12-01T00:00:00Z,Cell-based Quadrivalent Influenza Vaccine Seqirus,2023-10-06T00:00:00Z,Cell-based Quadrivalent Influenza Vaccine Seqirus,NA,NA,2,3
998,837S1428,2025-05-07,65,Female,PA7,Secondary,NA,NA,2021-08-28,2021-08-28,2022-01-06T00:00:00Z,Flucelvax Tetra Vaccine Seqirus,2022-11-12T00:00:00Z,Cell-based Quadrivalent Influenza Vaccine Seqirus,2023-11-25T00:00:00Z,Cell-based Quadrivalent Influenza Vaccine Seqirus,NA,NA,2,3
999,837S0885,2024-05-30,76,Female,G52,Secondary,NA,NA,2020-10-01,2024-03-27,NA,NA,NA,NA,NA,NA,NA,NA,>4,0
1000,837S1141,2025-05-02,62,Female,G15,Primary,2022-02-19,2022-02-19,2021-07-01,2021-07-01,2021-12-05T00:00:00Z,Flucelvax Tetra Vaccine Seqirus,2022-10-24T00:00:00Z,Cell-based Quadrivalent Influenza Vaccine Seqirus,NA,NA,2024-12-18T00:00:00Z,Adjuvanted Quadrivalent Influenza Vaccine Seqirus,1,3
1001,837S1347,2025-05-07,57,Female,G42,Secondary,NA,NA,2022-04-12,2022-04-12,NA,NA,2022-11-07T00:00:00Z,Cell-based Quadrivalent Influenza Vaccine Seqirus,2024-01-13T00:00:00Z,Cell-based Quadrivalent Influenza Vaccine Seqirus,NA,NA,2,2
1002,837S0404,2024-05-23,56,Male,G41,Secondary,NA,NA,2021-06-18,2024-05-24,NA,NA,NA,NA,NA,NA,NA,NA,>4,0
1003,837S0083,2024-05-21,40,Male,G42,Secondary,NA,NA,2020-06-12,2021-12-16,NA,NA,NA,NA,NA,NA,NA,NA,>4,0
1004,837S0477,2024-05-22,49,Female,G53,Primary,2021-11-12,2021-11-12,2020-11-11,2022-05-06,2021-09-27T00:00:00Z,Flucelvax Tetra Vaccine Seqirus,2022-10-30T00:00:00Z,Cell-based Quadrivalent Influenza Vaccine Seqirus,NA,NA,NA,NA,3,2
1005,837S1169,2025-05-03,70,Female,G41,Secondary,NA,NA,2021-05-20,2025-05-01,2021-11-18T00:00:00Z,Fluad Tetra Vaccine Seqirus,2022-11-13T00:00:00Z,Adjuvanted Quadrivalent Influenza Vaccine Seqirus,2023-11-01T00:00:00Z,Adjuvanted Quadrivalent Influenza Vaccine Seqirus,2024-12-14T00:00:00Z,Adjuvanted Quadrivalent Influenza Vaccine Seqirus,1,4
1006,837S0279,2024-05-21,34,Male,G14,Primary,NA,NA,NA,NA,NA,NA,NA,NA,NA,NA,NA,NA,>4,0
1007,837S0382,2024-05-22,35,Female,G14,Primary,2022-08-25,2022-08-25,2020-11-24,2022-02-12,NA,NA,NA,NA,NA,NA,NA,NA,>4,0
1008,837S1206,2025-05-03,94,Female,G15,Secondary,NA,NA,2020-07-13,2024-07-21,2021-10-09T00:00:00Z,Fluad Tetra Vaccine Seqirus,2022-09-19T00:00:00Z,Adjuvanted Quadrivalent Influenza Vaccine Seqirus,2023-11-04T00:00:00Z,Adjuvanted Quadrivalent Influenza Vaccine Seqirus,2024-10-02T00:00:00Z,Adjuvanted Quadrivalent Influenza Vaccine Seqirus,1,4
1009,837S0300,2024-05-21,25,Female,G81,Secondary,NA,NA,2020-08-03,2021-12-07,NA,NA,NA,NA,NA,NA,NA,NA,>4,0
1010,837S0522,2024-05-28,39,Female,G11,Primary,2021-05-25,2021-06-08,NA,NA,NA,NA,NA,NA,NA,NA,NA,NA,>4,0
1011,837S0420,2024-05-23,70,Male,G14,Primary,NA,NA,NA,NA,2021-11-12T00:00:00Z,Fluad Tetra Vaccine Seqirus,2022-10-22T00:00:00Z,Adjuvanted Quadrivalent Influenza Vaccine Seqirus,2023-10-23T00:00:00Z,Adjuvanted Quadrivalent Influenza Vaccine Seqirus,2024-12-03T00:00:00Z,Adjuvanted Quadrivalent Influenza Vaccine Seqirus,1,4
1012,837S0630,2024-05-28,62,Female,G13,Secondary,NA,NA,2020-07-06,2022-03-31,2021-11-16T00:00:00Z,Flucelvax Tetra Vaccine Seqirus,2022-10-24T00:00:00Z,Cell-based Quadrivalent Influenza Vaccine Seqirus,2023-09-13T00:00:00Z,Cell-based Quadrivalent Influenza Vaccine Seqirus,NA,NA,2,3
1013,837S0347,2024-05-23,70,Male,G42,Secondary,2021-12-29,2021-12-29,2021-09-20,2022-03-05,2021-12-02T00:00:00Z,Fluad Tetra Vaccine Seqirus,2022-10-04T00:00:00Z,Adjuvanted Quadrivalent Influenza Vaccine Seqirus,2023-11-26T00:00:00Z,Adjuvanted Quadrivalent Influenza Vaccine Seqirus,2024-10-24T00:00:00Z,Adjuvanted Quadrivalent Influenza Vaccine Seqirus,1,4
1014,837S0195,2024-05-22,67,Female,G42,Secondary,NA,NA,2021-02-24,2021-10-16,2021-12-09T00:00:00Z,Fluad Tetra Vaccine Seqirus,2022-10-06T00:00:00Z,Adjuvanted Quadrivalent Influenza Vaccine Seqirus,2023-12-09T00:00:00Z,Adjuvanted Quadrivalent Influenza Vaccine Seqirus,2024-11-04T00:00:00Z,Adjuvanted Quadrivalent Influenza Vaccine Seqirus,1,4
1015,837S0512,2024-05-28,29,Female,PA32,Secondary,2021-12-12,2021-12-12,2020-03-28,2021-09-03,NA,NA,NA,NA,2023-12-05T00:00:00Z,Cell-based Quadrivalent Influenza Vaccine Seqirus,NA,NA,2,1
1016,837S0397,2024-05-23,62,Female,G53,Primary,2021-01-07,2021-01-26,2021-02-03,2022-11-23,NA,NA,2022-09-11T00:00:00Z,Cell-based Quadrivalent Influenza Vaccine Seqirus,2023-12-04T00:00:00Z,Cell-based Quadrivalent Influenza Vaccine Seqirus,NA,NA,2,2
1017,837S0666,2024-05-28,27,Female,PA8,Secondary,NA,NA,2021-01-18,2021-07-19,NA,NA,NA,NA,NA,NA,NA,NA,>4,0
1018,837S0332,2024-05-23,67,Female,G73,Secondary,NA,NA,2021-07-17,2024-06-07,NA,NA,NA,NA,NA,NA,2024-11-21T00:00:00Z,Adjuvanted Quadrivalent Influenza Vaccine Seqirus,1,1
1019,837S0355,2024-05-22,63,Female,G53,Primary,NA,NA,2020-11-08,2022-01-04,NA,NA,NA,NA,NA,NA,NA,NA,>4,0
1020,837S0360,2024-05-22,52,Male,G61,Primary,NA,NA,2021-02-18,2021-02-18,NA,NA,NA,NA,NA,NA,NA,NA,>4,0
1021,837S0982,2024-05-30,64,Male,PA4,Secondary,2022-03-15,2022-03-15,2020-05-26,2020-05-26,2021-12-03T00:00:00Z,Flucelvax Tetra Vaccine Seqirus,2022-11-18T00:00:00Z,Cell-based Quadrivalent Influenza Vaccine Seqirus,2023-09-08T00:00:00Z,Cell-based Quadrivalent Influenza Vaccine Seqirus,2024-11-01T00:00:00Z,Adjuvanted Quadrivalent Influenza Vaccine Seqirus,1,4
1022,837S1472,2025-05-07,41,Female,G15,Primary,NA,NA,2020-10-03,2021-12-16,NA,NA,NA,NA,NA,NA,NA,NA,>4,0
1023,837S0917,2024-05-29,67,Female,G44,Primary,NA,NA,NA,NA,NA,NA,NA,NA,NA,NA,NA,NA,>4,0
1024,837S0230,2024-05-19,84,Female,G53,Secondary,2021-10-24,2021-10-24,2020-07-16,2023-12-22,2021-10-24T00:00:00Z,Fluad Tetra Vaccine Seqirus,2022-12-13T00:00:00Z,Adjuvanted Quadrivalent Influenza Vaccine Seqirus,2023-10-28T00:00:00Z,Adjuvanted Quadrivalent Influenza Vaccine Seqirus,NA,NA,2,3
1025,837S1328,2025-05-06,93,Male,PA1,Primary,NA,NA,2022-04-26,2025-01-06,2021-10-16T00:00:00Z,Fluad Tetra Vaccine Seqirus,2022-09-20T00:00:00Z,Adjuvanted Quadrivalent Influenza Vaccine Seqirus,2023-10-13T00:00:00Z,Adjuvanted Quadrivalent Influenza Vaccine Seqirus,2024-10-07T00:00:00Z,Adjuvanted Quadrivalent Influenza Vaccine Seqirus,1,4
1026,837S0460,2024-05-20,54,Female,G46,Secondary,NA,NA,NA,NA,NA,NA,2022-11-13T00:00:00Z,Cell-based Quadrivalent Influenza Vaccine Seqirus,2023-11-05T00:00:00Z,Cell-based Quadrivalent Influenza Vaccine Seqirus,2024-11-17T00:00:00Z,Cell-based Quadrivalent Influenza Vaccine Seqirus,1,3
1027,837S0658,2024-05-28,50,Male,G67,Secondary,NA,NA,NA,NA,NA,NA,NA,NA,NA,NA,NA,NA,>4,0
1028,837S0298,2024-05-21,80,Male,FK10,Unknown,NA,NA,NA,NA,2021-10-29T00:00:00Z,Fluad Tetra Vaccine Seqirus,2022-09-15T00:00:00Z,Adjuvanted Quadrivalent Influenza Vaccine Seqirus,2024-01-25T00:00:00Z,Adjuvanted Quadrivalent Influenza Vaccine Seqirus,2024-12-27T00:00:00Z,Adjuvanted Quadrivalent Influenza Vaccine Seqirus,1,4
1029,837S0002,2024-05-21,47,Male,G81,Secondary,NA,NA,NA,NA,NA,NA,NA,NA,NA,NA,NA,NA,>4,0
1030,837S0888,2024-05-30,57,Male,G13,Secondary,NA,NA,2021-06-03,2022-03-22,2021-12-01T00:00:00Z,Flucelvax Tetra Vaccine Seqirus,2022-10-30T00:00:00Z,Cell-based Quadrivalent Influenza Vaccine Seqirus,2023-11-08T00:00:00Z,Cell-based Quadrivalent Influenza Vaccine Seqirus,2024-11-25T00:00:00Z,Cell-based Quadrivalent Influenza Vaccine Seqirus,1,4
1031,837S0743,2024-05-29,51,Female,G84,Secondary,NA,NA,2020-05-27,2023-02-16,NA,NA,NA,NA,NA,NA,NA,NA,>4,0
1032,837S0997,2024-05-29,45,Female,G14,Primary,2021-01-14,2021-01-14,NA,NA,2021-10-08T00:00:00Z,Flucelvax Tetra Vaccine Seqirus,NA,NA,2023-09-29T00:00:00Z,Cell-based Quadrivalent Influenza Vaccine Seqirus,NA,NA,2,2
1033,837S0114,2024-05-21,93,Male,G43,Secondary,NA,NA,2021-12-29,2025-01-12,2021-10-10T00:00:00Z,Fluad Tetra Vaccine Seqirus,2022-09-23T00:00:00Z,Adjuvanted Quadrivalent Influenza Vaccine Seqirus,2024-01-26T00:00:00Z,Adjuvanted Quadrivalent Influenza Vaccine Seqirus,2024-11-04T00:00:00Z,Adjuvanted Quadrivalent Influenza Vaccine Seqirus,1,4
1034,837S0824,2024-05-30,51,Female,G52,Primary,NA,NA,2020-09-11,2020-09-11,NA,NA,NA,NA,NA,NA,NA,NA,>4,0
1035,837S0160,2024-05-21,78,Male,G46,Secondary,2022-03-23,2022-03-23,NA,NA,2021-10-21T00:00:00Z,Fluad Tetra Vaccine Seqirus,2022-09-25T00:00:00Z,Adjuvanted Quadrivalent Influenza Vaccine Seqirus,2023-11-05T00:00:00Z,Adjuvanted Quadrivalent Influenza Vaccine Seqirus,2024-10-27T00:00:00Z,Adjuvanted Quadrivalent Influenza Vaccine Seqirus,1,4
1036,837S0058,2024-05-21,24,Female,G46,Secondary,NA,NA,NA,NA,NA,NA,NA,NA,NA,NA,NA,NA,>4,0
1037,837S1287,2025-05-02,85,Female,G46,Primary,2022-04-27,2022-04-27,2020-05-28,2021-08-24,2021-10-23T00:00:00Z,Fluad Tetra Vaccine Seqirus,2022-09-25T00:00:00Z,Adjuvanted Quadrivalent Influenza Vaccine Seqirus,NA,NA,2024-10-26T00:00:00Z,Adjuvanted Quadrivalent Influenza Vaccine Seqirus,1,3
1038,837S0638,2024-05-28,35,Male,G61,Secondary,NA,NA,NA,NA,NA,NA,NA,NA,NA,NA,NA,NA,>4,0
1039,837S0637,2024-05-28,68,Male,FK7,Secondary,NA,NA,2024-06-01,2024-06-01,NA,NA,NA,NA,NA,NA,NA,NA,>4,0
1040,837S1003,2025-05-03,64,Male,G44,Secondary,NA,NA,2025-03-20,2025-04-10,2021-11-02T00:00:00Z,Flucelvax Tetra Vaccine Seqirus,2022-10-13T00:00:00Z,Cell-based Quadrivalent Influenza Vaccine Seqirus,2023-11-09T00:00:00Z,Cell-based Quadrivalent Influenza Vaccine Seqirus,2024-10-09T00:00:00Z,Cell-based Quadrivalent Influenza Vaccine Seqirus,1,4
1041,837S0540,2024-05-27,64,Female,G44,Secondary,NA,NA,NA,NA,2021-11-13T00:00:00Z,Flucelvax Tetra Vaccine Seqirus,2022-12-04T00:00:00Z,Cell-based Quadrivalent Influenza Vaccine Seqirus,2023-11-26T00:00:00Z,Cell-based Quadrivalent Influenza Vaccine Seqirus,2024-12-06T00:00:00Z,Adjuvanted Quadrivalent Influenza Vaccine Seqirus,1,4
1042,837S1035,2025-05-02,45,Female,G77,Primary,NA,NA,2022-11-10,2022-11-10,NA,NA,NA,NA,NA,NA,NA,NA,>4,0
1043,837S1159,2025-05-03,83,Male,G81,Secondary,NA,NA,2020-12-12,2022-04-28,2021-10-20T00:00:00Z,Fluad Tetra Vaccine Seqirus,2022-10-08T00:00:00Z,Adjuvanted Quadrivalent Influenza Vaccine Seqirus,2024-01-29T00:00:00Z,Adjuvanted Quadrivalent Influenza Vaccine Seqirus,2024-10-19T00:00:00Z,Adjuvanted Quadrivalent Influenza Vaccine Seqirus,1,4
1044,837S1489,2025-05-07,74,Female,G46,Primary,NA,NA,NA,NA,2021-10-16T00:00:00Z,Fluad Tetra Vaccine Seqirus,2022-10-15T00:00:00Z,Adjuvanted Quadrivalent Influenza Vaccine Seqirus,2023-10-14T00:00:00Z,Adjuvanted Quadrivalent Influenza Vaccine Seqirus,2024-11-23T00:00:00Z,Adjuvanted Quadrivalent Influenza Vaccine Seqirus,1,4
1045,837S0326,2024-05-23,94,Female,G81,Secondary,2021-12-29,2021-12-29,NA,NA,2021-10-07T00:00:00Z,Fluad Tetra Vaccine Seqirus,2022-09-24T00:00:00Z,Adjuvanted Quadrivalent Influenza Vaccine Seqirus,2023-10-23T00:00:00Z,Cell-based Quadrivalent Influenza Vaccine Seqirus,2024-10-12T00:00:00Z,Adjuvanted Quadrivalent Influenza Vaccine Seqirus,1,4
1046,837S0659,2024-05-27,68,Male,G15,Primary,NA,NA,2020-05-16,2021-10-22,2021-11-05T00:00:00Z,Fluad Tetra Vaccine Seqirus,2023-01-23T00:00:00Z,Adjuvanted Quadrivalent Influenza Vaccine Seqirus,NA,NA,NA,NA,3,2
1047,837S0345,2024-05-23,42,Male,G41,Primary,NA,NA,2021-05-23,2022-01-07,2021-12-06T00:00:00Z,Flucelvax Tetra Vaccine Seqirus,2022-10-24T00:00:00Z,Cell-based Quadrivalent Influenza Vaccine Seqirus,2023-11-14T00:00:00Z,Cell-based Quadrivalent Influenza Vaccine Seqirus,2024-11-09T00:00:00Z,Cell-based Quadrivalent Influenza Vaccine Seqirus,1,4
1048,837S0943,2024-05-30,62,Female,G40,Secondary,2022-03-24,2022-03-24,2020-04-27,2023-12-11,2021-10-16T00:00:00Z,Flucelvax Tetra Vaccine Seqirus,2022-10-08T00:00:00Z,Cell-based Quadrivalent Influenza Vaccine Seqirus,NA,NA,2024-10-17T00:00:00Z,Cell-based Quadrivalent Influenza Vaccine Seqirus,1,3
1049,837S1318,2025-05-06,82,Female,G53,Primary,NA,NA,2020-08-23,2023-07-13,NA,NA,NA,NA,NA,NA,NA,NA,>4,0
1050,837S0128,2024-05-21,73,Male,G52,Secondary,NA,NA,2020-12-01,2022-04-04,2021-10-04T00:00:00Z,Fluad Tetra Vaccine Seqirus,2022-10-13T00:00:00Z,Adjuvanted Quadrivalent Influenza Vaccine Seqirus,2023-11-25T00:00:00Z,Adjuvanted Quadrivalent Influenza Vaccine Seqirus,2025-01-08T00:00:00Z,Adjuvanted Quadrivalent Influenza Vaccine Seqirus,1,4
1051,837S0921,2024-05-30,80,Male,PA1,Secondary,NA,NA,2022-01-07,2024-07-15,2021-10-25T00:00:00Z,Fluad Tetra Vaccine Seqirus,2022-09-25T00:00:00Z,Adjuvanted Quadrivalent Influenza Vaccine Seqirus,2023-10-31T00:00:00Z,Adjuvanted Quadrivalent Influenza Vaccine Seqirus,NA,NA,2,3
1052,837S0311,2024-05-22,24,Female,G4,Primary,2021-12-21,2021-12-21,2021-03-15,2021-11-11,NA,NA,2022-12-08T00:00:00Z,Cell-based Quadrivalent Influenza Vaccine Seqirus,NA,NA,2024-10-02T00:00:00Z,Cell-based Quadrivalent Influenza Vaccine Seqirus,1,2
1053,837S1325,2025-05-06,42,Female,G78,Primary,NA,NA,2020-08-11,2022-01-28,2021-11-20T00:00:00Z,Flucelvax Tetra Vaccine Seqirus,2022-11-12T00:00:00Z,Cell-based Quadrivalent Influenza Vaccine Seqirus,2023-10-14T00:00:00Z,Cell-based Quadrivalent Influenza Vaccine Seqirus,2024-11-24T00:00:00Z,Cell-based Quadrivalent Influenza Vaccine Seqirus,1,4
1054,837S0859,2024-05-28,56,Male,G52,Secondary,NA,NA,2020-10-14,2021-10-10,2021-10-19T00:00:00Z,Flucelvax Tetra Vaccine Seqirus,2022-10-16T00:00:00Z,Cell-based Quadrivalent Influenza Vaccine Seqirus,2023-11-12T00:00:00Z,Cell-based Quadrivalent Influenza Vaccine Seqirus,2024-12-05T00:00:00Z,Cell-based Quadrivalent Influenza Vaccine Seqirus,1,4
1055,837S0755,2024-05-29,37,Female,G44,Primary,2022-04-05,2022-04-05,2021-08-01,2021-08-01,NA,NA,NA,NA,NA,NA,NA,NA,>4,0
1056,837S0867,2024-05-30,86,Female,G11,Secondary,2021-08-31,2021-08-31,2020-11-08,2020-11-08,2021-10-18T00:00:00Z,Fluad Tetra Vaccine Seqirus,2022-09-22T00:00:00Z,Adjuvanted Quadrivalent Influenza Vaccine Seqirus,2023-11-23T00:00:00Z,Adjuvanted Quadrivalent Influenza Vaccine Seqirus,2024-10-10T00:00:00Z,Adjuvanted Quadrivalent Influenza Vaccine Seqirus,1,4
1057,837S1009,2025-05-03,19,Female,G60,Secondary,2021-12-15,2021-12-15,2021-12-11,2021-12-11,NA,NA,NA,NA,NA,NA,NA,NA,>4,0
1058,837S0106,2024-05-21,25,Male,G81,Secondary,2021-07-01,2021-07-01,2021-06-28,2021-06-28,NA,NA,NA,NA,NA,NA,NA,NA,>4,0
1059,837S1269,2025-05-02,63,Female,G81,Primary,NA,NA,2021-10-04,2021-10-15,2021-11-20T00:00:00Z,Flucelvax Tetra Vaccine Seqirus,2022-11-27T00:00:00Z,Cell-based Quadrivalent Influenza Vaccine Seqirus,NA,NA,NA,NA,3,2
1060,837S1006,2025-05-02,33,Female,G23,Secondary,NA,NA,NA,NA,NA,NA,NA,NA,NA,NA,NA,NA,>4,0
1061,837S0229,2024-05-21,31,Female,G53,Primary,2021-12-26,2022-04-06,2021-12-19,2021-12-19,NA,NA,NA,NA,NA,NA,2025-02-04T00:00:00Z,Cell-based Quadrivalent Influenza Vaccine Seqirus,1,1
1062,837S0212,2024-05-21,61,Male,G12,Secondary,NA,NA,2021-04-25,2022-05-28,2021-12-01T00:00:00Z,Flucelvax Tetra Vaccine Seqirus,2022-12-21T00:00:00Z,Cell-based Quadrivalent Influenza Vaccine Seqirus,NA,NA,NA,NA,3,2
1063,837S0605,2024-05-27,75,Female,G43,Secondary,2021-08-09,2021-08-09,2020-10-11,2020-10-11,2021-10-23T00:00:00Z,Fluad Tetra Vaccine Seqirus,2022-10-13T00:00:00Z,Adjuvanted Quadrivalent Influenza Vaccine Seqirus,2023-11-18T00:00:00Z,Adjuvanted Quadrivalent Influenza Vaccine Seqirus,2024-11-09T00:00:00Z,Adjuvanted Quadrivalent Influenza Vaccine Seqirus,1,4
1064,837S0331,2024-05-21,19,Male,G2,Secondary,NA,NA,2025-03-04,2025-03-04,NA,NA,NA,NA,NA,NA,NA,NA,>4,0
1065,837S0012,2024-05-21,69,Male,G72,Secondary,NA,NA,NA,NA,NA,NA,NA,NA,NA,NA,NA,NA,>4,0
1066,837S0433,2024-05-22,65,Female,G53,Primary,NA,NA,2021-08-20,2021-08-20,NA,NA,2022-11-04T00:00:00Z,Cell-based Quadrivalent Influenza Vaccine Seqirus,NA,NA,2024-11-09T00:00:00Z,Adjuvanted Quadrivalent Influenza Vaccine Seqirus,1,2
1067,837S1134,2025-05-03,81,Male,PA5,Secondary,2021-10-04,2021-10-04,2021-02-18,2024-08-24,2021-10-24T00:00:00Z,Fluad Tetra Vaccine Seqirus,2022-10-03T00:00:00Z,Adjuvanted Quadrivalent Influenza Vaccine Seqirus,2023-11-20T00:00:00Z,Adjuvanted Quadrivalent Influenza Vaccine Seqirus,2024-10-01T00:00:00Z,Adjuvanted Quadrivalent Influenza Vaccine Seqirus,1,4
1068,837S0461,2024-05-22,57,Female,G81,Secondary,NA,NA,NA,NA,2021-12-08T00:00:00Z,Flucelvax Tetra Vaccine Seqirus,NA,NA,NA,NA,NA,NA,4,1
1069,837S0452,2024-05-23,84,Male,PA4,Secondary,NA,NA,2020-11-20,2024-05-24,2021-10-23T00:00:00Z,Fluad Tetra Vaccine Seqirus,2022-09-17T00:00:00Z,Adjuvanted Quadrivalent Influenza Vaccine Seqirus,2023-11-03T00:00:00Z,Adjuvanted Quadrivalent Influenza Vaccine Seqirus,2024-10-11T00:00:00Z,Adjuvanted Quadrivalent Influenza Vaccine Seqirus,1,4
1070,837S0951,2024-05-30,60,Male,G78,Secondary,NA,NA,2022-01-05,2022-01-05,NA,NA,2022-11-11T00:00:00Z,Cell-based Quadrivalent Influenza Vaccine Seqirus,NA,NA,NA,NA,3,1
1071,837S0112,2024-05-21,34,Male,G52,Secondary,2024-01-04,2024-01-04,2021-05-15,2022-04-12,2021-11-12T00:00:00Z,Flucelvax Tetra Vaccine Seqirus,NA,NA,NA,NA,NA,NA,4,1
1071,837S0157,2024-05-22,34,Male,G52,Secondary,2024-01-04,2024-01-04,2021-05-15,2022-04-12,2021-11-12T00:00:00Z,Flucelvax Tetra Vaccine Seqirus,NA,NA,NA,NA,NA,NA,4,1
1072,837S0506,2024-05-27,58,Male,ML3,Secondary,NA,NA,2020-07-24,2022-04-17,NA,NA,NA,NA,NA,NA,NA,NA,>4,0
1073,837S0738,2024-05-29,88,Male,G77,Primary,2024-09-07,2024-09-07,2020-11-13,2022-11-12,2021-10-14T00:00:00Z,Fluad Tetra Vaccine Seqirus,2022-09-27T00:00:00Z,Adjuvanted Quadrivalent Influenza Vaccine Seqirus,2023-11-25T00:00:00Z,Adjuvanted Quadrivalent Influenza Vaccine Seqirus,2024-10-07T00:00:00Z,Adjuvanted Quadrivalent Influenza Vaccine Seqirus,1,4
1074,837S0119,2024-05-21,61,Female,G52,Secondary,2022-10-21,2022-11-01,2020-11-02,2023-05-24,NA,NA,NA,NA,NA,NA,NA,NA,>4,0
1075,837S1106,2025-05-02,61,Female,G4,Primary,NA,NA,2021-01-15,2021-01-15,2021-11-30T00:00:00Z,Flucelvax Tetra Vaccine Seqirus,2022-10-24T00:00:00Z,Cell-based Quadrivalent Influenza Vaccine Seqirus,NA,NA,NA,NA,3,2
1076,837S1442,2025-05-07,74,Female,G51,Primary,2020-04-04,2020-04-04,2021-06-22,2022-06-15,2021-10-01T00:00:00Z,Fluad Tetra Vaccine Seqirus,2022-10-09T00:00:00Z,Adjuvanted Quadrivalent Influenza Vaccine Seqirus,2023-10-30T00:00:00Z,Adjuvanted Quadrivalent Influenza Vaccine Seqirus,2024-10-26T00:00:00Z,Adjuvanted Quadrivalent Influenza Vaccine Seqirus,1,4
1077,837S1336,2025-05-06,84,Male,G5,Primary,NA,NA,2021-06-13,2021-12-21,2021-10-11T00:00:00Z,Fluad Tetra Vaccine Seqirus,2022-09-20T00:00:00Z,Adjuvanted Quadrivalent Influenza Vaccine Seqirus,2023-10-23T00:00:00Z,Adjuvanted Quadrivalent Influenza Vaccine Seqirus,2024-10-26T00:00:00Z,Adjuvanted Quadrivalent Influenza Vaccine Seqirus,1,4
1078,837S1139,2025-05-03,70,Male,G52,Secondary,NA,NA,2020-08-24,2025-05-25,2022-02-11T00:00:00Z,Fluad Tetra Vaccine Seqirus,2022-11-08T00:00:00Z,Adjuvanted Quadrivalent Influenza Vaccine Seqirus,2023-11-10T00:00:00Z,Adjuvanted Quadrivalent Influenza Vaccine Seqirus,2024-10-26T00:00:00Z,Adjuvanted Quadrivalent Influenza Vaccine Seqirus,1,4
1079,837S0150,2024-05-21,48,Male,G51,Secondary,NA,NA,2020-08-26,2021-04-07,NA,NA,NA,NA,NA,NA,NA,NA,>4,0
1080,837S0442,2024-05-23,71,Female,G61,Secondary,NA,NA,2021-10-17,2024-08-07,2021-09-27T00:00:00Z,Fluad Tetra Vaccine Seqirus,2022-10-24T00:00:00Z,Cell-based Quadrivalent Influenza Vaccine Seqirus,2023-10-25T00:00:00Z,Adjuvanted Quadrivalent Influenza Vaccine Seqirus,2024-10-09T00:00:00Z,Adjuvanted Quadrivalent Influenza Vaccine Seqirus,1,4
1081,837S0095,2024-05-21,44,Female,G44,Secondary,NA,NA,2021-08-30,2021-08-30,2021-12-07T00:00:00Z,Flucelvax Tetra Vaccine Seqirus,2022-10-24T00:00:00Z,Cell-based Quadrivalent Influenza Vaccine Seqirus,2023-11-30T00:00:00Z,Cell-based Quadrivalent Influenza Vaccine Seqirus,2024-12-05T00:00:00Z,Cell-based Quadrivalent Influenza Vaccine Seqirus,1,4
1082,837S0025,2024-05-21,91,Female,G62,Secondary,2023-03-26,2023-03-26,2023-03-14,2023-03-14,NA,NA,NA,NA,NA,NA,NA,NA,>4,0
1083,837S1084,2025-05-03,25,Female,G81,Secondary,NA,NA,2020-11-06,2022-01-16,NA,NA,NA,NA,NA,NA,NA,NA,>4,0
1084,837S1136,2025-05-02,42,Male,G44,Primary,NA,NA,2021-06-27,2022-03-18,NA,NA,NA,NA,NA,NA,NA,NA,>4,0
1085,837S1311,2025-05-06,51,Male,G12,Primary,NA,NA,2021-02-23,2021-08-22,NA,NA,NA,NA,NA,NA,NA,NA,>4,0
1086,837S1039,2025-05-02,69,Male,G13,Primary,NA,NA,2021-08-30,2025-04-01,2021-11-12T00:00:00Z,Fluad Tetra Vaccine Seqirus,2022-10-14T00:00:00Z,Adjuvanted Quadrivalent Influenza Vaccine Seqirus,2023-11-08T00:00:00Z,Adjuvanted Quadrivalent Influenza Vaccine Seqirus,2024-10-10T00:00:00Z,Adjuvanted Quadrivalent Influenza Vaccine Seqirus,1,4
1087,837S0530,2024-05-28,63,Female,G52,Primary,NA,NA,NA,NA,2021-09-26T00:00:00Z,Flucelvax Tetra Vaccine Seqirus,2022-09-08T00:00:00Z,Cell-based Quadrivalent Influenza Vaccine Seqirus,2023-09-13T00:00:00Z,Cell-based Quadrivalent Influenza Vaccine Seqirus,2024-10-19T00:00:00Z,Cell-based Quadrivalent Influenza Vaccine Seqirus,1,4
1088,837S1067,2025-05-03,75,Female,G32,Secondary,NA,NA,2021-12-06,2021-12-06,2021-11-02T00:00:00Z,Fluad Tetra Vaccine Seqirus,2022-11-13T00:00:00Z,Adjuvanted Quadrivalent Influenza Vaccine Seqirus,2023-12-03T00:00:00Z,Adjuvanted Quadrivalent Influenza Vaccine Seqirus,NA,NA,2,3
1089,837S1240,2025-05-03,64,Male,G83,Secondary,NA,NA,NA,NA,2021-11-26T00:00:00Z,Flucelvax Tetra Vaccine Seqirus,2022-10-08T00:00:00Z,Cell-based Quadrivalent Influenza Vaccine Seqirus,2023-09-30T00:00:00Z,Cell-based Quadrivalent Influenza Vaccine Seqirus,NA,NA,2,3
1090,837S0340,2024-05-23,37,Female,G61,Secondary,NA,NA,2020-12-31,2021-12-08,2021-12-06T00:00:00Z,Flucelvax Tetra Vaccine Seqirus,NA,NA,NA,NA,NA,NA,4,1
1091,837S0802,2024-05-29,36,Female,G52,Primary,2020-11-01,2020-11-01,2021-10-12,2024-03-31,NA,NA,NA,NA,NA,NA,NA,NA,>4,0
1092,837S1075,2025-05-02,80,Male,G81,Primary,2021-08-31,2021-08-31,2021-04-04,2021-07-06,2021-10-31T00:00:00Z,Fluad Tetra Vaccine Seqirus,2022-10-30T00:00:00Z,Adjuvanted Quadrivalent Influenza Vaccine Seqirus,2023-10-15T00:00:00Z,Adjuvanted Quadrivalent Influenza Vaccine Seqirus,2024-10-06T00:00:00Z,Adjuvanted Quadrivalent Influenza Vaccine Seqirus,1,4
1093,837S0690,2024-05-27,76,Female,G11,Primary,2021-09-09,2021-09-09,2021-05-31,2021-05-31,2021-10-21T00:00:00Z,Fluad Tetra Vaccine Seqirus,2022-10-14T00:00:00Z,Adjuvanted Quadrivalent Influenza Vaccine Seqirus,2023-11-07T00:00:00Z,Adjuvanted Quadrivalent Influenza Vaccine Seqirus,2024-11-19T00:00:00Z,Adjuvanted Quadrivalent Influenza Vaccine Seqirus,1,4
1094,837S0597,2024-05-28,71,Male,G14,Secondary,NA,NA,2021-11-13,2022-02-13,2021-11-18T00:00:00Z,Fluad Tetra Vaccine Seqirus,2022-10-07T00:00:00Z,Adjuvanted Quadrivalent Influenza Vaccine Seqirus,2023-09-26T00:00:00Z,Adjuvanted Quadrivalent Influenza Vaccine Seqirus,2024-11-05T00:00:00Z,Adjuvanted Quadrivalent Influenza Vaccine Seqirus,1,4
1095,837S0640,2024-05-28,82,Female,G42,Secondary,NA,NA,2023-11-24,2025-01-11,2021-11-20T00:00:00Z,Fluad Tetra Vaccine Seqirus,2022-11-16T00:00:00Z,Adjuvanted Quadrivalent Influenza Vaccine Seqirus,NA,NA,NA,NA,3,2
1096,837S0432,2024-05-22,60,Male,FK10,Secondary,NA,NA,NA,NA,NA,NA,NA,NA,NA,NA,NA,NA,>4,0
1097,837S1431,2025-05-07,64,Male,G53,Primary,NA,NA,NA,NA,NA,NA,NA,NA,NA,NA,NA,NA,>4,0
1098,837S0905,2024-05-30,50,Male,G73,Secondary,NA,NA,NA,NA,NA,NA,NA,NA,NA,NA,NA,NA,>4,0
1099,837S1097,2025-05-03,72,Female,PA5,Secondary,NA,NA,2022-03-05,2022-03-05,2021-12-07T00:00:00Z,Flucelvax Tetra Vaccine Seqirus,2022-10-25T00:00:00Z,Adjuvanted Quadrivalent Influenza Vaccine Seqirus,2023-12-05T00:00:00Z,Adjuvanted Quadrivalent Influenza Vaccine Seqirus,NA,NA,2,3
1100,837S0079,2024-05-21,41,Male,PA4,Secondary,NA,NA,2021-12-09,2025-06-13,2021-11-17T00:00:00Z,Flucelvax Tetra Vaccine Seqirus,2022-11-16T00:00:00Z,Cell-based Quadrivalent Influenza Vaccine Seqirus,2023-11-02T00:00:00Z,Cell-based Quadrivalent Influenza Vaccine Seqirus,NA,NA,2,3
1101,837S0612,2024-05-28,49,Male,G46,Secondary,2021-09-15,2021-09-15,2021-09-11,2021-09-11,2021-11-24T00:00:00Z,Flucelvax Tetra Vaccine Seqirus,2022-11-17T00:00:00Z,Cell-based Quadrivalent Influenza Vaccine Seqirus,2023-11-26T00:00:00Z,Cell-based Quadrivalent Influenza Vaccine Seqirus,NA,NA,2,3
1102,837S0417,2024-05-21,71,Female,G61,Primary,NA,NA,NA,NA,2021-11-10T00:00:00Z,Fluad Tetra Vaccine Seqirus,2022-10-04T00:00:00Z,Adjuvanted Quadrivalent Influenza Vaccine Seqirus,NA,NA,NA,NA,3,2
1103,837S0941,2024-05-30,73,Male,G53,Secondary,2023-05-23,2023-05-23,2020-03-19,2023-09-15,2021-10-30T00:00:00Z,Fluad Tetra Vaccine Seqirus,2022-09-14T00:00:00Z,Adjuvanted Quadrivalent Influenza Vaccine Seqirus,2023-11-06T00:00:00Z,Adjuvanted Quadrivalent Influenza Vaccine Seqirus,NA,NA,2,3
1104,837S1187,2025-05-02,92,Female,G46,Primary,NA,NA,2022-04-07,2025-04-01,2021-10-13T00:00:00Z,Fluad Tetra Vaccine Seqirus,2022-09-23T00:00:00Z,Adjuvanted Quadrivalent Influenza Vaccine Seqirus,2023-10-28T00:00:00Z,Adjuvanted Quadrivalent Influenza Vaccine Seqirus,2024-10-20T00:00:00Z,Adjuvanted Quadrivalent Influenza Vaccine Seqirus,1,4
1105,837S1149,2025-05-03,76,Female,G51,Secondary,NA,NA,NA,NA,2021-11-06T00:00:00Z,Fluad Tetra Vaccine Seqirus,2022-10-06T00:00:00Z,Adjuvanted Quadrivalent Influenza Vaccine Seqirus,NA,NA,2024-10-12T00:00:00Z,Adjuvanted Quadrivalent Influenza Vaccine Seqirus,1,3
1106,837S0692,2024-05-27,42,Male,G46,Primary,2021-10-18,2021-10-18,2021-08-11,2023-09-21,NA,NA,NA,NA,NA,NA,NA,NA,>4,0
1107,837S1014,2025-05-03,67,Female,G46,Secondary,NA,NA,NA,NA,2021-11-27T00:00:00Z,Flucelvax Tetra Vaccine Seqirus,NA,NA,NA,NA,NA,NA,4,1
1108,837S0635,2024-05-28,60,Male,G73,Secondary,NA,NA,NA,NA,NA,NA,NA,NA,NA,NA,NA,NA,>4,0
1109,837S0414,2024-05-22,42,Female,G60,Primary,2021-08-31,2021-08-31,2020-10-08,2022-04-18,NA,NA,2023-01-17T00:00:00Z,Cell-based Quadrivalent Influenza Vaccine Seqirus,NA,NA,NA,NA,3,1
1110,837S0088,2024-05-21,74,Male,G46,Secondary,NA,NA,2020-09-22,2021-06-10,NA,NA,2022-11-27T00:00:00Z,Adjuvanted Quadrivalent Influenza Vaccine Seqirus,2023-12-30T00:00:00Z,Adjuvanted Quadrivalent Influenza Vaccine Seqirus,2024-12-29T00:00:00Z,Adjuvanted Quadrivalent Influenza Vaccine Seqirus,1,3
1111,837S0225,2024-05-21,59,Female,G11,Primary,NA,NA,NA,NA,2021-12-12T00:00:00Z,Flucelvax Tetra Vaccine Seqirus,2022-11-04T00:00:00Z,Cell-based Quadrivalent Influenza Vaccine Seqirus,2023-09-07T00:00:00Z,Cell-based Quadrivalent Influenza Vaccine Seqirus,2024-12-10T00:00:00Z,Cell-based Quadrivalent Influenza Vaccine Seqirus,1,4
1112,837S0320,2024-05-21,43,Male,G52,Secondary,NA,NA,NA,NA,NA,NA,NA,NA,NA,NA,2024-12-22T00:00:00Z,Cell-based Quadrivalent Influenza Vaccine Seqirus,1,1
1113,837S0994,2024-05-30,44,Female,ML5,Unknown,NA,NA,NA,NA,NA,NA,NA,NA,NA,NA,NA,NA,>4,0
1114,837S0454,2024-05-23,77,Male,G61,Secondary,NA,NA,2022-11-01,2022-11-01,2021-10-30T00:00:00Z,Fluad Tetra Vaccine Seqirus,2022-09-23T00:00:00Z,Adjuvanted Quadrivalent Influenza Vaccine Seqirus,2023-11-02T00:00:00Z,Adjuvanted Quadrivalent Influenza Vaccine Seqirus,2024-10-24T00:00:00Z,Adjuvanted Quadrivalent Influenza Vaccine Seqirus,1,4
1115,837S0616,2024-05-27,65,Male,G76,Secondary,NA,NA,NA,NA,2021-11-24T00:00:00Z,Flucelvax Tetra Vaccine Seqirus,2022-11-27T00:00:00Z,Cell-based Quadrivalent Influenza Vaccine Seqirus,NA,NA,NA,NA,3,2
1116,837S0299,2024-05-22,34,Female,G81,Secondary,NA,NA,2021-08-03,2022-03-13,NA,NA,NA,NA,2023-12-05T00:00:00Z,Cell-based Quadrivalent Influenza Vaccine Seqirus,NA,NA,2,1
1117,837S0861,2024-05-30,75,Male,G82,Secondary,2022-01-28,2022-01-28,2022-01-15,2025-01-08,2021-11-14T00:00:00Z,Fluad Tetra Vaccine Seqirus,2022-10-09T00:00:00Z,Adjuvanted Quadrivalent Influenza Vaccine Seqirus,2023-11-12T00:00:00Z,Adjuvanted Quadrivalent Influenza Vaccine Seqirus,NA,NA,2,3
1118,837S0059,2024-05-17,71,Female,G13,Secondary,NA,NA,2021-05-10,2021-11-08,2021-09-29T00:00:00Z,Fluad Tetra Vaccine Seqirus,2022-10-18T00:00:00Z,Adjuvanted Quadrivalent Influenza Vaccine Seqirus,2023-10-18T00:00:00Z,Adjuvanted Quadrivalent Influenza Vaccine Seqirus,2024-10-20T00:00:00Z,Adjuvanted Quadrivalent Influenza Vaccine Seqirus,1,4
1119,837S0570,2024-05-28,51,Male,G3,Secondary,NA,NA,2021-09-08,2021-09-08,NA,NA,NA,NA,NA,NA,NA,NA,>4,0
1120,837S0482,2024-05-22,33,Female,G52,Primary,2020-09-15,2020-09-15,2021-08-10,2022-06-07,NA,NA,NA,NA,NA,NA,NA,NA,>4,0
1121,837S0898,2024-05-29,55,Female,G60,Secondary,2022-01-04,2022-01-04,2021-10-19,2021-12-15,2021-11-03T00:00:00Z,Flucelvax Tetra Vaccine Seqirus,2022-11-28T00:00:00Z,Cell-based Quadrivalent Influenza Vaccine Seqirus,2023-09-09T00:00:00Z,Cell-based Quadrivalent Influenza Vaccine Seqirus,2025-01-05T00:00:00Z,Cell-based Quadrivalent Influenza Vaccine Seqirus,1,4
1122,837S0045,2024-05-21,75,Female,G81,Secondary,NA,NA,NA,NA,2021-11-28T00:00:00Z,Fluad Tetra Vaccine Seqirus,NA,NA,NA,NA,NA,NA,4,1
1123,837S1254,2025-05-03,74,Female,G52,Secondary,NA,NA,NA,NA,2021-11-16T00:00:00Z,Fluad Tetra Vaccine Seqirus,2022-09-27T00:00:00Z,Adjuvanted Quadrivalent Influenza Vaccine Seqirus,2023-11-20T00:00:00Z,Adjuvanted Quadrivalent Influenza Vaccine Seqirus,2024-11-21T00:00:00Z,Adjuvanted Quadrivalent Influenza Vaccine Seqirus,1,4
1124,837S0474,2024-05-21,63,Female,G11,Primary,NA,NA,2021-06-21,2021-12-22,2021-09-30T00:00:00Z,Flucelvax Tetra Vaccine Seqirus,2022-10-29T00:00:00Z,Cell-based Quadrivalent Influenza Vaccine Seqirus,2023-11-07T00:00:00Z,Cell-based Quadrivalent Influenza Vaccine Seqirus,2024-11-05T00:00:00Z,Cell-based Quadrivalent Influenza Vaccine Seqirus,1,4
1125,837S0336,2024-05-22,31,Female,G41,Primary,NA,NA,2021-07-06,2021-12-06,NA,NA,NA,NA,NA,NA,NA,NA,>4,0
1126,837S0767,2024-05-30,32,Male,G53,Secondary,2021-01-12,2021-01-12,2021-07-07,2021-09-06,NA,NA,NA,NA,NA,NA,NA,NA,>4,0
1127,837S0116,2024-05-21,41,Female,PA7,Secondary,2022-03-14,2022-03-14,2021-08-28,2022-01-21,NA,NA,NA,NA,NA,NA,NA,NA,>4,0
1128,837S1023,2025-05-03,62,Male,G45,Secondary,NA,NA,2020-06-20,2025-01-06,2021-09-26T00:00:00Z,Flucelvax Tetra Vaccine Seqirus,2022-10-27T00:00:00Z,Cell-based Quadrivalent Influenza Vaccine Seqirus,2023-10-29T00:00:00Z,Cell-based Quadrivalent Influenza Vaccine Seqirus,2024-12-06T00:00:00Z,Cell-based Quadrivalent Influenza Vaccine Seqirus,1,4
1129,837S1419,2025-05-07,54,Male,PA5,Secondary,NA,NA,2021-03-20,2023-12-29,2021-12-10T00:00:00Z,Flucelvax Tetra Vaccine Seqirus,2022-11-15T00:00:00Z,Cell-based Quadrivalent Influenza Vaccine Seqirus,NA,NA,NA,NA,3,2
1130,837S0967,2024-05-29,83,Male,G43,Primary,NA,NA,2022-06-13,2022-06-13,NA,NA,NA,NA,NA,NA,NA,NA,>4,0
1131,837S0231,2024-05-21,52,Male,G46,Primary,NA,NA,NA,NA,NA,NA,NA,NA,NA,NA,NA,NA,>4,0
1132,837S1220,2025-05-03,91,Male,G61,Secondary,2021-08-22,2021-08-22,2020-10-19,2020-10-19,2021-10-14T00:00:00Z,Fluad Tetra Vaccine Seqirus,2022-10-06T00:00:00Z,Adjuvanted Quadrivalent Influenza Vaccine Seqirus,2023-10-02T00:00:00Z,Adjuvanted Quadrivalent Influenza Vaccine Seqirus,2024-11-11T00:00:00Z,Adjuvanted Quadrivalent Influenza Vaccine Seqirus,1,4
1133,837S0985,2024-05-30,47,Female,G78,Secondary,NA,NA,2022-03-28,2022-03-28,2021-12-11T00:00:00Z,Flucelvax Tetra Vaccine Seqirus,2022-11-04T00:00:00Z,Cell-based Quadrivalent Influenza Vaccine Seqirus,2023-10-23T00:00:00Z,Cell-based Quadrivalent Influenza Vaccine Seqirus,2024-11-23T00:00:00Z,Cell-based Quadrivalent Influenza Vaccine Seqirus,1,4
1134,837S0429,2024-05-23,36,Female,G14,Secondary,2021-02-11,2021-02-11,2021-12-13,2024-02-07,2021-11-09T00:00:00Z,Flucelvax Tetra Vaccine Seqirus,2022-10-17T00:00:00Z,Cell-based Quadrivalent Influenza Vaccine Seqirus,NA,NA,2024-11-05T00:00:00Z,Cell-based Quadrivalent Influenza Vaccine Seqirus,1,3
1135,837S0047,2024-05-21,76,Male,G41,Secondary,NA,NA,2021-09-24,2025-01-08,2021-11-10T00:00:00Z,Fluad Tetra Vaccine Seqirus,2022-09-09T00:00:00Z,Cell-based Quadrivalent Influenza Vaccine Seqirus,2023-10-06T00:00:00Z,Adjuvanted Quadrivalent Influenza Vaccine Seqirus,NA,NA,2,3
1136,837S1129,2025-05-02,43,Female,G46,Primary,NA,NA,2021-05-11,2021-12-21,NA,NA,NA,NA,NA,NA,NA,NA,>4,0
1137,837S0358,2024-05-22,81,Female,G52,Primary,NA,NA,2020-07-02,2021-12-11,2021-10-24T00:00:00Z,Fluad Tetra Vaccine Seqirus,2022-09-27T00:00:00Z,Cell-based Quadrivalent Influenza Vaccine Seqirus,NA,NA,NA,NA,3,2
1138,837S0970,2024-05-30,72,Female,G52,Secondary,NA,NA,NA,NA,2021-11-01T00:00:00Z,Fluad Tetra Vaccine Seqirus,2022-11-17T00:00:00Z,Adjuvanted Quadrivalent Influenza Vaccine Seqirus,2023-11-01T00:00:00Z,Adjuvanted Quadrivalent Influenza Vaccine Seqirus,NA,NA,2,3
1139,837S0996,2024-05-28,35,Female,G4,Primary,NA,NA,NA,NA,NA,NA,NA,NA,NA,NA,NA,NA,>4,0
1140,837S0348,2024-05-23,78,Female,G52,Primary,NA,NA,2020-09-17,2021-07-21,2021-10-18T00:00:00Z,Fluad Tetra Vaccine Seqirus,2022-09-29T00:00:00Z,Adjuvanted Quadrivalent Influenza Vaccine Seqirus,2023-11-17T00:00:00Z,Adjuvanted Quadrivalent Influenza Vaccine Seqirus,2024-10-24T00:00:00Z,Adjuvanted Quadrivalent Influenza Vaccine Seqirus,1,4
1141,837S0121,2024-05-21,20,Female,G81,Secondary,NA,NA,NA,NA,NA,NA,NA,NA,NA,NA,NA,NA,>4,0
1142,837S0216,2024-05-21,28,Male,G61,Primary,NA,NA,2022-01-06,2022-01-06,NA,NA,NA,NA,NA,NA,NA,NA,>4,0
1143,837S1157,2025-05-03,81,Female,G76,Secondary,NA,NA,NA,NA,2021-10-30T00:00:00Z,Fluad Tetra Vaccine Seqirus,2022-10-02T00:00:00Z,Adjuvanted Quadrivalent Influenza Vaccine Seqirus,2023-09-23T00:00:00Z,Adjuvanted Quadrivalent Influenza Vaccine Seqirus,2024-10-09T00:00:00Z,Adjuvanted Quadrivalent Influenza Vaccine Seqirus,1,4
1144,837S0044,2024-05-22,29,Male,G42,Secondary,NA,NA,2020-09-03,2021-12-20,NA,NA,2022-11-17T00:00:00Z,Cell-based Quadrivalent Influenza Vaccine Seqirus,NA,NA,NA,NA,3,1
1145,837S1316,2025-05-07,75,Female,G73,Secondary,NA,NA,NA,NA,NA,NA,NA,NA,NA,NA,NA,NA,>4,0
1146,837S1209,2025-05-03,63,Male,G13,Secondary,2021-01-09,2021-01-09,2020-11-30,2020-12-21,2021-11-17T00:00:00Z,Flucelvax Tetra Vaccine Seqirus,2022-11-24T00:00:00Z,Cell-based Quadrivalent Influenza Vaccine Seqirus,NA,NA,NA,NA,3,2
1147,837S1359,2025-05-06,89,Female,G44,Primary,NA,NA,NA,NA,2021-10-12T00:00:00Z,Fluad Tetra Vaccine Seqirus,2022-09-22T00:00:00Z,Adjuvanted Quadrivalent Influenza Vaccine Seqirus,2023-10-22T00:00:00Z,Cell-based Quadrivalent Influenza Vaccine Seqirus,2024-10-19T00:00:00Z,Adjuvanted Quadrivalent Influenza Vaccine Seqirus,1,4
1148,837S0001,2024-05-21,74,Female,G46,Secondary,2020-12-23,2020-12-23,2020-11-09,2025-03-06,2021-11-28T00:00:00Z,Fluad Tetra Vaccine Seqirus,2022-11-04T00:00:00Z,Adjuvanted Quadrivalent Influenza Vaccine Seqirus,2023-10-22T00:00:00Z,Adjuvanted Quadrivalent Influenza Vaccine Seqirus,2024-11-04T00:00:00Z,Adjuvanted Quadrivalent Influenza Vaccine Seqirus,1,4
1149,837S0525,2024-05-27,58,Female,G53,Primary,NA,NA,NA,NA,NA,NA,NA,NA,NA,NA,NA,NA,>4,0
1150,837S0677,2024-05-24,60,Male,G51,Primary,NA,NA,NA,NA,NA,NA,2022-11-26T00:00:00Z,Cell-based Quadrivalent Influenza Vaccine Seqirus,2023-09-30T00:00:00Z,Cell-based Quadrivalent Influenza Vaccine Seqirus,2024-11-02T00:00:00Z,Cell-based Quadrivalent Influenza Vaccine Seqirus,1,3
1151,837S1033,2025-05-02,69,Male,G60,Primary,NA,NA,NA,NA,NA,NA,NA,NA,NA,NA,NA,NA,>4,0
1152,837S0674,2024-05-28,20,Female,G46,Secondary,NA,NA,2020-12-02,2020-12-02,NA,NA,2022-11-18T00:00:00Z,Cell-based Quadrivalent Influenza Vaccine Seqirus,2023-10-29T00:00:00Z,Cell-based Quadrivalent Influenza Vaccine Seqirus,NA,NA,2,2
1153,837S0864,2024-05-30,87,Female,G61,Secondary,NA,NA,NA,NA,2021-10-12T00:00:00Z,Fluad Tetra Vaccine Seqirus,2022-10-14T00:00:00Z,Adjuvanted Quadrivalent Influenza Vaccine Seqirus,2023-10-26T00:00:00Z,Adjuvanted Quadrivalent Influenza Vaccine Seqirus,2024-10-03T00:00:00Z,Adjuvanted Quadrivalent Influenza Vaccine Seqirus,1,4
1154,837S0516,2024-05-28,63,Female,G11,Secondary,NA,NA,2021-07-20,2021-07-20,2021-09-27T00:00:00Z,Flucelvax Tetra Vaccine Seqirus,2022-12-15T00:00:00Z,Cell-based Quadrivalent Influenza Vaccine Seqirus,2023-11-09T00:00:00Z,Cell-based Quadrivalent Influenza Vaccine Seqirus,2024-11-09T00:00:00Z,Cell-based Quadrivalent Influenza Vaccine Seqirus,1,4
1155,837S1027,2025-05-02,43,Female,G77,Primary,2020-11-29,2020-11-29,2022-01-20,2022-04-12,2021-10-17T00:00:00Z,Flucelvax Tetra Vaccine Seqirus,2022-09-10T00:00:00Z,Cell-based Quadrivalent Influenza Vaccine Seqirus,NA,NA,NA,NA,3,2
1156,837S0104,2024-05-21,43,Female,PA4,Secondary,NA,NA,2021-09-09,2021-12-08,2021-10-20T00:00:00Z,Flucelvax Tetra Vaccine Seqirus,2022-11-17T00:00:00Z,Cell-based Quadrivalent Influenza Vaccine Seqirus,2023-12-02T00:00:00Z,Cell-based Quadrivalent Influenza Vaccine Seqirus,2024-12-13T00:00:00Z,Cell-based Quadrivalent Influenza Vaccine Seqirus,1,4
1157,837S1031,2025-05-02,67,Male,G41,Primary,NA,NA,2021-05-21,2021-10-10,2021-11-24T00:00:00Z,Flucelvax Tetra Vaccine Seqirus,2022-10-11T00:00:00Z,Adjuvanted Quadrivalent Influenza Vaccine Seqirus,2023-11-07T00:00:00Z,Adjuvanted Quadrivalent Influenza Vaccine Seqirus,2024-12-21T00:00:00Z,Adjuvanted Quadrivalent Influenza Vaccine Seqirus,1,4
1158,837S0998,2024-05-30,82,Male,G13,Secondary,NA,NA,2021-12-17,2021-12-17,2021-10-20T00:00:00Z,Fluad Tetra Vaccine Seqirus,2022-10-01T00:00:00Z,Adjuvanted Quadrivalent Influenza Vaccine Seqirus,2023-10-16T00:00:00Z,Adjuvanted Quadrivalent Influenza Vaccine Seqirus,2024-10-14T00:00:00Z,Adjuvanted Quadrivalent Influenza Vaccine Seqirus,1,4
1159,837S0737,2024-05-23,60,Female,G46,Secondary,NA,NA,NA,NA,NA,NA,NA,NA,NA,NA,NA,NA,>4,0
1160,837S0649,2024-05-28,82,Male,G61,Secondary,2023-07-29,2023-07-29,2021-09-26,2025-01-08,2021-11-03T00:00:00Z,Fluad Tetra Vaccine Seqirus,2022-10-08T00:00:00Z,Adjuvanted Quadrivalent Influenza Vaccine Seqirus,2023-11-21T00:00:00Z,Adjuvanted Quadrivalent Influenza Vaccine Seqirus,NA,NA,2,3
1161,837S0455,2024-05-22,74,Male,G52,Primary,NA,NA,NA,NA,NA,NA,NA,NA,NA,NA,NA,NA,>4,0
1162,837S0281,2024-05-21,54,Female,G21,Primary,2021-12-23,2021-12-23,2021-01-18,2021-08-27,NA,NA,NA,NA,NA,NA,NA,NA,>4,0
1163,837S0714,2024-05-29,64,Female,G64,Primary,2021-11-25,2021-11-25,2020-06-13,2020-06-22,2021-10-07T00:00:00Z,Flucelvax Tetra Vaccine Seqirus,2022-10-05T00:00:00Z,Cell-based Quadrivalent Influenza Vaccine Seqirus,NA,NA,NA,NA,3,2
1164,837S1205,2025-05-02,68,Male,G15,Primary,2022-04-03,2022-04-03,NA,NA,2021-11-02T00:00:00Z,Flucelvax Tetra Vaccine Seqirus,2022-10-17T00:00:00Z,Adjuvanted Quadrivalent Influenza Vaccine Seqirus,2023-12-06T00:00:00Z,Adjuvanted Quadrivalent Influenza Vaccine Seqirus,2024-11-06T00:00:00Z,Adjuvanted Quadrivalent Influenza Vaccine Seqirus,1,4
1165,837S0786,2024-05-30,51,Female,DG3,Unknown,NA,NA,NA,NA,NA,NA,NA,NA,NA,NA,NA,NA,>4,0
1166,837S0628,2024-05-28,68,Female,G15,Secondary,NA,NA,2020-05-05,2024-05-27,2021-11-07T00:00:00Z,Fluad Tetra Vaccine Seqirus,2022-11-03T00:00:00Z,Adjuvanted Quadrivalent Influenza Vaccine Seqirus,2023-11-23T00:00:00Z,Adjuvanted Quadrivalent Influenza Vaccine Seqirus,2024-11-25T00:00:00Z,Adjuvanted Quadrivalent Influenza Vaccine Seqirus,1,4
1167,837S0056,2024-05-21,42,Male,G44,Secondary,NA,NA,2021-07-11,2021-07-11,NA,NA,NA,NA,NA,NA,NA,NA,>4,0
1168,837S0263,2024-05-21,65,Female,G62,Primary,NA,NA,2020-12-22,2022-03-11,2021-11-02T00:00:00Z,Flucelvax Tetra Vaccine Seqirus,2022-10-29T00:00:00Z,Cell-based Quadrivalent Influenza Vaccine Seqirus,2023-10-02T00:00:00Z,Adjuvanted Quadrivalent Influenza Vaccine Seqirus,2024-10-28T00:00:00Z,Adjuvanted Quadrivalent Influenza Vaccine Seqirus,1,4
1169,837S0835,2024-05-30,65,Female,PA20,Secondary,NA,NA,NA,NA,NA,NA,NA,NA,NA,NA,NA,NA,>4,0
1170,837S0247,2024-05-17,73,Female,G77,Primary,NA,NA,NA,NA,2021-09-27T00:00:00Z,Fluad Tetra Vaccine Seqirus,2022-10-09T00:00:00Z,Adjuvanted Quadrivalent Influenza Vaccine Seqirus,2023-10-29T00:00:00Z,Adjuvanted Quadrivalent Influenza Vaccine Seqirus,2024-10-21T00:00:00Z,Adjuvanted Quadrivalent Influenza Vaccine Seqirus,1,4
1171,837S1072,2025-05-03,54,Male,G64,Secondary,NA,NA,2021-12-02,2025-05-05,2021-11-25T00:00:00Z,Flucelvax Tetra Vaccine Seqirus,2022-10-26T00:00:00Z,Cell-based Quadrivalent Influenza Vaccine Seqirus,2023-10-26T00:00:00Z,Cell-based Quadrivalent Influenza Vaccine Seqirus,NA,NA,2,3
1172,837S1295,2025-05-03,80,Male,G46,Secondary,2022-02-03,2022-02-03,2021-05-20,2025-01-09,2021-11-13T00:00:00Z,Fluad Tetra Vaccine Seqirus,2022-10-08T00:00:00Z,Adjuvanted Quadrivalent Influenza Vaccine Seqirus,2023-10-28T00:00:00Z,Adjuvanted Quadrivalent Influenza Vaccine Seqirus,2024-11-03T00:00:00Z,Adjuvanted Quadrivalent Influenza Vaccine Seqirus,1,4
1173,837S0731,2024-05-29,24,Female,G69,Primary,NA,NA,2021-08-17,2021-08-17,NA,NA,NA,NA,NA,NA,NA,NA,>4,0
1174,837S0479,2024-05-22,72,Female,G14,Primary,NA,NA,NA,NA,2021-11-10T00:00:00Z,Fluad Tetra Vaccine Seqirus,2022-10-07T00:00:00Z,Adjuvanted Quadrivalent Influenza Vaccine Seqirus,2023-09-28T00:00:00Z,Adjuvanted Quadrivalent Influenza Vaccine Seqirus,NA,NA,2,3
1175,837S0028,2024-05-22,30,Female,G74,Secondary,2022-03-21,2022-03-21,2021-01-17,2021-12-28,NA,NA,NA,NA,NA,NA,2025-01-16T00:00:00Z,Cell-based Quadrivalent Influenza Vaccine Seqirus,1,1
1176,837S1416,2025-05-07,87,Male,G53,Primary,NA,NA,NA,NA,2021-10-23T00:00:00Z,Fluad Tetra Vaccine Seqirus,2022-09-21T00:00:00Z,Adjuvanted Quadrivalent Influenza Vaccine Seqirus,2023-11-25T00:00:00Z,Adjuvanted Quadrivalent Influenza Vaccine Seqirus,2024-10-03T00:00:00Z,Adjuvanted Quadrivalent Influenza Vaccine Seqirus,1,4
1177,837S0715,2024-05-29,93,Female,G12,Primary,2021-12-05,2022-03-06,2021-07-06,2023-09-20,2022-01-17T00:00:00Z,Fluad Tetra Vaccine Seqirus,2022-09-27T00:00:00Z,Adjuvanted Quadrivalent Influenza Vaccine Seqirus,2023-10-05T00:00:00Z,Adjuvanted Quadrivalent Influenza Vaccine Seqirus,2024-11-28T00:00:00Z,Adjuvanted Quadrivalent Influenza Vaccine Seqirus,1,4
1178,837S0816,2024-05-28,43,Female,PA7,Primary,NA,NA,NA,NA,NA,NA,2022-11-23T00:00:00Z,Cell-based Quadrivalent Influenza Vaccine Seqirus,2023-12-01T00:00:00Z,Cell-based Quadrivalent Influenza Vaccine Seqirus,NA,NA,2,2
1179,837S0445,2024-05-23,84,Male,G61,Secondary,2022-03-21,2022-03-21,2022-03-07,2022-07-25,2021-10-19T00:00:00Z,Fluad Tetra Vaccine Seqirus,2022-09-23T00:00:00Z,Adjuvanted Quadrivalent Influenza Vaccine Seqirus,2023-10-09T00:00:00Z,Adjuvanted Quadrivalent Influenza Vaccine Seqirus,2024-11-07T00:00:00Z,Adjuvanted Quadrivalent Influenza Vaccine Seqirus,1,4
1180,837S1185,2025-05-03,58,Male,G34,Secondary,NA,NA,2020-08-18,2025-05-07,NA,NA,NA,NA,NA,NA,NA,NA,>4,0
1181,837S1225,2025-05-03,31,Female,G42,Secondary,2020-11-18,2020-11-18,2020-05-22,2025-04-27,NA,NA,NA,NA,NA,NA,NA,NA,>4,0
1182,837S0223,2024-05-21,91,Female,G13,Primary,NA,NA,2025-04-04,2025-04-11,2021-10-15T00:00:00Z,Fluad Tetra Vaccine Seqirus,2022-09-21T00:00:00Z,Adjuvanted Quadrivalent Influenza Vaccine Seqirus,2023-11-14T00:00:00Z,Adjuvanted Quadrivalent Influenza Vaccine Seqirus,2024-10-24T00:00:00Z,Adjuvanted Quadrivalent Influenza Vaccine Seqirus,1,4
1183,837S0423,2024-05-23,67,Female,G52,Secondary,NA,NA,2021-09-14,2021-09-14,2021-11-22T00:00:00Z,Flucelvax Tetra Vaccine Seqirus,2022-11-12T00:00:00Z,Adjuvanted Quadrivalent Influenza Vaccine Seqirus,2023-10-01T00:00:00Z,Adjuvanted Quadrivalent Influenza Vaccine Seqirus,2024-10-31T00:00:00Z,Adjuvanted Quadrivalent Influenza Vaccine Seqirus,1,4
1184,837S1394,2025-05-06,37,Female,G20,Primary,NA,NA,2021-08-27,2021-08-27,NA,NA,NA,NA,NA,NA,NA,NA,>4,0
1185,837S1471,2025-05-06,72,Female,PA28,Primary,NA,NA,2020-09-27,2020-09-27,NA,NA,NA,NA,NA,NA,NA,NA,>4,0
1186,837S0542,2024-05-28,66,Male,PA15,Secondary,NA,NA,2021-02-06,2021-04-16,2021-11-07T00:00:00Z,Flucelvax Tetra Vaccine Seqirus,2022-11-17T00:00:00Z,Cell-based Quadrivalent Influenza Vaccine Seqirus,2024-02-08T00:00:00Z,Adjuvanted Quadrivalent Influenza Vaccine Seqirus,2024-10-30T00:00:00Z,Adjuvanted Quadrivalent Influenza Vaccine Seqirus,1,4
1187,837S1497,2025-05-07,85,Female,G13,Primary,2023-12-20,2023-12-28,NA,NA,NA,NA,NA,NA,2023-10-23T00:00:00Z,Adjuvanted Quadrivalent Influenza Vaccine Seqirus,NA,NA,2,1
1188,837S0920,2024-05-28,74,Male,G63,Secondary,NA,NA,2023-08-02,2023-12-07,2021-10-29T00:00:00Z,Fluad Tetra Vaccine Seqirus,2022-10-14T00:00:00Z,Adjuvanted Quadrivalent Influenza Vaccine Seqirus,NA,NA,2024-11-18T00:00:00Z,Adjuvanted Quadrivalent Influenza Vaccine Seqirus,1,3
1189,837S0563,2024-05-27,31,Male,G11,Secondary,2021-12-23,2021-12-23,2021-09-06,2025-05-20,NA,NA,2022-11-26T00:00:00Z,Cell-based Quadrivalent Influenza Vaccine Seqirus,2023-10-09T00:00:00Z,Cell-based Quadrivalent Influenza Vaccine Seqirus,2024-12-10T00:00:00Z,Cell-based Quadrivalent Influenza Vaccine Seqirus,1,3
1190,837S0803,2024-05-28,64,Female,G31,Secondary,NA,NA,NA,NA,2021-09-28T00:00:00Z,Flucelvax Tetra Vaccine Seqirus,2022-09-15T00:00:00Z,Cell-based Quadrivalent Influenza Vaccine Seqirus,2023-12-04T00:00:00Z,Cell-based Quadrivalent Influenza Vaccine Seqirus,2024-12-09T00:00:00Z,Adjuvanted Quadrivalent Influenza Vaccine Seqirus,1,4
1191,837S0561,2024-05-27,70,Female,G46,Primary,NA,NA,NA,NA,2021-11-11T00:00:00Z,Fluad Tetra Vaccine Seqirus,2022-10-14T00:00:00Z,Adjuvanted Quadrivalent Influenza Vaccine Seqirus,2023-12-15T00:00:00Z,Adjuvanted Quadrivalent Influenza Vaccine Seqirus,2024-12-12T00:00:00Z,Adjuvanted Quadrivalent Influenza Vaccine Seqirus,1,4
1192,837S0204,2024-05-21,19,Male,G76,Primary,2021-05-29,2021-05-29,NA,NA,NA,NA,NA,NA,NA,NA,NA,NA,>4,0
1193,837S1244,2025-05-02,80,Male,G3,Primary,2021-09-13,2021-09-13,2021-08-17,2021-10-15,NA,NA,NA,NA,NA,NA,NA,NA,>4,0
1194,837S1422,2025-05-07,66,Male,KA7,Secondary,NA,NA,NA,NA,NA,NA,NA,NA,NA,NA,NA,NA,>4,0
1195,837S0518,2024-05-27,63,Male,G5,Primary,NA,NA,2021-02-15,2023-06-29,NA,NA,2022-10-09T00:00:00Z,Cell-based Quadrivalent Influenza Vaccine Seqirus,NA,NA,NA,NA,3,1
1196,837S0968,2024-05-28,32,Male,G13,Secondary,NA,NA,2021-05-13,2021-05-13,NA,NA,NA,NA,NA,NA,NA,NA,>4,0
1197,837S0550,2024-05-27,43,Male,G77,Secondary,NA,NA,2021-05-08,2021-10-25,NA,NA,NA,NA,NA,NA,NA,NA,>4,0
1198,837S0877,2024-05-30,67,Female,G42,Secondary,2020-11-11,2020-11-11,2022-06-11,2022-06-11,2021-11-25T00:00:00Z,Fluad Tetra Vaccine Seqirus,2022-10-06T00:00:00Z,Adjuvanted Quadrivalent Influenza Vaccine Seqirus,NA,NA,NA,NA,3,2
1199,837S0533,2024-05-28,61,Female,G45,Secondary,NA,NA,NA,NA,2021-11-23T00:00:00Z,Flucelvax Tetra Vaccine Seqirus,2022-10-29T00:00:00Z,Cell-based Quadrivalent Influenza Vaccine Seqirus,NA,NA,NA,NA,3,2
1200,837S1078,2025-05-02,28,Female,G5,Primary,NA,NA,NA,NA,NA,NA,NA,NA,NA,NA,NA,NA,>4,0
1201,837S1017,2025-05-02,60,Female,G14,Primary,2021-12-30,2021-12-30,2021-01-06,2021-01-06,NA,NA,NA,NA,NA,NA,NA,NA,>4,0
1202,837S1208,2025-05-03,69,Female,G13,Secondary,NA,NA,2020-11-19,2020-11-19,2021-09-29T00:00:00Z,Fluad Tetra Vaccine Seqirus,2022-10-18T00:00:00Z,Adjuvanted Quadrivalent Influenza Vaccine Seqirus,2023-11-11T00:00:00Z,Adjuvanted Quadrivalent Influenza Vaccine Seqirus,2024-10-21T00:00:00Z,Adjuvanted Quadrivalent Influenza Vaccine Seqirus,1,4
1203,837S0820,2024-05-29,68,Female,G46,Primary,NA,NA,NA,NA,2021-11-20T00:00:00Z,Fluad Tetra Vaccine Seqirus,2022-10-21T00:00:00Z,Adjuvanted Quadrivalent Influenza Vaccine Seqirus,2023-11-26T00:00:00Z,Adjuvanted Quadrivalent Influenza Vaccine Seqirus,2024-12-07T00:00:00Z,Adjuvanted Quadrivalent Influenza Vaccine Seqirus,1,4
1204,837S0354,2024-05-23,34,Male,G52,Secondary,2020-12-27,2022-02-27,2020-05-26,2021-12-07,NA,NA,NA,NA,NA,NA,NA,NA,>4,0
1205,837S1463,2025-05-07,55,Male,G78,Secondary,2021-07-16,2022-06-29,2020-06-02,2025-02-10,2021-12-08T00:00:00Z,Flucelvax Tetra Vaccine Seqirus,NA,NA,NA,NA,NA,NA,4,1
1205,837S1499,2025-05-07,55,Male,G78,Secondary,2021-07-16,2022-06-29,2020-06-02,2025-02-10,2021-12-08T00:00:00Z,Flucelvax Tetra Vaccine Seqirus,NA,NA,NA,NA,NA,NA,4,1
1206,837S1378,2025-05-06,44,Male,G51,Primary,NA,NA,NA,NA,NA,NA,2022-10-25T00:00:00Z,Cell-based Quadrivalent Influenza Vaccine Seqirus,NA,NA,NA,NA,3,1
1207,837S1113,2025-05-03,65,Male,FK15,Secondary,NA,NA,2022-01-23,2022-01-23,NA,NA,NA,NA,NA,NA,NA,NA,>4,0
1208,837S0682,2024-05-27,59,Female,G53,Primary,NA,NA,2020-05-20,2021-03-31,2021-09-26T00:00:00Z,Flucelvax Tetra Vaccine Seqirus,2022-09-27T00:00:00Z,Cell-based Quadrivalent Influenza Vaccine Seqirus,2023-09-27T00:00:00Z,Cell-based Quadrivalent Influenza Vaccine Seqirus,2024-10-17T00:00:00Z,Cell-based Quadrivalent Influenza Vaccine Seqirus,1,4
1209,837S1124,2025-05-03,72,Male,G81,Secondary,2022-03-24,2022-04-11,2020-03-12,2022-11-29,2021-11-11T00:00:00Z,Fluad Tetra Vaccine Seqirus,2022-10-03T00:00:00Z,Adjuvanted Quadrivalent Influenza Vaccine Seqirus,2023-10-23T00:00:00Z,Adjuvanted Quadrivalent Influenza Vaccine Seqirus,2024-11-18T00:00:00Z,Adjuvanted Quadrivalent Influenza Vaccine Seqirus,1,4
1210,837S1396,2025-05-06,63,Female,G22,Primary,2022-04-05,2022-04-05,NA,NA,2021-12-07T00:00:00Z,Flucelvax Tetra Vaccine Seqirus,2022-10-29T00:00:00Z,Cell-based Quadrivalent Influenza Vaccine Seqirus,2023-12-12T00:00:00Z,Cell-based Quadrivalent Influenza Vaccine Seqirus,NA,NA,2,3
1211,837S0989,2024-05-29,42,Female,G46,Primary,NA,NA,2021-06-25,2021-06-25,NA,NA,NA,NA,NA,NA,NA,NA,>4,0
1212,837S0329,2024-05-23,85,Male,G12,Secondary,NA,NA,NA,NA,2021-10-24T00:00:00Z,Fluad Tetra Vaccine Seqirus,2022-09-22T00:00:00Z,Adjuvanted Quadrivalent Influenza Vaccine Seqirus,2023-11-30T00:00:00Z,Adjuvanted Quadrivalent Influenza Vaccine Seqirus,2024-10-17T00:00:00Z,Adjuvanted Quadrivalent Influenza Vaccine Seqirus,1,4
1213,837S0312,2024-05-22,55,Female,G43,Primary,NA,NA,2021-01-14,2021-11-18,NA,NA,NA,NA,NA,NA,NA,NA,>4,0
1214,837S1305,2025-05-06,58,Male,G13,Primary,NA,NA,2020-09-26,2020-09-26,2021-11-30T00:00:00Z,Flucelvax Tetra Vaccine Seqirus,2022-12-03T00:00:00Z,Cell-based Quadrivalent Influenza Vaccine Seqirus,2023-10-17T00:00:00Z,Cell-based Quadrivalent Influenza Vaccine Seqirus,2024-12-12T00:00:00Z,Cell-based Quadrivalent Influenza Vaccine Seqirus,1,4
1215,837S0057,2024-05-21,43,Male,G62,Secondary,2024-05-21,2024-05-21,2021-03-22,2021-03-22,NA,NA,NA,NA,NA,NA,NA,NA,>4,0
1216,837S1392,2025-05-06,38,Female,G81,Primary,2021-12-02,2021-12-02,2021-01-03,2021-10-31,NA,NA,NA,NA,NA,NA,NA,NA,>4,0
1217,837S0191,2024-05-22,82,Male,G44,Secondary,NA,NA,2020-09-04,2024-05-20,2021-10-21T00:00:00Z,Fluad Tetra Vaccine Seqirus,2022-10-01T00:00:00Z,Adjuvanted Quadrivalent Influenza Vaccine Seqirus,2023-10-04T00:00:00Z,Adjuvanted Quadrivalent Influenza Vaccine Seqirus,NA,NA,2,3
1218,837S1282,2025-05-03,33,Female,G41,Secondary,NA,NA,NA,NA,NA,NA,NA,NA,NA,NA,NA,NA,>4,0
1219,837S0287,2024-05-20,45,Female,G42,Primary,NA,NA,2020-12-24,2024-12-30,2021-10-16T00:00:00Z,Flucelvax Tetra Vaccine Seqirus,2022-09-11T00:00:00Z,Cell-based Quadrivalent Influenza Vaccine Seqirus,2023-09-17T00:00:00Z,Cell-based Quadrivalent Influenza Vaccine Seqirus,NA,NA,2,3
1220,837S0781,2024-05-30,79,Female,G62,Secondary,NA,NA,NA,NA,2021-10-24T00:00:00Z,Fluad Tetra Vaccine Seqirus,2022-10-06T00:00:00Z,Adjuvanted Quadrivalent Influenza Vaccine Seqirus,2023-10-23T00:00:00Z,Adjuvanted Quadrivalent Influenza Vaccine Seqirus,2024-10-14T00:00:00Z,Adjuvanted Quadrivalent Influenza Vaccine Seqirus,1,4
1221,837S1479,2025-05-07,59,Female,G44,Primary,NA,NA,2020-05-11,2021-12-13,NA,NA,NA,NA,NA,NA,NA,NA,>4,0
1222,837S1404,2025-05-06,28,Female,G53,Primary,2020-05-12,2022-07-02,2020-10-14,2022-02-23,NA,NA,NA,NA,NA,NA,NA,NA,>4,0
1223,837S1267,2025-05-03,24,Male,G53,Secondary,2021-06-27,2021-06-27,2021-09-08,2022-01-10,NA,NA,NA,NA,NA,NA,NA,NA,>4,0
1224,837S1271,2025-05-02,73,Female,G76,Primary,NA,NA,2021-09-01,2021-11-28,2021-10-25T00:00:00Z,Fluad Tetra Vaccine Seqirus,2022-09-11T00:00:00Z,Adjuvanted Quadrivalent Influenza Vaccine Seqirus,2023-09-23T00:00:00Z,Adjuvanted Quadrivalent Influenza Vaccine Seqirus,2024-11-17T00:00:00Z,Adjuvanted Quadrivalent Influenza Vaccine Seqirus,1,4
1225,837S1092,2025-05-03,73,Male,ML3,Secondary,NA,NA,NA,NA,NA,NA,NA,NA,NA,NA,NA,NA,>4,0
1226,837S0528,2024-05-27,24,Female,G81,Primary,2022-03-09,2022-03-09,2020-06-26,2022-08-23,NA,NA,NA,NA,2023-10-25T00:00:00Z,Cell-based Quadrivalent Influenza Vaccine Seqirus,NA,NA,2,1
1227,837S1266,2025-05-03,61,Male,G53,Secondary,NA,NA,2021-06-29,2025-04-09,NA,NA,NA,NA,2023-10-17T00:00:00Z,Adjuvanted Quadrivalent Influenza Vaccine Seqirus,NA,NA,2,1
1228,837S1452,2025-05-07,42,Female,G81,Primary,NA,NA,NA,NA,NA,NA,NA,NA,NA,NA,NA,NA,>4,0
1229,837S1288,2025-05-03,43,Male,G76,Secondary,NA,NA,2020-09-12,2022-02-15,2021-09-27T00:00:00Z,Flucelvax Tetra Vaccine Seqirus,NA,NA,2023-10-27T00:00:00Z,Cell-based Quadrivalent Influenza Vaccine Seqirus,2024-11-17T00:00:00Z,Cell-based Quadrivalent Influenza Vaccine Seqirus,1,3
1230,837S0615,2024-05-27,40,Female,G53,Secondary,NA,NA,2021-11-03,2021-11-03,NA,NA,NA,NA,NA,NA,NA,NA,>4,0
1231,837S1309,2025-05-06,53,Male,G15,Primary,NA,NA,NA,NA,NA,NA,NA,NA,NA,NA,NA,NA,>4,0
1232,837S0366,2024-05-23,65,Male,G12,Primary,NA,NA,2021-01-29,2021-08-09,2021-11-27T00:00:00Z,Flucelvax Tetra Vaccine Seqirus,NA,NA,NA,NA,NA,NA,4,1
1233,837S1440,2025-05-07,68,Male,G52,Secondary,NA,NA,2020-11-27,2023-07-22,2021-11-13T00:00:00Z,Flucelvax Tetra Vaccine Seqirus,2022-11-08T00:00:00Z,Adjuvanted Quadrivalent Influenza Vaccine Seqirus,NA,NA,2024-11-07T00:00:00Z,Adjuvanted Quadrivalent Influenza Vaccine Seqirus,1,3
1234,837S1467,2025-05-06,34,Female,G53,Secondary,2022-01-03,2022-01-03,2021-01-11,2021-01-11,NA,NA,2022-09-08T00:00:00Z,Cell-based Quadrivalent Influenza Vaccine Seqirus,NA,NA,NA,NA,3,1
1235,837S0108,2024-05-21,37,Female,G42,Secondary,NA,NA,2021-03-18,2024-11-29,NA,NA,NA,NA,NA,NA,NA,NA,>4,0
1235,837S0060,2024-05-21,37,Female,G42,Secondary,NA,NA,2021-03-18,2024-11-29,NA,NA,NA,NA,NA,NA,NA,NA,>4,0
1236,837S1161,2025-05-02,33,Female,G66,Secondary,2022-03-14,2022-03-14,2020-11-06,2020-12-04,2021-11-29T00:00:00Z,Flucelvax Tetra Vaccine Seqirus,2022-10-19T00:00:00Z,Cell-based Quadrivalent Influenza Vaccine Seqirus,NA,NA,NA,NA,3,2
1237,837S0754,2024-05-29,82,Male,G61,Primary,NA,NA,NA,NA,2021-10-19T00:00:00Z,Fluad Tetra Vaccine Seqirus,2022-10-01T00:00:00Z,Adjuvanted Quadrivalent Influenza Vaccine Seqirus,2023-10-19T00:00:00Z,Adjuvanted Quadrivalent Influenza Vaccine Seqirus,2024-10-03T00:00:00Z,Adjuvanted Quadrivalent Influenza Vaccine Seqirus,1,4
1238,837S0910,2024-05-30,54,Female,PA44,Secondary,NA,NA,2020-08-12,2023-09-06,NA,NA,NA,NA,NA,NA,NA,NA,>4,0
1239,837S0819,2024-05-30,84,Male,G44,Secondary,NA,NA,2020-10-02,2021-10-13,2021-10-21T00:00:00Z,Fluad Tetra Vaccine Seqirus,2022-09-25T00:00:00Z,Adjuvanted Quadrivalent Influenza Vaccine Seqirus,2023-10-22T00:00:00Z,Cell-based Quadrivalent Influenza Vaccine Seqirus,2024-10-05T00:00:00Z,Adjuvanted Quadrivalent Influenza Vaccine Seqirus,1,4
1240,837S0937,2024-05-30,33,Female,G11,Secondary,2021-11-30,2021-11-30,NA,NA,NA,NA,NA,NA,NA,NA,2025-03-07T00:00:00Z,Cell-based Quadrivalent Influenza Vaccine Seqirus,1,1
1241,837S0411,2024-05-22,42,Male,G42,Primary,NA,NA,NA,NA,NA,NA,NA,NA,NA,NA,NA,NA,>4,0
1242,837S0410,2024-05-22,44,Female,G51,Primary,2021-10-10,2021-10-10,2020-10-13,2025-01-26,NA,NA,NA,NA,2023-12-11T00:00:00Z,Cell-based Quadrivalent Influenza Vaccine Seqirus,NA,NA,2,1
1243,837S0097,2024-05-21,62,Female,G61,Secondary,2020-12-28,2021-11-23,2021-11-29,2021-12-19,2021-10-04T00:00:00Z,Flucelvax Tetra Vaccine Seqirus,2022-10-10T00:00:00Z,Cell-based Quadrivalent Influenza Vaccine Seqirus,2023-10-11T00:00:00Z,Cell-based Quadrivalent Influenza Vaccine Seqirus,2024-10-24T00:00:00Z,Cell-based Quadrivalent Influenza Vaccine Seqirus,1,4
1244,837S0246,2024-05-21,29,Female,G81,Primary,2021-08-29,2021-08-29,2020-10-20,2020-10-20,NA,NA,NA,NA,NA,NA,NA,NA,>4,0
1245,837S1163,2025-05-02,33,Male,G44,Primary,NA,NA,2021-12-11,2021-12-19,2021-10-29T00:00:00Z,Flucelvax Tetra Vaccine Seqirus,2022-11-17T00:00:00Z,Cell-based Quadrivalent Influenza Vaccine Seqirus,NA,NA,NA,NA,3,2
1246,837S1321,2025-05-07,56,Female,G15,Secondary,NA,NA,NA,NA,NA,NA,NA,NA,NA,NA,NA,NA,>4,0
1247,837S0745,2024-05-30,45,Female,G46,Primary,NA,NA,NA,NA,NA,NA,2022-11-10T00:00:00Z,Cell-based Quadrivalent Influenza Vaccine Seqirus,2023-12-08T00:00:00Z,Cell-based Quadrivalent Influenza Vaccine Seqirus,NA,NA,2,2
1248,837S0082,2024-05-21,66,Male,G73,Secondary,NA,NA,2020-09-13,2023-04-06,NA,NA,NA,NA,NA,NA,NA,NA,>4,0
1249,837S0595,2024-05-28,60,Male,PA2,Secondary,NA,NA,2022-12-17,2024-04-22,2021-11-09T00:00:00Z,Flucelvax Tetra Vaccine Seqirus,2022-10-16T00:00:00Z,Cell-based Quadrivalent Influenza Vaccine Seqirus,2023-12-12T00:00:00Z,Cell-based Quadrivalent Influenza Vaccine Seqirus,2025-02-03T00:00:00Z,Cell-based Quadrivalent Influenza Vaccine Seqirus,1,4
1250,837S0375,2024-05-22,86,Female,G76,Primary,2022-03-19,2022-03-19,2020-12-11,2021-12-25,2021-10-16T00:00:00Z,Fluad Tetra Vaccine Seqirus,2022-09-22T00:00:00Z,Adjuvanted Quadrivalent Influenza Vaccine Seqirus,2023-11-05T00:00:00Z,Adjuvanted Quadrivalent Influenza Vaccine Seqirus,2024-10-02T00:00:00Z,Adjuvanted Quadrivalent Influenza Vaccine Seqirus,1,4
1251,837S0457,2024-05-23,57,Female,G64,Secondary,2022-02-15,2022-02-15,2020-12-16,2022-08-19,2021-11-08T00:00:00Z,Flucelvax Tetra Vaccine Seqirus,2022-10-10T00:00:00Z,Cell-based Quadrivalent Influenza Vaccine Seqirus,2023-10-30T00:00:00Z,Cell-based Quadrivalent Influenza Vaccine Seqirus,2024-12-30T00:00:00Z,Cell-based Quadrivalent Influenza Vaccine Seqirus,1,4
1252,837S0831,2024-05-29,23,Female,G3,Primary,NA,NA,NA,NA,NA,NA,NA,NA,NA,NA,NA,NA,>4,0
1253,837S0646,2024-05-28,30,Female,G53,Secondary,NA,NA,2024-02-08,2024-08-27,NA,NA,NA,NA,NA,NA,NA,NA,>4,0
1254,837S0015,2024-05-21,67,Female,G45,Secondary,2021-09-29,2021-09-29,2020-12-10,2021-12-23,2021-11-04T00:00:00Z,Fluad Tetra Vaccine Seqirus,2022-10-27T00:00:00Z,Adjuvanted Quadrivalent Influenza Vaccine Seqirus,2023-11-08T00:00:00Z,Adjuvanted Quadrivalent Influenza Vaccine Seqirus,2024-11-13T00:00:00Z,Adjuvanted Quadrivalent Influenza Vaccine Seqirus,1,4
1255,837S1065,2025-05-03,87,Female,G53,Secondary,NA,NA,2024-08-16,2025-03-20,2021-10-18T00:00:00Z,Fluad Tetra Vaccine Seqirus,2022-09-20T00:00:00Z,Adjuvanted Quadrivalent Influenza Vaccine Seqirus,2023-11-17T00:00:00Z,Adjuvanted Quadrivalent Influenza Vaccine Seqirus,2025-03-04T00:00:00Z,Adjuvanted Quadrivalent Influenza Vaccine Seqirus,1,4
1256,837S0945,2024-05-27,69,Male,G81,Secondary,NA,NA,NA,NA,2021-11-20T00:00:00Z,Fluad Tetra Vaccine Seqirus,2022-10-09T00:00:00Z,Adjuvanted Quadrivalent Influenza Vaccine Seqirus,2023-10-02T00:00:00Z,Adjuvanted Quadrivalent Influenza Vaccine Seqirus,2024-10-28T00:00:00Z,Adjuvanted Quadrivalent Influenza Vaccine Seqirus,1,4
1257,837S1438,2025-05-08,70,Male,G41,Secondary,2024-07-18,2024-07-18,2022-01-21,2022-08-09,2021-10-16T00:00:00Z,Fluad Tetra Vaccine Seqirus,2022-10-26T00:00:00Z,Adjuvanted Quadrivalent Influenza Vaccine Seqirus,2023-11-13T00:00:00Z,Adjuvanted Quadrivalent Influenza Vaccine Seqirus,2024-10-14T00:00:00Z,Adjuvanted Quadrivalent Influenza Vaccine Seqirus,1,4
1258,837S0689,2024-05-28,70,Male,G81,Secondary,NA,NA,2020-09-25,2022-03-03,2021-11-13T00:00:00Z,Fluad Tetra Vaccine Seqirus,2022-10-17T00:00:00Z,Adjuvanted Quadrivalent Influenza Vaccine Seqirus,2023-10-29T00:00:00Z,Adjuvanted Quadrivalent Influenza Vaccine Seqirus,2024-11-06T00:00:00Z,Adjuvanted Quadrivalent Influenza Vaccine Seqirus,1,4
1259,837S0532,2024-04-25,64,Male,G84,Secondary,NA,NA,NA,NA,NA,NA,NA,NA,NA,NA,NA,NA,>4,0
1260,837S0255,2024-05-22,60,Female,G44,Secondary,2020-10-09,2020-10-09,2020-08-24,2025-05-06,2021-11-14T00:00:00Z,Flucelvax Tetra Vaccine Seqirus,2022-11-19T00:00:00Z,Cell-based Quadrivalent Influenza Vaccine Seqirus,NA,NA,NA,NA,3,2
1261,837S0206,2024-05-21,29,Female,G41,Primary,NA,NA,2021-09-15,2021-09-15,NA,NA,NA,NA,NA,NA,NA,NA,>4,0
1262,837S0880,2024-05-30,64,Male,G72,Secondary,NA,NA,NA,NA,NA,NA,NA,NA,NA,NA,NA,NA,>4,0
1263,837S1492,2025-05-07,50,Female,G13,Primary,NA,NA,NA,NA,NA,NA,2022-11-24T00:00:00Z,Cell-based Quadrivalent Influenza Vaccine Seqirus,NA,NA,NA,NA,3,1
1264,837S0285,2024-05-21,70,Male,G46,Primary,NA,NA,NA,NA,NA,NA,NA,NA,NA,NA,NA,NA,>4,0
1265,837S0129,2024-05-22,43,Female,G72,Secondary,NA,NA,2023-10-05,2024-05-15,NA,NA,NA,NA,NA,NA,NA,NA,>4,0
1266,837S0793,2024-05-28,62,Male,G72,Secondary,NA,NA,NA,NA,NA,NA,NA,NA,NA,NA,NA,NA,>4,0
1267,837S0655,2024-05-27,78,Female,G81,Primary,NA,NA,2021-07-14,2025-02-04,2021-10-21T00:00:00Z,Fluad Tetra Vaccine Seqirus,2022-10-08T00:00:00Z,Adjuvanted Quadrivalent Influenza Vaccine Seqirus,2023-11-06T00:00:00Z,Adjuvanted Quadrivalent Influenza Vaccine Seqirus,2024-10-12T00:00:00Z,Adjuvanted Quadrivalent Influenza Vaccine Seqirus,1,4
1268,837S1315,2025-05-06,82,Female,G53,Primary,NA,NA,2021-12-18,2021-12-18,2021-10-20T00:00:00Z,Fluad Tetra Vaccine Seqirus,NA,NA,2023-12-16T00:00:00Z,Adjuvanted Quadrivalent Influenza Vaccine Seqirus,2024-10-10T00:00:00Z,Adjuvanted Quadrivalent Influenza Vaccine Seqirus,1,3
1269,837S1498,2025-05-07,59,Male,PA1,Secondary,2023-07-10,2023-07-10,2021-07-05,2022-03-30,NA,NA,2022-12-18T00:00:00Z,Cell-based Quadrivalent Influenza Vaccine Seqirus,NA,NA,NA,NA,3,1
1270,837S0981,2024-05-29,37,Female,G46,Primary,2020-12-28,2020-12-28,2020-06-03,2020-08-31,NA,NA,NA,NA,NA,NA,NA,NA,>4,0
1271,837S1252,2025-05-03,57,Female,G40,Secondary,NA,NA,2023-01-08,2024-12-09,NA,NA,NA,NA,NA,NA,NA,NA,>4,0
1272,837S1241,2025-05-02,35,Male,KA25,Secondary,2021-07-12,2021-07-12,NA,NA,NA,NA,NA,NA,NA,NA,NA,NA,>4,0
1273,837S0426,2024-05-22,51,Male,G61,Primary,NA,NA,2021-08-24,2021-08-26,NA,NA,NA,NA,NA,NA,NA,NA,>4,0
1274,837S1251,2025-05-03,47,Male,IV4,Secondary,NA,NA,2021-02-07,2021-09-10,NA,NA,NA,NA,NA,NA,NA,NA,>4,0
1275,837S1335,2025-05-07,32,Female,G53,Secondary,2020-12-22,2023-01-28,2020-11-04,2022-01-08,NA,NA,NA,NA,NA,NA,NA,NA,>4,0
1276,837S1484,2025-05-07,53,Male,G60,Secondary,NA,NA,NA,NA,NA,NA,NA,NA,NA,NA,NA,NA,>4,0
1277,837S1291,2025-05-03,44,Female,G41,Secondary,NA,NA,2020-10-26,2025-04-14,NA,NA,NA,NA,NA,NA,NA,NA,>4,0
1278,837S1427,2025-05-07,54,Male,G52,Primary,NA,NA,2020-08-07,2022-02-13,NA,NA,NA,NA,NA,NA,NA,NA,>4,0
1279,837S0826,2024-05-29,59,Male,G42,Secondary,NA,NA,2021-08-07,2021-08-07,2021-12-15T00:00:00Z,Flucelvax Tetra Vaccine Seqirus,2022-10-17T00:00:00Z,Cell-based Quadrivalent Influenza Vaccine Seqirus,2023-11-12T00:00:00Z,Cell-based Quadrivalent Influenza Vaccine Seqirus,2024-12-04T00:00:00Z,Cell-based Quadrivalent Influenza Vaccine Seqirus,1,4
1280,837S0075,2024-05-21,84,Male,G72,Secondary,NA,NA,2021-12-04,2021-12-30,NA,NA,NA,NA,NA,NA,NA,NA,>4,0
1280,837S0140,2024-05-22,84,Male,G72,Secondary,NA,NA,2021-12-04,2021-12-30,NA,NA,NA,NA,NA,NA,NA,NA,>4,0
1281,837S1412,2025-05-07,79,Female,G41,Secondary,NA,NA,2020-09-03,2025-05-12,2021-10-20T00:00:00Z,Fluad Tetra Vaccine Seqirus,NA,NA,NA,NA,NA,NA,4,1
1282,837S0975,2024-05-30,58,Male,G51,Secondary,NA,NA,NA,NA,2021-12-04T00:00:00Z,Flucelvax Tetra Vaccine Seqirus,2022-10-20T00:00:00Z,Cell-based Quadrivalent Influenza Vaccine Seqirus,2023-10-05T00:00:00Z,Cell-based Quadrivalent Influenza Vaccine Seqirus,2024-11-02T00:00:00Z,Cell-based Quadrivalent Influenza Vaccine Seqirus,1,4
1283,837S0239,2024-05-22,63,Male,G52,Secondary,NA,NA,2024-11-30,2024-11-30,NA,NA,NA,NA,NA,NA,NA,NA,>4,0
1284,837S0498,2024-05-16,58,Male,G33,Secondary,2022-09-09,2024-12-17,2020-09-03,2024-12-17,NA,NA,NA,NA,NA,NA,NA,NA,>4,0
1284,837S0318,2024-05-21,58,Male,G33,Secondary,2022-09-09,2024-12-17,2020-09-03,2024-12-17,NA,NA,NA,NA,NA,NA,NA,NA,>4,0
1285,837S0330,2024-05-23,27,Male,G13,Secondary,NA,NA,2020-10-05,2020-10-05,NA,NA,NA,NA,NA,NA,NA,NA,>4,0
1286,837S0296,2024-05-17,78,Female,G53,Primary,2025-04-28,2025-04-28,2024-01-28,2025-05-19,2021-10-25T00:00:00Z,Fluad Tetra Vaccine Seqirus,2022-10-06T00:00:00Z,Adjuvanted Quadrivalent Influenza Vaccine Seqirus,2023-10-31T00:00:00Z,Adjuvanted Quadrivalent Influenza Vaccine Seqirus,NA,NA,2,3
1287,837S1329,2025-05-06,32,Female,G12,Secondary,NA,NA,NA,NA,NA,NA,NA,NA,NA,NA,2025-01-22T00:00:00Z,Cell-based Quadrivalent Influenza Vaccine Seqirus,1,1
1288,837S1210,2025-05-03,54,Female,G12,Secondary,NA,NA,2021-08-27,2021-09-03,2021-10-06T00:00:00Z,Flucelvax Tetra Vaccine Seqirus,2022-09-14T00:00:00Z,Cell-based Quadrivalent Influenza Vaccine Seqirus,NA,NA,2024-10-04T00:00:00Z,Cell-based Quadrivalent Influenza Vaccine Seqirus,1,3
1289,837S0118,2024-05-21,54,Female,G42,Secondary,NA,NA,2020-09-06,2024-12-23,NA,NA,NA,NA,NA,NA,NA,NA,>4,0
1290,837S0774,2024-05-29,53,Female,G53,Primary,NA,NA,NA,NA,2021-12-12T00:00:00Z,Flucelvax Tetra Vaccine Seqirus,2022-10-25T00:00:00Z,Cell-based Quadrivalent Influenza Vaccine Seqirus,2023-11-17T00:00:00Z,Cell-based Quadrivalent Influenza Vaccine Seqirus,2024-11-14T00:00:00Z,Cell-based Quadrivalent Influenza Vaccine Seqirus,1,4
1291,837S1415,2025-05-07,65,Female,G52,Primary,NA,NA,NA,NA,NA,NA,NA,NA,NA,NA,NA,NA,>4,0
1292,837S1232,2025-05-02,56,Female,G14,Primary,2022-03-14,2022-03-14,2020-08-11,2022-09-21,NA,NA,2022-11-27T00:00:00Z,Cell-based Quadrivalent Influenza Vaccine Seqirus,NA,NA,NA,NA,3,1
1293,837S0040,2024-05-21,35,Male,G45,Secondary,2021-12-30,2021-12-30,2020-06-15,2021-07-18,NA,NA,NA,NA,NA,NA,NA,NA,>4,0
1294,837S0465,2024-05-21,84,Female,G46,Primary,NA,NA,2021-02-14,2021-05-24,2021-10-21T00:00:00Z,Fluad Tetra Vaccine Seqirus,2022-09-29T00:00:00Z,Adjuvanted Quadrivalent Influenza Vaccine Seqirus,2023-10-28T00:00:00Z,Adjuvanted Quadrivalent Influenza Vaccine Seqirus,2024-10-26T00:00:00Z,Adjuvanted Quadrivalent Influenza Vaccine Seqirus,1,4
1295,837S0235,2024-05-21,37,Female,G46,Primary,NA,NA,NA,NA,NA,NA,NA,NA,NA,NA,NA,NA,>4,0
1296,837S1464,2025-05-07,57,Male,G41,Secondary,2022-01-12,2022-01-12,NA,NA,NA,NA,NA,NA,NA,NA,NA,NA,>4,0
1297,837S0014,2024-05-21,21,Female,PA4,Secondary,NA,NA,NA,NA,NA,NA,NA,NA,NA,NA,NA,NA,>4,0
1298,837S0199,2024-05-21,71,Female,G67,Secondary,2024-10-11,2024-10-11,NA,NA,NA,NA,NA,NA,NA,NA,NA,NA,>4,0
1299,837S0365,2024-05-23,56,Female,G51,Secondary,NA,NA,2020-09-30,2024-12-19,2021-09-25T00:00:00Z,Flucelvax Tetra Vaccine Seqirus,2022-10-05T00:00:00Z,Cell-based Quadrivalent Influenza Vaccine Seqirus,2023-10-19T00:00:00Z,Cell-based Quadrivalent Influenza Vaccine Seqirus,2024-12-29T00:00:00Z,Cell-based Quadrivalent Influenza Vaccine Seqirus,1,4
1300,837S1313,2025-05-06,67,Male,G52,Primary,2021-12-28,2021-12-28,2021-03-08,2021-11-04,NA,NA,2022-10-22T00:00:00Z,Adjuvanted Quadrivalent Influenza Vaccine Seqirus,NA,NA,2024-10-15T00:00:00Z,Adjuvanted Quadrivalent Influenza Vaccine Seqirus,1,2
1301,837S1446,2025-05-07,38,Male,G72,Secondary,NA,NA,2021-08-11,2023-06-30,NA,NA,NA,NA,NA,NA,NA,NA,>4,0
1302,837S0592,2024-05-28,95,Male,G53,Secondary,NA,NA,2020-06-30,2025-01-29,2021-10-21T00:00:00Z,Fluad Tetra Vaccine Seqirus,2022-10-02T00:00:00Z,Adjuvanted Quadrivalent Influenza Vaccine Seqirus,2023-10-04T00:00:00Z,Adjuvanted Quadrivalent Influenza Vaccine Seqirus,2024-10-13T00:00:00Z,Adjuvanted Quadrivalent Influenza Vaccine Seqirus,1,4
1303,837S0388,2024-05-23,80,Male,G81,Primary,NA,NA,2020-11-26,2021-11-22,2021-10-23T00:00:00Z,Fluad Tetra Vaccine Seqirus,2022-10-08T00:00:00Z,Adjuvanted Quadrivalent Influenza Vaccine Seqirus,2023-10-23T00:00:00Z,Adjuvanted Quadrivalent Influenza Vaccine Seqirus,2024-10-13T00:00:00Z,Adjuvanted Quadrivalent Influenza Vaccine Seqirus,1,4
1304,837S0854,2024-05-30,42,Female,G53,Secondary,2022-01-02,2022-01-02,2021-11-11,2021-11-28,2021-12-02T00:00:00Z,Flucelvax Tetra Vaccine Seqirus,NA,NA,NA,NA,NA,NA,4,1
1305,837S1104,2025-05-03,73,Female,PA2,Secondary,NA,NA,2021-06-30,2022-06-15,2021-11-03T00:00:00Z,Fluad Tetra Vaccine Seqirus,2022-09-25T00:00:00Z,Adjuvanted Quadrivalent Influenza Vaccine Seqirus,2023-10-18T00:00:00Z,Adjuvanted Quadrivalent Influenza Vaccine Seqirus,2024-12-31T00:00:00Z,Adjuvanted Quadrivalent Influenza Vaccine Seqirus,1,4
1306,837S0853,2024-05-30,26,Female,G81,Secondary,2021-10-31,2021-10-31,2020-09-10,2022-04-26,NA,NA,NA,NA,NA,NA,NA,NA,>4,0
1307,837S0485,2024-05-23,84,Female,PA7,Secondary,NA,NA,NA,NA,2021-10-03T00:00:00Z,Fluad Tetra Vaccine Seqirus,2022-09-22T00:00:00Z,Adjuvanted Quadrivalent Influenza Vaccine Seqirus,2023-11-03T00:00:00Z,Adjuvanted Quadrivalent Influenza Vaccine Seqirus,2024-10-04T00:00:00Z,Adjuvanted Quadrivalent Influenza Vaccine Seqirus,1,4
1308,837S1196,2025-05-02,26,Female,G11,Primary,2022-03-26,2022-03-26,2021-11-16,2021-12-30,NA,NA,NA,NA,NA,NA,NA,NA,>4,0
1309,837S1262,2025-05-03,79,Female,G43,Secondary,NA,NA,2021-11-27,2021-11-27,2021-10-19T00:00:00Z,Fluad Tetra Vaccine Seqirus,2022-10-01T00:00:00Z,Adjuvanted Quadrivalent Influenza Vaccine Seqirus,NA,NA,NA,NA,3,2
1309,837S1391,2025-05-07,79,Female,G43,Secondary,NA,NA,2021-11-27,2021-11-27,2021-10-19T00:00:00Z,Fluad Tetra Vaccine Seqirus,2022-10-01T00:00:00Z,Adjuvanted Quadrivalent Influenza Vaccine Seqirus,NA,NA,NA,NA,3,2
1310,837S1077,2025-05-03,60,Male,PA1,Secondary,NA,NA,2021-03-15,2022-01-15,NA,NA,NA,NA,NA,NA,NA,NA,>4,0
1311,837S1486,2025-05-06,74,Female,G61,Primary,2022-02-07,2022-02-07,NA,NA,NA,NA,2022-10-06T00:00:00Z,Adjuvanted Quadrivalent Influenza Vaccine Seqirus,2023-11-09T00:00:00Z,Adjuvanted Quadrivalent Influenza Vaccine Seqirus,2024-11-07T00:00:00Z,Adjuvanted Quadrivalent Influenza Vaccine Seqirus,1,3
1312,837S0565,2024-05-27,61,Female,G81,Primary,NA,NA,2021-09-20,2021-09-20,NA,NA,NA,NA,NA,NA,NA,NA,>4,0
1313,837S1056,2025-05-02,43,Male,G78,Primary,2022-02-25,2022-02-25,2020-10-20,2022-02-19,2021-12-06T00:00:00Z,Flucelvax Tetra Vaccine Seqirus,2022-11-11T00:00:00Z,Cell-based Quadrivalent Influenza Vaccine Seqirus,2023-10-07T00:00:00Z,Cell-based Quadrivalent Influenza Vaccine Seqirus,2024-11-30T00:00:00Z,Cell-based Quadrivalent Influenza Vaccine Seqirus,1,4
1314,837S0575,2024-05-28,62,Female,G41,Secondary,NA,NA,2020-10-13,2024-01-14,2021-10-16T00:00:00Z,Flucelvax Tetra Vaccine Seqirus,2022-11-14T00:00:00Z,Cell-based Quadrivalent Influenza Vaccine Seqirus,2023-10-22T00:00:00Z,Cell-based Quadrivalent Influenza Vaccine Seqirus,2024-11-04T00:00:00Z,Cell-based Quadrivalent Influenza Vaccine Seqirus,1,4
1315,837S1395,2025-05-06,33,Female,G15,Primary,2021-12-21,2021-12-21,2020-05-21,2022-04-11,2021-11-03T00:00:00Z,Flucelvax Tetra Vaccine Seqirus,NA,NA,NA,NA,NA,NA,4,1
1316,837S0911,2024-05-29,37,Female,G21,Primary,2022-03-11,2022-03-11,2020-10-10,2024-09-17,NA,NA,NA,NA,NA,NA,NA,NA,>4,0
1317,837S0303,2024-05-22,95,Female,G46,Primary,NA,NA,NA,NA,2021-10-09T00:00:00Z,Fluad Tetra Vaccine Seqirus,2022-09-28T00:00:00Z,Adjuvanted Quadrivalent Influenza Vaccine Seqirus,2023-09-26T00:00:00Z,Adjuvanted Quadrivalent Influenza Vaccine Seqirus,2025-01-31T00:00:00Z,Adjuvanted Quadrivalent Influenza Vaccine Seqirus,1,4
1318,837S0858,2024-05-29,87,Male,G44,Primary,NA,NA,NA,NA,2021-10-12T00:00:00Z,Fluad Tetra Vaccine Seqirus,2022-09-19T00:00:00Z,Adjuvanted Quadrivalent Influenza Vaccine Seqirus,2023-10-27T00:00:00Z,Adjuvanted Quadrivalent Influenza Vaccine Seqirus,2024-11-19T00:00:00Z,Adjuvanted Quadrivalent Influenza Vaccine Seqirus,1,4
1319,837S0863,2024-05-30,74,Female,G3,Secondary,2022-03-23,2024-06-02,2020-11-02,2023-10-09,2021-11-15T00:00:00Z,Fluad Tetra Vaccine Seqirus,2022-11-02T00:00:00Z,Adjuvanted Quadrivalent Influenza Vaccine Seqirus,2023-11-01T00:00:00Z,Adjuvanted Quadrivalent Influenza Vaccine Seqirus,2024-11-18T00:00:00Z,Adjuvanted Quadrivalent Influenza Vaccine Seqirus,1,4
1320,837S1421,2025-05-07,70,Male,G14,Secondary,2023-07-12,2023-07-12,2020-11-09,2024-12-23,NA,NA,NA,NA,NA,NA,NA,NA,>4,0
1321,837S0872,2024-05-29,82,Female,PA28,Primary,NA,NA,NA,NA,NA,NA,NA,NA,NA,NA,NA,NA,>4,0
1322,837S0940,2024-05-30,59,Male,ML3,Secondary,NA,NA,2021-09-15,2021-11-13,NA,NA,NA,NA,NA,NA,NA,NA,>4,0
1323,837S1148,2025-05-03,54,Male,G82,Secondary,NA,NA,NA,NA,NA,NA,NA,NA,NA,NA,NA,NA,>4,0
1324,837S0923,2024-05-30,71,Female,G61,Secondary,NA,NA,2024-05-16,2024-11-08,NA,NA,NA,NA,NA,NA,NA,NA,>4,0
1325,837S0886,2024-05-30,78,Male,G41,Secondary,NA,NA,2020-11-24,2022-03-22,2021-10-19T00:00:00Z,Fluad Tetra Vaccine Seqirus,2022-09-21T00:00:00Z,Adjuvanted Quadrivalent Influenza Vaccine Seqirus,2023-10-20T00:00:00Z,Adjuvanted Quadrivalent Influenza Vaccine Seqirus,2024-11-16T00:00:00Z,Adjuvanted Quadrivalent Influenza Vaccine Seqirus,1,4
1326,837S0172,2024-05-22,52,Female,G66,Secondary,2022-05-02,2022-05-02,2020-11-25,2022-02-07,2021-11-13T00:00:00Z,Flucelvax Tetra Vaccine Seqirus,NA,NA,NA,NA,NA,NA,4,1
1327,837S0752,2024-05-29,44,Female,G77,Primary,2022-04-20,2022-04-20,2021-09-08,2021-12-03,2021-10-02T00:00:00Z,Flucelvax Tetra Vaccine Seqirus,2022-10-08T00:00:00Z,Cell-based Quadrivalent Influenza Vaccine Seqirus,2023-10-13T00:00:00Z,Cell-based Quadrivalent Influenza Vaccine Seqirus,2024-12-20T00:00:00Z,Cell-based Quadrivalent Influenza Vaccine Seqirus,1,4
1328,837S0395,2024-05-22,76,Female,G43,Primary,NA,NA,2021-12-08,2021-12-08,2021-11-04T00:00:00Z,Fluad Tetra Vaccine Seqirus,2022-09-17T00:00:00Z,Adjuvanted Quadrivalent Influenza Vaccine Seqirus,2023-10-22T00:00:00Z,Adjuvanted Quadrivalent Influenza Vaccine Seqirus,2024-10-02T00:00:00Z,Adjuvanted Quadrivalent Influenza Vaccine Seqirus,1,4
1329,837S0567,2024-05-27,36,Female,G52,Primary,NA,NA,NA,NA,NA,NA,NA,NA,NA,NA,NA,NA,>4,0
1330,837S1142,2025-05-02,33,Female,G44,Primary,2022-03-11,2022-03-11,2021-05-17,2021-10-08,NA,NA,NA,NA,NA,NA,NA,NA,>4,0
1331,837S1115,2025-05-03,25,Female,G46,Secondary,NA,NA,2020-07-07,2022-01-16,NA,NA,NA,NA,NA,NA,NA,NA,>4,0
1332,837S0828,2024-05-29,50,Female,G13,Secondary,2021-12-28,2021-12-28,2020-12-17,2021-04-16,NA,NA,NA,NA,NA,NA,NA,NA,>4,0
1333,837S0795,2024-05-30,78,Male,G77,Secondary,NA,NA,NA,NA,NA,NA,NA,NA,NA,NA,NA,NA,>4,0
1334,837S0901,2024-05-30,55,Female,G13,Secondary,NA,NA,2020-07-09,2024-06-05,2021-09-29T00:00:00Z,Flucelvax Tetra Vaccine Seqirus,2022-10-02T00:00:00Z,Cell-based Quadrivalent Influenza Vaccine Seqirus,2023-10-04T00:00:00Z,Cell-based Quadrivalent Influenza Vaccine Seqirus,2024-10-28T00:00:00Z,Cell-based Quadrivalent Influenza Vaccine Seqirus,1,4
1335,837S1151,2025-05-03,52,Male,PA15,Secondary,2023-01-27,2023-01-27,2020-11-24,2022-12-21,NA,NA,2022-09-20T00:00:00Z,Cell-based Quadrivalent Influenza Vaccine Seqirus,NA,NA,NA,NA,3,1
1336,837S0874,2024-05-30,61,Male,G42,Secondary,NA,NA,NA,NA,2021-12-14T00:00:00Z,Flucelvax Tetra Vaccine Seqirus,2022-10-13T00:00:00Z,Cell-based Quadrivalent Influenza Vaccine Seqirus,2023-11-16T00:00:00Z,Cell-based Quadrivalent Influenza Vaccine Seqirus,2024-11-16T00:00:00Z,Cell-based Quadrivalent Influenza Vaccine Seqirus,1,4
1337,837S0122,2024-05-22,40,Male,KA5,Secondary,NA,NA,2023-10-16,2024-06-20,NA,NA,NA,NA,NA,NA,NA,NA,>4,0
1338,837S0600,2024-05-27,80,Female,G53,Primary,NA,NA,2020-12-29,2020-12-29,2021-10-20T00:00:00Z,Fluad Tetra Vaccine Seqirus,2022-09-20T00:00:00Z,Adjuvanted Quadrivalent Influenza Vaccine Seqirus,2023-11-15T00:00:00Z,Adjuvanted Quadrivalent Influenza Vaccine Seqirus,2024-10-10T00:00:00Z,Adjuvanted Quadrivalent Influenza Vaccine Seqirus,1,4
1339,837S0555,2024-05-27,38,Female,G53,Primary,2021-02-27,2021-08-22,2020-07-22,2022-01-10,NA,NA,NA,NA,NA,NA,NA,NA,>4,0
1340,837S0141,2024-05-21,32,Female,G41,Secondary,NA,NA,2020-11-19,2022-08-27,NA,NA,NA,NA,NA,NA,NA,NA,>4,0
1341,837S1059,2025-05-03,55,Male,G52,Secondary,NA,NA,2020-06-29,2025-06-08,NA,NA,NA,NA,NA,NA,2024-11-27T00:00:00Z,Cell-based Quadrivalent Influenza Vaccine Seqirus,1,1
1341,837S1348,2025-05-07,55,Male,G52,Secondary,NA,NA,2020-06-29,2025-06-08,NA,NA,NA,NA,NA,NA,2024-11-27T00:00:00Z,Cell-based Quadrivalent Influenza Vaccine Seqirus,1,1
1342,837S1202,2025-05-03,68,Male,G11,Secondary,NA,NA,NA,NA,2021-11-05T00:00:00Z,Fluad Tetra Vaccine Seqirus,2022-10-20T00:00:00Z,Adjuvanted Quadrivalent Influenza Vaccine Seqirus,2023-12-07T00:00:00Z,Adjuvanted Quadrivalent Influenza Vaccine Seqirus,NA,NA,2,3
1343,837S0782,2024-05-29,57,Male,G76,Secondary,NA,NA,NA,NA,2021-12-12T00:00:00Z,Flucelvax Tetra Vaccine Seqirus,2022-11-17T00:00:00Z,Cell-based Quadrivalent Influenza Vaccine Seqirus,2023-12-17T00:00:00Z,Cell-based Quadrivalent Influenza Vaccine Seqirus,2024-12-28T00:00:00Z,Cell-based Quadrivalent Influenza Vaccine Seqirus,1,4
1344,837S1103,2025-05-02,19,Female,G20,Primary,NA,NA,NA,NA,NA,NA,2022-11-01T00:00:00Z,Fluenz Tetra Vaccine AstraZeneca,NA,NA,NA,NA,3,1
1345,837S0662,2024-05-27,74,Female,G63,Secondary,NA,NA,NA,NA,NA,NA,NA,NA,NA,NA,NA,NA,>4,0
1346,837S0892,2024-05-30,43,Female,G53,Secondary,2021-10-26,2021-11-06,NA,NA,NA,NA,NA,NA,NA,NA,NA,NA,>4,0
1347,837S1224,2025-05-02,62,Male,G5,Primary,NA,NA,2020-08-04,2024-03-26,NA,NA,2022-11-24T00:00:00Z,Cell-based Quadrivalent Influenza Vaccine Seqirus,NA,NA,NA,NA,3,1
1348,837S1001,2025-05-03,74,Male,FK1,Secondary,NA,NA,NA,NA,NA,NA,NA,NA,NA,NA,NA,NA,>4,0
1349,837S0071,2024-05-21,77,Female,G52,Secondary,NA,NA,2022-05-25,2024-07-29,2021-10-18T00:00:00Z,Fluad Tetra Vaccine Seqirus,2022-11-08T00:00:00Z,Adjuvanted Quadrivalent Influenza Vaccine Seqirus,2023-10-08T00:00:00Z,Adjuvanted Quadrivalent Influenza Vaccine Seqirus,2024-10-05T00:00:00Z,Adjuvanted Quadrivalent Influenza Vaccine Seqirus,1,4
1350,837S0370,2024-05-22,37,Female,G12,Primary,NA,NA,NA,NA,NA,NA,NA,NA,NA,NA,NA,NA,>4,0
1351,837S0342,2024-05-23,73,Male,G81,Secondary,NA,NA,2020-04-03,2024-06-27,NA,NA,NA,NA,NA,NA,NA,NA,>4,0
1352,837S0152,2024-05-22,25,Male,ML6,Secondary,NA,NA,2021-06-19,2025-03-13,NA,NA,NA,NA,NA,NA,NA,NA,>4,0
1353,837S1411,2025-05-07,31,Female,G41,Secondary,NA,NA,NA,NA,2021-09-28T00:00:00Z,Flucelvax Tetra Vaccine Seqirus,NA,NA,NA,NA,2025-01-20T00:00:00Z,Cell-based Quadrivalent Influenza Vaccine Seqirus,1,2
1354,837S0919,2024-05-30,77,Male,G3,Secondary,NA,NA,2022-07-15,2025-02-21,NA,NA,NA,NA,NA,NA,NA,NA,>4,0
1355,837S0684,2024-05-28,48,Female,G81,Secondary,NA,NA,2021-03-24,2021-11-02,NA,NA,NA,NA,NA,NA,NA,NA,>4,0
1356,837S0453,2024-05-23,76,Female,G33,Primary,NA,NA,NA,NA,2021-11-03T00:00:00Z,Fluad Tetra Vaccine Seqirus,2022-10-28T00:00:00Z,Adjuvanted Quadrivalent Influenza Vaccine Seqirus,2023-10-25T00:00:00Z,Adjuvanted Quadrivalent Influenza Vaccine Seqirus,2024-10-16T00:00:00Z,Adjuvanted Quadrivalent Influenza Vaccine Seqirus,1,4
1357,837S1365,2025-05-06,70,Female,G41,Primary,NA,NA,2021-02-28,2021-02-28,NA,NA,NA,NA,NA,NA,NA,NA,>4,0
1358,837S0487,2024-05-21,72,Male,G33,Secondary,2024-05-23,2025-06-11,2022-04-01,2025-04-06,2021-11-09T00:00:00Z,Fluad Tetra Vaccine Seqirus,NA,NA,2023-10-23T00:00:00Z,Adjuvanted Quadrivalent Influenza Vaccine Seqirus,NA,NA,2,2
1359,837S0838,2024-05-29,55,Female,G61,Primary,NA,NA,2021-09-07,2022-02-28,NA,NA,2022-10-07T00:00:00Z,Cell-based Quadrivalent Influenza Vaccine Seqirus,2023-11-13T00:00:00Z,Cell-based Quadrivalent Influenza Vaccine Seqirus,NA,NA,2,2
1360,837S0178,2024-05-20,61,Female,PA2,Secondary,2022-06-21,2023-11-13,2020-06-23,2022-09-20,2021-11-22T00:00:00Z,Flucelvax Tetra Vaccine Seqirus,2022-11-23T00:00:00Z,Cell-based Quadrivalent Influenza Vaccine Seqirus,2023-10-02T00:00:00Z,Cell-based Quadrivalent Influenza Vaccine Seqirus,2024-11-22T00:00:00Z,Cell-based Quadrivalent Influenza Vaccine Seqirus,1,4
1361,837S0430,2024-05-23,70,Male,G52,Primary,2022-02-21,2022-02-21,2022-07-11,2022-07-11,2021-11-14T00:00:00Z,Fluad Tetra Vaccine Seqirus,2022-10-13T00:00:00Z,Adjuvanted Quadrivalent Influenza Vaccine Seqirus,2023-09-27T00:00:00Z,Adjuvanted Quadrivalent Influenza Vaccine Seqirus,2024-10-26T00:00:00Z,Adjuvanted Quadrivalent Influenza Vaccine Seqirus,1,4
1362,837S0356,2024-05-22,87,Female,PA28,Secondary,NA,NA,2022-03-06,2022-03-08,NA,NA,NA,NA,NA,NA,NA,NA,>4,0
1363,837S0190,2024-05-22,36,Female,G53,Secondary,2022-01-14,2022-01-14,2020-08-07,2022-06-07,2021-11-23T00:00:00Z,Flucelvax Tetra Vaccine Seqirus,NA,NA,NA,NA,NA,NA,4,1
1364,837S1110,2025-05-02,31,Female,PA4,Secondary,2021-06-28,2021-06-28,2020-10-17,2021-11-16,NA,NA,NA,NA,NA,NA,2025-02-04T00:00:00Z,Cell-based Quadrivalent Influenza Vaccine Seqirus,1,1
1365,837S0697,2024-05-27,55,Female,G11,Primary,2021-12-15,2021-12-15,2020-10-23,2021-08-25,NA,NA,NA,NA,NA,NA,NA,NA,>4,0
1366,837S1073,2025-05-03,38,Male,G51,Secondary,NA,NA,2025-05-02,2025-05-08,2021-11-18T00:00:00Z,Flucelvax Tetra Vaccine Seqirus,NA,NA,NA,NA,NA,NA,4,1
1366,837S1259,2025-05-03,38,Male,G51,Secondary,NA,NA,2025-05-02,2025-05-08,2021-11-18T00:00:00Z,Flucelvax Tetra Vaccine Seqirus,NA,NA,NA,NA,NA,NA,4,1
1367,837S1207,2025-05-02,79,Female,G81,Primary,NA,NA,2021-10-24,2025-01-07,2021-11-17T00:00:00Z,Fluad Tetra Vaccine Seqirus,2022-10-08T00:00:00Z,Adjuvanted Quadrivalent Influenza Vaccine Seqirus,NA,NA,NA,NA,3,2
1368,837S0046,2024-05-21,65,Female,PA3,Secondary,NA,NA,NA,NA,2021-11-23T00:00:00Z,Flucelvax Tetra Vaccine Seqirus,NA,NA,NA,NA,NA,NA,4,1
1369,837S0721,2024-05-29,62,Male,G13,Primary,NA,NA,NA,NA,2021-11-17T00:00:00Z,Flucelvax Tetra Vaccine Seqirus,2022-10-24T00:00:00Z,Cell-based Quadrivalent Influenza Vaccine Seqirus,NA,NA,NA,NA,3,2
1370,837S0061,2024-05-21,41,Male,G53,Secondary,2022-01-04,2022-01-07,2020-10-01,2025-01-29,2021-11-10T00:00:00Z,Flucelvax Tetra Vaccine Seqirus,2022-09-27T00:00:00Z,Cell-based Quadrivalent Influenza Vaccine Seqirus,2023-09-13T00:00:00Z,Cell-based Quadrivalent Influenza Vaccine Seqirus,2024-11-13T00:00:00Z,Cell-based Quadrivalent Influenza Vaccine Seqirus,1,4
1371,837S0379,2024-05-22,37,Female,G42,Primary,NA,NA,NA,NA,NA,NA,NA,NA,NA,NA,NA,NA,>4,0
1372,837S0273,2024-05-21,73,Female,G52,Secondary,NA,NA,NA,NA,2021-10-31T00:00:00Z,Fluad Tetra Vaccine Seqirus,2022-09-29T00:00:00Z,Adjuvanted Quadrivalent Influenza Vaccine Seqirus,2023-10-18T00:00:00Z,Adjuvanted Quadrivalent Influenza Vaccine Seqirus,2025-01-14T00:00:00Z,Adjuvanted Quadrivalent Influenza Vaccine Seqirus,1,4
1372,837S0443,2024-05-23,73,Female,G52,Secondary,NA,NA,NA,NA,2021-10-31T00:00:00Z,Fluad Tetra Vaccine Seqirus,2022-09-29T00:00:00Z,Adjuvanted Quadrivalent Influenza Vaccine Seqirus,2023-10-18T00:00:00Z,Adjuvanted Quadrivalent Influenza Vaccine Seqirus,2025-01-14T00:00:00Z,Adjuvanted Quadrivalent Influenza Vaccine Seqirus,1,4
1373,837S1436,2025-05-07,58,Male,PA4,Secondary,NA,NA,2021-01-05,2021-01-05,NA,NA,NA,NA,2023-11-11T00:00:00Z,Cell-based Quadrivalent Influenza Vaccine Seqirus,2024-11-15T00:00:00Z,Cell-based Quadrivalent Influenza Vaccine Seqirus,1,2
1374,837S1389,2025-05-06,77,Female,G60,Primary,NA,NA,2021-11-17,2023-04-11,2021-10-23T00:00:00Z,Fluad Tetra Vaccine Seqirus,2022-10-08T00:00:00Z,Adjuvanted Quadrivalent Influenza Vaccine Seqirus,2023-10-30T00:00:00Z,Adjuvanted Quadrivalent Influenza Vaccine Seqirus,2024-10-19T00:00:00Z,Adjuvanted Quadrivalent Influenza Vaccine Seqirus,1,4
1375,837S0144,2024-05-22,60,Female,G13,Secondary,2022-03-22,2022-03-22,2021-03-11,2023-01-16,2021-12-13T00:00:00Z,Flucelvax Tetra Vaccine Seqirus,NA,NA,NA,NA,NA,NA,4,1
1376,837S1041,2025-05-03,39,Male,PA31,Secondary,NA,NA,2021-07-12,2021-10-26,NA,NA,NA,NA,NA,NA,NA,NA,>4,0
1377,837S0521,2024-05-27,70,Male,G72,Secondary,NA,NA,NA,NA,NA,NA,NA,NA,NA,NA,NA,NA,>4,0
1378,837S0792,2024-05-29,60,Female,G2,Secondary,NA,NA,2022-01-08,2022-01-08,2021-12-06T00:00:00Z,Flucelvax Tetra Vaccine Seqirus,2022-10-01T00:00:00Z,Adjuvanted Quadrivalent Influenza Vaccine Seqirus,2023-11-16T00:00:00Z,Cell-based Quadrivalent Influenza Vaccine Seqirus,2024-11-26T00:00:00Z,Cell-based Quadrivalent Influenza Vaccine Seqirus,1,4
1379,837S0709,2024-05-29,20,Female,G43,Primary,2021-09-20,2021-09-20,NA,NA,NA,NA,NA,NA,NA,NA,NA,NA,>4,0
1380,837S0726,2024-05-29,82,Male,G41,Primary,2020-11-05,2020-11-05,NA,NA,2021-10-20T00:00:00Z,Fluad Tetra Vaccine Seqirus,NA,NA,NA,NA,2024-12-21T00:00:00Z,Adjuvanted Quadrivalent Influenza Vaccine Seqirus,1,2
1381,837S0439,2024-05-22,37,Female,G42,Primary,NA,NA,2024-07-09,2024-07-09,NA,NA,NA,NA,NA,NA,NA,NA,>4,0
1382,837S1071,2025-05-02,43,Female,G44,Primary,NA,NA,2021-11-18,2021-11-18,NA,NA,NA,NA,NA,NA,NA,NA,>4,0
1383,837S0424,2024-05-22,64,Female,G46,Primary,NA,NA,NA,NA,NA,NA,NA,NA,NA,NA,NA,NA,>4,0
1384,837S0374,2024-05-23,78,Male,G52,Secondary,NA,NA,2021-03-17,2025-01-06,2021-10-22T00:00:00Z,Fluad Tetra Vaccine Seqirus,2022-09-18T00:00:00Z,Adjuvanted Quadrivalent Influenza Vaccine Seqirus,2023-10-04T00:00:00Z,Adjuvanted Quadrivalent Influenza Vaccine Seqirus,2024-10-06T00:00:00Z,Adjuvanted Quadrivalent Influenza Vaccine Seqirus,1,4
1385,837S1248,2025-05-02,37,Female,G15,Primary,NA,NA,2021-05-11,2023-12-31,NA,NA,NA,NA,NA,NA,NA,NA,>4,0
1386,837S1021,2025-05-02,49,Female,G44,Primary,NA,NA,NA,NA,NA,NA,NA,NA,NA,NA,NA,NA,>4,0
1387,837S1417,2025-05-07,79,Female,G73,Secondary,2024-06-17,2024-06-17,2020-05-12,2025-04-28,NA,NA,NA,NA,NA,NA,NA,NA,>4,0
1388,837S0210,2024-05-22,81,Male,G4,Secondary,NA,NA,NA,NA,2021-10-01T00:00:00Z,Fluad Tetra Vaccine Seqirus,NA,NA,NA,NA,NA,NA,4,1
1389,837S0021,2024-05-21,82,Female,PA28,Secondary,NA,NA,2020-08-17,2020-08-23,NA,NA,NA,NA,NA,NA,NA,NA,>4,0
1390,837S0039,2024-05-21,56,Female,G73,Secondary,NA,NA,NA,NA,NA,NA,NA,NA,NA,NA,NA,NA,>4,0
1391,837S1036,2025-05-03,61,Male,L7,Secondary,NA,NA,NA,NA,NA,NA,NA,NA,NA,NA,NA,NA,>4,0
1392,837S0491,2024-05-22,82,Male,G53,Primary,NA,NA,2022-01-03,2025-01-04,NA,NA,2022-09-14T00:00:00Z,Adjuvanted Quadrivalent Influenza Vaccine Seqirus,NA,NA,2024-10-01T00:00:00Z,Adjuvanted Quadrivalent Influenza Vaccine Seqirus,1,2
1393,837S0701,2024-05-29,42,Female,G52,Primary,NA,NA,2022-01-05,2022-01-05,2021-12-20T00:00:00Z,Flucelvax Tetra Vaccine Seqirus,2022-11-03T00:00:00Z,Cell-based Quadrivalent Influenza Vaccine Seqirus,NA,NA,NA,NA,3,2
1394,837S0383,2024-05-23,64,Female,G53,Primary,NA,NA,NA,NA,2021-12-04T00:00:00Z,Flucelvax Tetra Vaccine Seqirus,2022-10-23T00:00:00Z,Cell-based Quadrivalent Influenza Vaccine Seqirus,2023-12-06T00:00:00Z,Cell-based Quadrivalent Influenza Vaccine Seqirus,2024-11-14T00:00:00Z,Cell-based Quadrivalent Influenza Vaccine Seqirus,1,4
1395,837S1458,2025-05-06,77,Male,G51,Primary,NA,NA,NA,NA,2021-10-20T00:00:00Z,Fluad Tetra Vaccine Seqirus,2022-10-06T00:00:00Z,Adjuvanted Quadrivalent Influenza Vaccine Seqirus,2023-11-14T00:00:00Z,Adjuvanted Quadrivalent Influenza Vaccine Seqirus,2024-10-06T00:00:00Z,Adjuvanted Quadrivalent Influenza Vaccine Seqirus,1,4
1396,837S1127,2025-05-03,39,Male,G81,Secondary,NA,NA,NA,NA,NA,NA,NA,NA,NA,NA,NA,NA,>4,0
1396,837S1405,2025-05-07,39,Male,G81,Secondary,NA,NA,NA,NA,NA,NA,NA,NA,NA,NA,NA,NA,>4,0
1397,837S1322,2025-05-07,42,Female,G15,Secondary,2021-08-02,2022-01-04,2020-08-17,2021-09-13,NA,NA,NA,NA,NA,NA,NA,NA,>4,0
1398,837S0708,2024-05-29,53,Female,G13,Primary,2020-10-09,2020-10-09,2021-03-19,2021-03-19,2021-12-07T00:00:00Z,Flucelvax Tetra Vaccine Seqirus,2022-10-23T00:00:00Z,Cell-based Quadrivalent Influenza Vaccine Seqirus,2024-01-24T00:00:00Z,Cell-based Quadrivalent Influenza Vaccine Seqirus,2024-11-12T00:00:00Z,Cell-based Quadrivalent Influenza Vaccine Seqirus,1,4
1399,837S1143,2025-05-02,81,Female,G46,Primary,NA,NA,2021-06-02,2021-06-02,NA,NA,NA,NA,NA,NA,NA,NA,>4,0
1400,837S0578,2024-05-28,62,Female,G45,Secondary,NA,NA,2024-04-02,2024-04-27,2021-11-16T00:00:00Z,Flucelvax Tetra Vaccine Seqirus,2022-12-29T00:00:00Z,Cell-based Quadrivalent Influenza Vaccine Seqirus,NA,NA,NA,NA,3,2
1401,837S1034,2025-05-03,80,Male,G41,Secondary,NA,NA,2020-07-23,2025-03-05,2021-10-20T00:00:00Z,Fluad Tetra Vaccine Seqirus,NA,NA,2023-10-31T00:00:00Z,Adjuvanted Quadrivalent Influenza Vaccine Seqirus,NA,NA,2,2
1402,837S0763,2024-05-30,78,Female,G77,Secondary,NA,NA,2022-11-14,2024-10-31,2021-10-23T00:00:00Z,Fluad Tetra Vaccine Seqirus,2022-09-26T00:00:00Z,Adjuvanted Quadrivalent Influenza Vaccine Seqirus,2023-10-18T00:00:00Z,Adjuvanted Quadrivalent Influenza Vaccine Seqirus,2024-10-20T00:00:00Z,Adjuvanted Quadrivalent Influenza Vaccine Seqirus,1,4
1403,837S0603,2024-05-27,79,Female,G11,Secondary,NA,NA,NA,NA,2021-10-18T00:00:00Z,Fluad Tetra Vaccine Seqirus,2022-09-28T00:00:00Z,Adjuvanted Quadrivalent Influenza Vaccine Seqirus,2023-11-07T00:00:00Z,Adjuvanted Quadrivalent Influenza Vaccine Seqirus,2024-10-01T00:00:00Z,Adjuvanted Quadrivalent Influenza Vaccine Seqirus,1,4
1404,837S1277,2025-05-03,79,Male,G44,Secondary,2022-03-17,2025-04-30,2021-05-09,2022-07-04,2021-10-24T00:00:00Z,Fluad Tetra Vaccine Seqirus,2022-10-24T00:00:00Z,Adjuvanted Quadrivalent Influenza Vaccine Seqirus,2023-10-22T00:00:00Z,Adjuvanted Quadrivalent Influenza Vaccine Seqirus,2024-11-16T00:00:00Z,Adjuvanted Quadrivalent Influenza Vaccine Seqirus,1,4
1405,837S0971,2024-05-30,89,Female,G81,Secondary,NA,NA,2021-09-16,2022-04-02,2021-10-31T00:00:00Z,Fluad Tetra Vaccine Seqirus,2022-09-17T00:00:00Z,Adjuvanted Quadrivalent Influenza Vaccine Seqirus,2023-09-20T00:00:00Z,Adjuvanted Quadrivalent Influenza Vaccine Seqirus,NA,NA,2,3
1406,837S0669,2024-05-27,52,Female,G12,Primary,NA,NA,NA,NA,NA,NA,2022-11-26T00:00:00Z,Cell-based Quadrivalent Influenza Vaccine Seqirus,NA,NA,NA,NA,3,1
1407,837S1227,2025-05-03,78,Male,G42,Secondary,NA,NA,2020-07-23,2025-04-23,2021-11-02T00:00:00Z,Fluad Tetra Vaccine Seqirus,2022-09-25T00:00:00Z,Adjuvanted Quadrivalent Influenza Vaccine Seqirus,2023-10-22T00:00:00Z,Adjuvanted Quadrivalent Influenza Vaccine Seqirus,2024-11-09T00:00:00Z,Adjuvanted Quadrivalent Influenza Vaccine Seqirus,1,4
1408,837S1168,2025-05-03,38,Female,G72,Secondary,NA,NA,2022-08-03,2025-04-27,NA,NA,NA,NA,NA,NA,2025-01-31T00:00:00Z,Cell-based Quadrivalent Influenza Vaccine Seqirus,1,1
1409,837S0256,2024-05-20,54,Female,G13,Secondary,NA,NA,NA,NA,NA,NA,NA,NA,NA,NA,NA,NA,>4,0
1410,837S0598,2024-05-28,44,Female,G45,Secondary,2024-07-02,2024-08-27,2021-12-15,2024-12-28,NA,NA,NA,NA,NA,NA,NA,NA,>4,0
1411,837S1123,2025-05-03,61,Male,G15,Secondary,NA,NA,2021-04-20,2025-05-01,2021-11-08T00:00:00Z,Flucelvax Tetra Vaccine Seqirus,2022-12-05T00:00:00Z,Cell-based Quadrivalent Influenza Vaccine Seqirus,2023-11-18T00:00:00Z,Cell-based Quadrivalent Influenza Vaccine Seqirus,2024-12-04T00:00:00Z,Cell-based Quadrivalent Influenza Vaccine Seqirus,1,4
1412,837S0271,2024-05-22,87,Male,PA11,Secondary,NA,NA,2022-02-08,2025-02-05,2021-11-06T00:00:00Z,Fluad Tetra Vaccine Seqirus,2022-09-19T00:00:00Z,Adjuvanted Quadrivalent Influenza Vaccine Seqirus,2023-12-04T00:00:00Z,Adjuvanted Quadrivalent Influenza Vaccine Seqirus,2024-10-06T00:00:00Z,Adjuvanted Quadrivalent Influenza Vaccine Seqirus,1,4
1413,837S0976,2024-05-28,41,Male,G12,Secondary,NA,NA,2020-08-10,2022-11-11,2021-11-20T00:00:00Z,Flucelvax Tetra Vaccine Seqirus,2022-10-27T00:00:00Z,Cell-based Quadrivalent Influenza Vaccine Seqirus,2023-09-11T00:00:00Z,Cell-based Quadrivalent Influenza Vaccine Seqirus,2024-10-02T00:00:00Z,Cell-based Quadrivalent Influenza Vaccine Seqirus,1,4
1414,837S0322,2024-05-23,65,Female,G11,Primary,2021-09-07,2021-09-07,NA,NA,2021-12-12T00:00:00Z,Flucelvax Tetra Vaccine Seqirus,NA,NA,NA,NA,NA,NA,4,1
1415,837S0934,2024-05-30,76,Male,PA11,Secondary,NA,NA,2024-01-31,2024-01-31,2021-11-04T00:00:00Z,Fluad Tetra Vaccine Seqirus,2022-12-05T00:00:00Z,Adjuvanted Quadrivalent Influenza Vaccine Seqirus,2023-11-06T00:00:00Z,Adjuvanted Quadrivalent Influenza Vaccine Seqirus,2024-10-01T00:00:00Z,Adjuvanted Quadrivalent Influenza Vaccine Seqirus,1,4
1416,837S0574,2024-05-28,81,Male,PA23,Secondary,NA,NA,2021-01-19,2024-12-12,NA,NA,NA,NA,NA,NA,NA,NA,>4,0
1416,837S0166,2024-05-22,81,Male,PA23,Secondary,NA,NA,2021-01-19,2024-12-12,NA,NA,NA,NA,NA,NA,NA,NA,>4,0
1417,837S0507,2024-05-28,79,Female,PA4,Secondary,NA,NA,NA,NA,2021-10-29T00:00:00Z,Fluad Tetra Vaccine Seqirus,2022-09-30T00:00:00Z,Adjuvanted Quadrivalent Influenza Vaccine Seqirus,2023-10-21T00:00:00Z,Adjuvanted Quadrivalent Influenza Vaccine Seqirus,2024-10-11T00:00:00Z,Adjuvanted Quadrivalent Influenza Vaccine Seqirus,1,4
1418,837S0670,2024-05-22,39,Female,G76,Primary,2021-12-29,2021-12-29,2020-10-26,2021-02-03,NA,NA,NA,NA,NA,NA,NA,NA,>4,0
1419,837S0683,2024-05-27,44,Female,G53,Primary,NA,NA,2021-08-25,2022-01-18,2021-12-06T00:00:00Z,Flucelvax Tetra Vaccine Seqirus,NA,NA,NA,NA,NA,NA,4,1
1420,837S0736,2024-05-29,56,Female,G13,Primary,NA,NA,2020-07-29,2020-07-29,NA,NA,2022-10-25T00:00:00Z,Cell-based Quadrivalent Influenza Vaccine Seqirus,2023-10-31T00:00:00Z,Cell-based Quadrivalent Influenza Vaccine Seqirus,2024-11-12T00:00:00Z,Cell-based Quadrivalent Influenza Vaccine Seqirus,1,3
1421,837S0051,2024-05-21,62,Female,G62,Secondary,2021-01-03,2022-05-30,2020-05-09,2022-04-21,2021-11-16T00:00:00Z,Flucelvax Tetra Vaccine Seqirus,2022-09-30T00:00:00Z,Cell-based Quadrivalent Influenza Vaccine Seqirus,2023-11-20T00:00:00Z,Cell-based Quadrivalent Influenza Vaccine Seqirus,2024-11-25T00:00:00Z,Cell-based Quadrivalent Influenza Vaccine Seqirus,1,4
1422,837S1414,2025-05-06,31,Female,G60,Secondary,NA,NA,2021-03-23,2021-12-10,NA,NA,2022-11-22T00:00:00Z,Cell-based Quadrivalent Influenza Vaccine Seqirus,NA,NA,2025-01-14T00:00:00Z,Cell-based Quadrivalent Influenza Vaccine Seqirus,1,2
1423,837S0727,2024-05-29,51,Male,G52,Secondary,NA,NA,2022-03-05,2022-07-02,NA,NA,NA,NA,NA,NA,NA,NA,>4,0
1424,837S0261,2024-05-20,66,Female,PA28,Primary,NA,NA,NA,NA,NA,NA,NA,NA,NA,NA,NA,NA,>4,0
1425,837S1191,2025-05-02,60,Male,G51,Secondary,NA,NA,2020-11-17,2020-11-17,2021-12-04T00:00:00Z,Flucelvax Tetra Vaccine Seqirus,2022-10-31T00:00:00Z,Cell-based Quadrivalent Influenza Vaccine Seqirus,NA,NA,2024-11-19T00:00:00Z,Cell-based Quadrivalent Influenza Vaccine Seqirus,1,3
1426,837S0966,2024-05-30,52,Male,G77,Primary,NA,NA,2020-08-22,2021-11-12,NA,NA,2022-12-02T00:00:00Z,Cell-based Quadrivalent Influenza Vaccine Seqirus,NA,NA,NA,NA,3,1
1427,837S1362,2025-05-06,35,Male,G13,Primary,NA,NA,NA,NA,NA,NA,NA,NA,NA,NA,NA,NA,>4,0
1428,837S0614,2024-05-28,84,Male,G81,Secondary,NA,NA,2021-08-03,2021-08-03,2021-10-20T00:00:00Z,Fluad Tetra Vaccine Seqirus,2022-10-01T00:00:00Z,Adjuvanted Quadrivalent Influenza Vaccine Seqirus,2023-10-16T00:00:00Z,Adjuvanted Quadrivalent Influenza Vaccine Seqirus,2024-10-05T00:00:00Z,Adjuvanted Quadrivalent Influenza Vaccine Seqirus,1,4
1429,837S0032,2024-05-21,35,Female,G5,Secondary,NA,NA,2021-01-03,2021-01-03,NA,NA,NA,NA,NA,NA,NA,NA,>4,0
1430,837S1366,2025-05-07,33,Male,G5,Secondary,2021-01-08,2021-01-08,2024-12-29,2025-05-05,NA,NA,NA,NA,NA,NA,NA,NA,>4,0
1431,837S1158,2025-05-02,24,Female,G45,Primary,2020-11-26,2020-11-26,NA,NA,NA,NA,NA,NA,NA,NA,NA,NA,>4,0
1432,837S1090,2025-05-03,71,Male,G42,Secondary,NA,NA,NA,NA,NA,NA,NA,NA,NA,NA,NA,NA,>4,0
1433,837S1426,2025-05-07,60,Male,G41,Primary,NA,NA,2020-05-01,2020-05-01,NA,NA,2022-10-18T00:00:00Z,Cell-based Quadrivalent Influenza Vaccine Seqirus,NA,NA,NA,NA,3,1
1434,837S0480,2024-05-22,27,Female,G3,Primary,NA,NA,2020-12-12,2021-08-20,2021-10-27T00:00:00Z,Flucelvax Tetra Vaccine Seqirus,2022-10-11T00:00:00Z,Cell-based Quadrivalent Influenza Vaccine Seqirus,NA,NA,2025-01-04T00:00:00Z,Cell-based Quadrivalent Influenza Vaccine Seqirus,1,3
1435,837S0587,2024-05-28,69,Male,G45,Secondary,NA,NA,2020-06-15,2022-02-15,2021-11-06T00:00:00Z,Fluad Tetra Vaccine Seqirus,2022-10-19T00:00:00Z,Adjuvanted Quadrivalent Influenza Vaccine Seqirus,2023-12-11T00:00:00Z,Adjuvanted Quadrivalent Influenza Vaccine Seqirus,2024-12-23T00:00:00Z,Adjuvanted Quadrivalent Influenza Vaccine Seqirus,1,4
1436,837S1133,2025-05-03,35,Female,G20,Secondary,2021-02-02,2024-04-23,2020-08-11,2024-11-17,NA,NA,2022-11-16T00:00:00Z,Cell-based Quadrivalent Influenza Vaccine Seqirus,2023-11-13T00:00:00Z,Adjuvanted Quadrivalent Influenza Vaccine Seqirus,NA,NA,2,2
1436,837S1195,2025-05-03,35,Female,G20,Secondary,2021-02-02,2024-04-23,2020-08-11,2024-11-17,NA,NA,2022-11-16T00:00:00Z,Cell-based Quadrivalent Influenza Vaccine Seqirus,2023-11-13T00:00:00Z,Adjuvanted Quadrivalent Influenza Vaccine Seqirus,NA,NA,2,2
1437,837S0109,2024-05-21,25,Female,G52,Secondary,2020-12-31,2020-12-31,2022-03-01,2022-03-01,NA,NA,2022-10-12T00:00:00Z,Cell-based Quadrivalent Influenza Vaccine Seqirus,NA,NA,NA,NA,3,1
1438,837S0197,2024-05-21,62,Female,G31,Secondary,NA,NA,NA,NA,NA,NA,NA,NA,NA,NA,NA,NA,>4,0
1438,837S0350,2024-05-23,62,Female,G31,Secondary,NA,NA,NA,NA,NA,NA,NA,NA,NA,NA,NA,NA,>4,0
1439,837S0466,2024-05-22,34,Male,G15,Primary,2021-12-28,2021-12-28,2021-03-07,2021-07-03,NA,NA,NA,NA,NA,NA,NA,NA,>4,0
1440,837S1460,2025-05-07,51,Female,G53,Primary,2022-03-02,2022-03-02,2020-12-22,2021-09-13,NA,NA,NA,NA,NA,NA,NA,NA,>4,0
1441,837S0588,2024-05-27,60,Male,G53,Primary,NA,NA,2021-01-19,2021-06-02,NA,NA,NA,NA,NA,NA,NA,NA,>4,0
1442,837S0407,2024-05-23,77,Male,G61,Secondary,NA,NA,2020-08-29,2023-01-19,2021-10-24T00:00:00Z,Fluad Tetra Vaccine Seqirus,2022-09-29T00:00:00Z,Adjuvanted Quadrivalent Influenza Vaccine Seqirus,2023-10-23T00:00:00Z,Adjuvanted Quadrivalent Influenza Vaccine Seqirus,2024-10-17T00:00:00Z,Adjuvanted Quadrivalent Influenza Vaccine Seqirus,1,4
1443,837S1140,2025-05-03,59,Male,G42,Secondary,NA,NA,2020-06-22,2025-04-18,2021-12-14T00:00:00Z,Flucelvax Tetra Vaccine Seqirus,2022-11-05T00:00:00Z,Cell-based Quadrivalent Influenza Vaccine Seqirus,2023-11-30T00:00:00Z,Cell-based Quadrivalent Influenza Vaccine Seqirus,NA,NA,2,3
1444,837S0953,2024-05-29,71,Male,G5,Secondary,2023-01-13,2023-01-13,NA,NA,NA,NA,NA,NA,2023-12-31T00:00:00Z,Adjuvanted Quadrivalent Influenza Vaccine Seqirus,NA,NA,2,1
1445,837S0323,2024-05-23,66,Male,G45,Secondary,NA,NA,2020-08-12,2024-05-13,NA,NA,NA,NA,2023-10-31T00:00:00Z,Adjuvanted Quadrivalent Influenza Vaccine Seqirus,NA,NA,2,1
1446,837S0413,2024-05-22,38,Male,PA28,Primary,NA,NA,2021-04-05,2021-04-05,NA,NA,NA,NA,NA,NA,NA,NA,>4,0
1447,837S1093,2025-05-03,39,Female,G62,Secondary,NA,NA,NA,NA,NA,NA,2022-11-05T00:00:00Z,Cell-based Quadrivalent Influenza Vaccine Seqirus,NA,NA,NA,NA,3,1
1448,837S0686,2024-05-27,32,Female,G43,Primary,NA,NA,2021-10-31,2021-10-31,NA,NA,NA,NA,NA,NA,NA,NA,>4,0
1449,837S0893,2024-05-29,72,Male,G81,Secondary,NA,NA,2022-05-21,2024-05-29,2021-10-13T00:00:00Z,Fluad Tetra Vaccine Seqirus,2022-10-29T00:00:00Z,Adjuvanted Quadrivalent Influenza Vaccine Seqirus,2023-12-11T00:00:00Z,Adjuvanted Quadrivalent Influenza Vaccine Seqirus,NA,NA,2,3
1450,837S0284,2024-05-21,39,Male,G5,Primary,2020-12-23,2020-12-23,2021-09-07,2021-09-07,NA,NA,NA,NA,NA,NA,NA,NA,>4,0
1451,837S1292,2025-05-03,47,Male,G41,Secondary,NA,NA,2021-01-05,2024-10-25,NA,NA,NA,NA,NA,NA,NA,NA,>4,0
1452,837S1178,2025-05-03,41,Female,G12,Secondary,2022-04-22,2022-04-22,2020-11-28,2025-06-02,2021-12-15T00:00:00Z,Flucelvax Tetra Vaccine Seqirus,NA,NA,NA,NA,NA,NA,4,1
1453,837S1370,2025-05-06,88,Female,G52,Primary,NA,NA,NA,NA,NA,NA,NA,NA,NA,NA,NA,NA,>4,0
1454,837S1120,2025-05-03,76,Male,PA1,Secondary,2021-11-18,2021-11-18,2021-12-27,2022-02-08,2021-11-03T00:00:00Z,Fluad Tetra Vaccine Seqirus,2022-10-09T00:00:00Z,Adjuvanted Quadrivalent Influenza Vaccine Seqirus,2023-10-14T00:00:00Z,Adjuvanted Quadrivalent Influenza Vaccine Seqirus,2024-10-21T00:00:00Z,Adjuvanted Quadrivalent Influenza Vaccine Seqirus,1,4
1455,837S1289,2025-05-03,27,Female,G53,Secondary,2021-12-28,2021-12-28,2021-11-09,2021-11-09,NA,NA,NA,NA,NA,NA,NA,NA,>4,0
1456,837S1357,2025-05-07,94,Male,G43,Secondary,NA,NA,NA,NA,2021-10-17T00:00:00Z,Fluad Tetra Vaccine Seqirus,2022-09-18T00:00:00Z,Adjuvanted Quadrivalent Influenza Vaccine Seqirus,2023-10-07T00:00:00Z,Adjuvanted Quadrivalent Influenza Vaccine Seqirus,2024-11-01T00:00:00Z,Adjuvanted Quadrivalent Influenza Vaccine Seqirus,1,4
1457,837S0804,2024-05-29,77,Female,G81,Primary,2021-10-05,2021-10-05,2023-01-24,2024-03-12,2021-11-06T00:00:00Z,Fluad Tetra Vaccine Seqirus,2022-10-15T00:00:00Z,Adjuvanted Quadrivalent Influenza Vaccine Seqirus,2023-12-14T00:00:00Z,Adjuvanted Quadrivalent Influenza Vaccine Seqirus,2024-10-19T00:00:00Z,Adjuvanted Quadrivalent Influenza Vaccine Seqirus,1,4
1458,837S1500,2025-05-08,48,Female,G76,Secondary,NA,NA,2021-02-03,2022-10-31,NA,NA,NA,NA,NA,NA,NA,NA,>4,0
1459,837S0883,2024-05-30,49,Female,G43,Secondary,NA,NA,NA,NA,2021-11-21T00:00:00Z,Flucelvax Tetra Vaccine Seqirus,2022-11-06T00:00:00Z,Cell-based Quadrivalent Influenza Vaccine Seqirus,2023-11-19T00:00:00Z,Cell-based Quadrivalent Influenza Vaccine Seqirus,NA,NA,2,3
1460,837S0724,2024-05-29,77,Female,G43,Secondary,2022-03-29,2022-05-26,2022-03-13,2025-05-25,2021-10-19T00:00:00Z,Fluad Tetra Vaccine Seqirus,2022-10-01T00:00:00Z,Adjuvanted Quadrivalent Influenza Vaccine Seqirus,2023-11-12T00:00:00Z,Adjuvanted Quadrivalent Influenza Vaccine Seqirus,2025-01-04T00:00:00Z,Adjuvanted Quadrivalent Influenza Vaccine Seqirus,1,4
1461,837S0933,2024-05-28,71,Male,G61,Secondary,2024-07-11,2024-08-06,2021-08-20,2024-06-15,2021-10-01T00:00:00Z,Fluad Tetra Vaccine Seqirus,2022-10-04T00:00:00Z,Adjuvanted Quadrivalent Influenza Vaccine Seqirus,2023-11-23T00:00:00Z,Adjuvanted Quadrivalent Influenza Vaccine Seqirus,NA,NA,2,3
1462,837S1145,2025-05-03,32,Female,PA2,Secondary,NA,NA,NA,NA,NA,NA,NA,NA,NA,NA,NA,NA,>4,0
1463,837S0984,2024-05-28,84,Male,G13,Secondary,NA,NA,2020-05-26,2021-08-18,2021-10-19T00:00:00Z,Fluad Tetra Vaccine Seqirus,2022-09-20T00:00:00Z,Adjuvanted Quadrivalent Influenza Vaccine Seqirus,2023-11-09T00:00:00Z,Adjuvanted Quadrivalent Influenza Vaccine Seqirus,2024-11-28T00:00:00Z,Adjuvanted Quadrivalent Influenza Vaccine Seqirus,1,4
1464,837S0100,2024-05-21,65,Male,G76,Secondary,2021-12-22,2021-12-22,2021-01-03,2021-09-03,2021-11-27T00:00:00Z,Flucelvax Tetra Vaccine Seqirus,2022-11-26T00:00:00Z,Cell-based Quadrivalent Influenza Vaccine Seqirus,2023-10-14T00:00:00Z,Adjuvanted Quadrivalent Influenza Vaccine Seqirus,NA,NA,2,3
1465,837S0780,2024-05-28,58,Male,G53,Secondary,2022-08-15,2022-08-15,NA,NA,2021-09-26T00:00:00Z,Flucelvax Tetra Vaccine Seqirus,NA,NA,NA,NA,NA,NA,4,1
1466,837S1445,2025-05-07,67,Female,G78,Secondary,NA,NA,NA,NA,NA,NA,NA,NA,NA,NA,NA,NA,>4,0
1467,837S0746,2024-05-29,82,Male,G81,Primary,NA,NA,NA,NA,2021-10-31T00:00:00Z,Fluad Tetra Vaccine Seqirus,2022-10-01T00:00:00Z,Adjuvanted Quadrivalent Influenza Vaccine Seqirus,2023-11-06T00:00:00Z,Adjuvanted Quadrivalent Influenza Vaccine Seqirus,2024-10-09T00:00:00Z,Adjuvanted Quadrivalent Influenza Vaccine Seqirus,1,4
1468,837S0932,2024-05-30,74,Male,G44,Secondary,NA,NA,2020-07-03,2022-04-20,2021-10-24T00:00:00Z,Fluad Tetra Vaccine Seqirus,2022-09-27T00:00:00Z,Adjuvanted Quadrivalent Influenza Vaccine Seqirus,2023-11-12T00:00:00Z,Adjuvanted Quadrivalent Influenza Vaccine Seqirus,2024-10-26T00:00:00Z,Adjuvanted Quadrivalent Influenza Vaccine Seqirus,1,4
1469,837S0897,2024-05-30,46,Female,G11,Secondary,NA,NA,NA,NA,2021-11-19T00:00:00Z,Flucelvax Tetra Vaccine Seqirus,2022-10-27T00:00:00Z,Cell-based Quadrivalent Influenza Vaccine Seqirus,2023-11-23T00:00:00Z,Cell-based Quadrivalent Influenza Vaccine Seqirus,2024-10-31T00:00:00Z,Cell-based Quadrivalent Influenza Vaccine Seqirus,1,4
1470,837S0016,2024-05-21,85,Male,G46,Secondary,2024-01-18,2024-01-18,2021-04-27,2024-01-05,2021-10-21T00:00:00Z,Fluad Tetra Vaccine Seqirus,2022-09-23T00:00:00Z,Adjuvanted Quadrivalent Influenza Vaccine Seqirus,2023-10-16T00:00:00Z,Adjuvanted Quadrivalent Influenza Vaccine Seqirus,NA,NA,2,3
1471,837S1230,2025-05-02,64,Female,G52,Secondary,2020-12-27,2020-12-27,2021-06-24,2021-06-24,2021-11-14T00:00:00Z,Fluad Tetra Vaccine Seqirus,NA,NA,NA,NA,NA,NA,4,1
1472,837S1183,2025-05-02,82,Male,G77,Secondary,NA,NA,2021-12-10,2021-12-31,2021-10-18T00:00:00Z,Fluad Tetra Vaccine Seqirus,2022-10-06T00:00:00Z,Adjuvanted Quadrivalent Influenza Vaccine Seqirus,2023-11-03T00:00:00Z,Adjuvanted Quadrivalent Influenza Vaccine Seqirus,2024-10-26T00:00:00Z,Adjuvanted Quadrivalent Influenza Vaccine Seqirus,1,4
1473,837S1475,2025-05-07,71,Male,KA1,Secondary,NA,NA,NA,NA,NA,NA,NA,NA,NA,NA,NA,NA,>4,0
1474,837S1086,2025-05-03,59,Female,G13,Secondary,NA,NA,2020-11-17,2020-11-17,NA,NA,NA,NA,NA,NA,NA,NA,>4,0
1475,837S0367,2024-05-22,39,Male,G11,Primary,NA,NA,NA,NA,NA,NA,NA,NA,NA,NA,NA,NA,>4,0
1476,837S0958,2024-05-30,73,Male,FK5,Secondary,NA,NA,2024-06-30,2025-06-01,NA,NA,NA,NA,NA,NA,NA,NA,>4,0
1477,837S0489,2024-05-22,67,Male,G61,Primary,NA,NA,NA,NA,2021-11-08T00:00:00Z,Fluad Tetra Vaccine Seqirus,2022-10-16T00:00:00Z,Adjuvanted Quadrivalent Influenza Vaccine Seqirus,2023-11-13T00:00:00Z,Adjuvanted Quadrivalent Influenza Vaccine Seqirus,2024-10-30T00:00:00Z,Adjuvanted Quadrivalent Influenza Vaccine Seqirus,1,4
1478,837S1493,2025-05-07,68,Male,G53,Secondary,2023-09-15,2023-09-15,2021-02-27,2023-01-01,2021-11-13T00:00:00Z,Fluad Tetra Vaccine Seqirus,2022-09-10T00:00:00Z,Adjuvanted Quadrivalent Influenza Vaccine Seqirus,2023-10-15T00:00:00Z,Adjuvanted Quadrivalent Influenza Vaccine Seqirus,2024-11-14T00:00:00Z,Adjuvanted Quadrivalent Influenza Vaccine Seqirus,1,4
1479,837S0809,2024-05-28,42,Male,G51,Secondary,NA,NA,NA,NA,NA,NA,NA,NA,NA,NA,NA,NA,>4,0
1479,837S0935,2024-05-30,42,Male,G51,Secondary,NA,NA,NA,NA,NA,NA,NA,NA,NA,NA,NA,NA,>4,0
1480,837S0586,2024-05-27,56,Female,G44,Primary,NA,NA,2020-06-10,2020-12-30,NA,NA,NA,NA,NA,NA,NA,NA,>4,0
1481,837S0274,2024-05-21,68,Male,G62,Primary,NA,NA,2021-07-18,2022-09-26,2021-11-04T00:00:00Z,Fluad Tetra Vaccine Seqirus,2022-10-06T00:00:00Z,Adjuvanted Quadrivalent Influenza Vaccine Seqirus,2023-12-18T00:00:00Z,Adjuvanted Quadrivalent Influenza Vaccine Seqirus,2024-11-07T00:00:00Z,Adjuvanted Quadrivalent Influenza Vaccine Seqirus,1,4
1482,837S0418,2024-05-22,41,Female,G2,Primary,NA,NA,2021-10-21,2021-10-21,NA,NA,NA,NA,NA,NA,NA,NA,>4,0
1483,837S1387,2025-05-06,66,Female,G43,Primary,NA,NA,2021-01-21,2021-01-21,2021-11-10T00:00:00Z,Flucelvax Tetra Vaccine Seqirus,2022-10-29T00:00:00Z,Cell-based Quadrivalent Influenza Vaccine Seqirus,NA,NA,2025-01-19T00:00:00Z,Adjuvanted Quadrivalent Influenza Vaccine Seqirus,1,3
1484,837S1221,2025-05-03,36,Female,G41,Secondary,NA,NA,2025-01-15,2025-01-15,2021-12-11T00:00:00Z,Flucelvax Tetra Vaccine Seqirus,2022-11-20T00:00:00Z,Cell-based Quadrivalent Influenza Vaccine Seqirus,2023-11-19T00:00:00Z,Cell-based Quadrivalent Influenza Vaccine Seqirus,2025-01-05T00:00:00Z,Cell-based Quadrivalent Influenza Vaccine Seqirus,1,4
1485,837S0594,2024-05-28,70,Male,G51,Secondary,NA,NA,NA,NA,NA,NA,2022-10-15T00:00:00Z,Adjuvanted Quadrivalent Influenza Vaccine Seqirus,2024-01-18T00:00:00Z,Adjuvanted Quadrivalent Influenza Vaccine Seqirus,2024-10-27T00:00:00Z,Adjuvanted Quadrivalent Influenza Vaccine Seqirus,1,3
1486,837S0072,2024-05-21,75,Male,PA1,Secondary,2022-03-08,2022-03-08,2021-05-24,2024-06-04,2021-10-31T00:00:00Z,Fluad Tetra Vaccine Seqirus,NA,NA,NA,NA,NA,NA,4,1
1487,837S0036,2024-05-22,59,Female,PA31,Secondary,NA,NA,NA,NA,NA,NA,NA,NA,NA,NA,NA,NA,>4,0
1488,837S0585,2024-05-28,52,Male,G32,Secondary,2021-03-30,2021-03-30,2021-05-14,2021-05-14,NA,NA,NA,NA,NA,NA,NA,NA,>4,0
1489,837S1150,2025-05-03,62,Female,G5,Secondary,2020-04-29,2020-04-29,2020-11-17,2025-04-28,2021-10-16T00:00:00Z,Flucelvax Tetra Vaccine Seqirus,NA,NA,NA,NA,NA,NA,4,1
1490,837S0601,2024-05-28,82,Male,G46,Secondary,NA,NA,2022-12-23,2022-12-24,2021-10-21T00:00:00Z,Fluad Tetra Vaccine Seqirus,2022-09-25T00:00:00Z,Adjuvanted Quadrivalent Influenza Vaccine Seqirus,2023-10-28T00:00:00Z,Adjuvanted Quadrivalent Influenza Vaccine Seqirus,NA,NA,2,3
1491,837S1473,2025-05-07,88,Male,G43,Primary,NA,NA,NA,NA,2021-10-18T00:00:00Z,Fluad Tetra Vaccine Seqirus,2022-09-29T00:00:00Z,Adjuvanted Quadrivalent Influenza Vaccine Seqirus,2023-11-11T00:00:00Z,Adjuvanted Quadrivalent Influenza Vaccine Seqirus,2024-11-26T00:00:00Z,Adjuvanted Quadrivalent Influenza Vaccine Seqirus,1,4
1492,837S0101,2024-05-22,80,Male,G45,Secondary,NA,NA,2020-09-18,2025-03-12,2021-10-16T00:00:00Z,Fluad Tetra Vaccine Seqirus,2022-09-25T00:00:00Z,Adjuvanted Quadrivalent Influenza Vaccine Seqirus,2023-11-20T00:00:00Z,Adjuvanted Quadrivalent Influenza Vaccine Seqirus,2024-10-09T00:00:00Z,Adjuvanted Quadrivalent Influenza Vaccine Seqirus,1,4
1493,837S0993,2024-05-30,52,Female,FK3,Secondary,NA,NA,2024-12-21,2024-12-24,NA,NA,NA,NA,NA,NA,NA,NA,>4,0
1494,837S0253,2024-05-21,86,Male,G41,Primary,NA,NA,2021-01-09,2022-01-24,2021-10-12T00:00:00Z,Fluad Tetra Vaccine Seqirus,2022-09-18T00:00:00Z,Adjuvanted Quadrivalent Influenza Vaccine Seqirus,2023-11-19T00:00:00Z,Adjuvanted Quadrivalent Influenza Vaccine Seqirus,2024-11-02T00:00:00Z,Adjuvanted Quadrivalent Influenza Vaccine Seqirus,1,4
1495,837S0134,2024-05-21,56,Male,G73,Secondary,NA,NA,2024-05-15,2024-05-15,2021-11-16T00:00:00Z,Flucelvax Tetra Vaccine Seqirus,2022-11-04T00:00:00Z,Cell-based Quadrivalent Influenza Vaccine Seqirus,2023-10-21T00:00:00Z,Cell-based Quadrivalent Influenza Vaccine Seqirus,NA,NA,2,3
1496,837S0536,2024-05-24,68,Female,G12,Primary,NA,NA,2021-03-05,2021-07-05,2021-11-21T00:00:00Z,Fluad Tetra Vaccine Seqirus,2022-09-21T00:00:00Z,Cell-based Quadrivalent Influenza Vaccine Seqirus,2023-10-02T00:00:00Z,Adjuvanted Quadrivalent Influenza Vaccine Seqirus,2024-11-21T00:00:00Z,Adjuvanted Quadrivalent Influenza Vaccine Seqirus,1,4
1497,837S0328,2024-05-23,48,Female,G41,Secondary,NA,NA,2021-01-29,2021-09-12,NA,NA,2022-10-24T00:00:00Z,Cell-based Quadrivalent Influenza Vaccine Seqirus,2023-10-30T00:00:00Z,Cell-based Quadrivalent Influenza Vaccine Seqirus,NA,NA,2,2
1498,837S0939,2024-05-30,77,Male,G77,Secondary,2021-09-12,2021-09-30,2021-10-08,2024-08-31,2021-10-17T00:00:00Z,Fluad Tetra Vaccine Seqirus,2022-10-22T00:00:00Z,Adjuvanted Quadrivalent Influenza Vaccine Seqirus,2023-11-10T00:00:00Z,Adjuvanted Quadrivalent Influenza Vaccine Seqirus,2024-10-12T00:00:00Z,Adjuvanted Quadrivalent Influenza Vaccine Seqirus,1,4
1499,837S1261,2025-05-02,55,Female,G12,Secondary,2020-10-28,2020-10-28,2021-02-23,2021-09-04,NA,NA,2022-11-09T00:00:00Z,Cell-based Quadrivalent Influenza Vaccine Seqirus,2023-09-27T00:00:00Z,Cell-based Quadrivalent Influenza Vaccine Seqirus,NA,NA,2,2
1499,837S1478,2025-05-08,55,Female,G12,Secondary,2020-10-28,2020-10-28,2021-02-23,2021-09-04,NA,NA,2022-11-09T00:00:00Z,Cell-based Quadrivalent Influenza Vaccine Seqirus,2023-09-27T00:00:00Z,Cell-based Quadrivalent Influenza Vaccine Seqirus,NA,NA,2,2
1500,837S0979,2024-05-30,80,Male,G13,Secondary,2024-09-08,2024-09-08,NA,NA,2021-10-21T00:00:00Z,Fluad Tetra Vaccine Seqirus,2022-10-13T00:00:00Z,Adjuvanted Quadrivalent Influenza Vaccine Seqirus,2023-11-07T00:00:00Z,Adjuvanted Quadrivalent Influenza Vaccine Seqirus,NA,NA,2,3
1501,837S0415,2024-05-22,77,Male,G61,Primary,NA,NA,2021-10-04,2021-10-04,2021-10-28T00:00:00Z,Fluad Tetra Vaccine Seqirus,2022-09-09T00:00:00Z,Adjuvanted Quadrivalent Influenza Vaccine Seqirus,2023-09-11T00:00:00Z,Adjuvanted Quadrivalent Influenza Vaccine Seqirus,2024-10-28T00:00:00Z,Adjuvanted Quadrivalent Influenza Vaccine Seqirus,1,4
1502,837S1218,2025-05-03,90,Male,G61,Secondary,NA,NA,2021-06-29,2025-05-03,2021-10-13T00:00:00Z,Fluad Tetra Vaccine Seqirus,2022-09-19T00:00:00Z,Adjuvanted Quadrivalent Influenza Vaccine Seqirus,2023-10-21T00:00:00Z,Adjuvanted Quadrivalent Influenza Vaccine Seqirus,2024-10-09T00:00:00Z,Adjuvanted Quadrivalent Influenza Vaccine Seqirus,1,4
1503,837S0062,2024-05-21,38,Female,G73,Secondary,2021-06-23,2021-06-23,2021-08-24,2024-02-01,NA,NA,NA,NA,NA,NA,NA,NA,>4,0
1504,837S1216,2025-05-03,78,Female,G14,Secondary,NA,NA,2021-04-07,2021-04-07,2021-10-22T00:00:00Z,Fluad Tetra Vaccine Seqirus,2022-10-01T00:00:00Z,Adjuvanted Quadrivalent Influenza Vaccine Seqirus,2023-10-26T00:00:00Z,Adjuvanted Quadrivalent Influenza Vaccine Seqirus,2024-10-24T00:00:00Z,Adjuvanted Quadrivalent Influenza Vaccine Seqirus,1,4
1505,837S0671,2024-05-24,62,Female,G81,Primary,NA,NA,NA,NA,2021-12-13T00:00:00Z,Flucelvax Tetra Vaccine Seqirus,2022-11-09T00:00:00Z,Cell-based Quadrivalent Influenza Vaccine Seqirus,2023-11-20T00:00:00Z,Cell-based Quadrivalent Influenza Vaccine Seqirus,NA,NA,2,3
1506,837S1257,2025-05-03,95,Male,G43,Secondary,2023-03-13,2023-03-13,2023-01-31,2023-01-31,2021-10-10T00:00:00Z,Fluad Tetra Vaccine Seqirus,2022-09-23T00:00:00Z,Adjuvanted Quadrivalent Influenza Vaccine Seqirus,2023-11-13T00:00:00Z,Adjuvanted Quadrivalent Influenza Vaccine Seqirus,2024-10-29T00:00:00Z,Adjuvanted Quadrivalent Influenza Vaccine Seqirus,1,4
1507,837S0310,2024-05-22,78,Male,G72,Secondary,NA,NA,2024-02-17,2024-02-22,NA,NA,NA,NA,NA,NA,NA,NA,>4,0
1508,837S1332,2025-05-06,63,Male,G45,Primary,2022-01-01,2022-01-01,2020-05-18,2021-10-07,2021-12-08T00:00:00Z,Flucelvax Tetra Vaccine Seqirus,NA,NA,NA,NA,NA,NA,4,1
1509,837S1234,2025-05-03,84,Male,G13,Secondary,NA,NA,2020-10-01,2025-04-23,2021-09-29T00:00:00Z,Fluad Tetra Vaccine Seqirus,2022-09-20T00:00:00Z,Adjuvanted Quadrivalent Influenza Vaccine Seqirus,2023-10-11T00:00:00Z,Adjuvanted Quadrivalent Influenza Vaccine Seqirus,2024-11-11T00:00:00Z,Adjuvanted Quadrivalent Influenza Vaccine Seqirus,1,4
1510,837S0844,2024-05-29,39,Female,G43,Primary,NA,NA,2021-06-30,2022-01-08,NA,NA,2022-10-04T00:00:00Z,Cell-based Quadrivalent Influenza Vaccine Seqirus,NA,NA,2024-11-22T00:00:00Z,Cell-based Quadrivalent Influenza Vaccine Seqirus,1,2
1511,837S0103,2024-05-21,24,Female,G13,Secondary,2020-10-08,2020-10-08,2020-06-18,2022-09-01,NA,NA,NA,NA,2023-11-20T00:00:00Z,Cell-based Quadrivalent Influenza Vaccine Seqirus,NA,NA,2,1
1511,837S0292,2024-05-22,24,Female,G13,Secondary,2020-10-08,2020-10-08,2020-06-18,2022-09-01,NA,NA,NA,NA,2023-11-20T00:00:00Z,Cell-based Quadrivalent Influenza Vaccine Seqirus,NA,NA,2,1
1512,837S1107,2025-05-02,62,Female,G52,Primary,NA,NA,2021-07-22,2022-04-10,2021-11-09T00:00:00Z,Flucelvax Tetra Vaccine Seqirus,2022-09-20T00:00:00Z,Adjuvanted Quadrivalent Influenza Vaccine Seqirus,NA,NA,NA,NA,3,2
1513,837S0469,2024-05-22,75,Female,G12,Primary,NA,NA,2022-01-25,2022-09-14,2021-10-22T00:00:00Z,Fluad Tetra Vaccine Seqirus,NA,NA,NA,NA,NA,NA,4,1
1514,837S0186,2024-05-22,57,Male,FK7,Secondary,NA,NA,2024-04-02,2024-08-22,NA,NA,NA,NA,NA,NA,NA,NA,>4,0
1515,837S0264,2024-05-22,37,Male,KA13,Secondary,NA,NA,NA,NA,NA,NA,NA,NA,NA,NA,NA,NA,>4,0
1515,837S0265,2024-05-22,37,Male,KA13,Secondary,NA,NA,NA,NA,NA,NA,NA,NA,NA,NA,NA,NA,>4,0
1516,837S1381,2025-05-06,60,Female,G45,Primary,NA,NA,2021-03-12,2021-08-07,2021-11-09T00:00:00Z,Flucelvax Tetra Vaccine Seqirus,2022-10-20T00:00:00Z,Cell-based Quadrivalent Influenza Vaccine Seqirus,2023-10-08T00:00:00Z,Cell-based Quadrivalent Influenza Vaccine Seqirus,2024-12-11T00:00:00Z,Cell-based Quadrivalent Influenza Vaccine Seqirus,1,4
1517,837S0623,2024-05-28,71,Female,G51,Secondary,NA,NA,NA,NA,2021-11-20T00:00:00Z,Fluad Tetra Vaccine Seqirus,2022-10-06T00:00:00Z,Adjuvanted Quadrivalent Influenza Vaccine Seqirus,2023-12-16T00:00:00Z,Adjuvanted Quadrivalent Influenza Vaccine Seqirus,2024-11-21T00:00:00Z,Adjuvanted Quadrivalent Influenza Vaccine Seqirus,1,4
1518,837S0537,2024-05-28,54,Male,G76,Secondary,NA,NA,NA,NA,2021-12-15T00:00:00Z,Flucelvax Tetra Vaccine Seqirus,2022-11-25T00:00:00Z,Cell-based Quadrivalent Influenza Vaccine Seqirus,NA,NA,NA,NA,3,2
1518,837S0627,2024-05-28,54,Male,G76,Secondary,NA,NA,NA,NA,2021-12-15T00:00:00Z,Flucelvax Tetra Vaccine Seqirus,2022-11-25T00:00:00Z,Cell-based Quadrivalent Influenza Vaccine Seqirus,NA,NA,NA,NA,3,2
1519,837S0710,2024-05-30,43,Female,G43,Secondary,2021-05-24,2021-05-24,2021-05-25,2021-05-25,2021-11-21T00:00:00Z,Flucelvax Tetra Vaccine Seqirus,2022-10-27T00:00:00Z,Cell-based Quadrivalent Influenza Vaccine Seqirus,2023-11-06T00:00:00Z,Cell-based Quadrivalent Influenza Vaccine Seqirus,2024-11-06T00:00:00Z,Cell-based Quadrivalent Influenza Vaccine Seqirus,1,4
1520,837S0419,2024-05-23,45,Female,PA1,Primary,2021-12-23,2021-12-23,2021-12-15,2021-12-15,NA,NA,NA,NA,NA,NA,NA,NA,>4,0
1521,837S0992,2024-05-29,50,Male,G46,Primary,NA,NA,2021-03-13,2021-08-24,2021-11-30T00:00:00Z,Flucelvax Tetra Vaccine Seqirus,NA,NA,NA,NA,NA,NA,4,1
1522,837S1324,2025-05-06,31,Female,G69,Secondary,2021-12-21,2021-12-21,2020-10-06,2021-04-05,2021-11-08T00:00:00Z,Flucelvax Tetra Vaccine Seqirus,NA,NA,NA,NA,NA,NA,4,1
1523,837S1004,2025-05-02,27,Female,G81,Primary,NA,NA,2021-11-04,2021-12-25,2021-10-08T00:00:00Z,Flucelvax Tetra Vaccine Seqirus,NA,NA,NA,NA,NA,NA,4,1
1524,837S0081,2024-05-21,43,Female,G53,Primary,NA,NA,2020-05-28,2021-12-02,NA,NA,NA,NA,NA,NA,NA,NA,>4,0
1525,837S0706,2024-05-29,62,Male,G41,Primary,NA,NA,2025-01-17,2025-01-17,NA,NA,NA,NA,NA,NA,NA,NA,>4,0
1526,837S0241,2024-05-21,52,Female,G53,Primary,NA,NA,2020-12-25,2024-01-16,NA,NA,NA,NA,NA,NA,NA,NA,>4,0
1527,837S0218,2024-05-21,31,Female,G53,Primary,NA,NA,NA,NA,NA,NA,NA,NA,NA,NA,NA,NA,>4,0
1528,837S1268,2025-05-03,74,Male,G15,Secondary,NA,NA,2020-10-26,2022-04-24,2021-10-27T00:00:00Z,Fluad Tetra Vaccine Seqirus,NA,NA,2023-11-11T00:00:00Z,Adjuvanted Quadrivalent Influenza Vaccine Seqirus,NA,NA,2,2
1529,837S0894,2024-05-30,27,Female,G66,Secondary,2021-07-23,2021-07-23,NA,NA,NA,NA,2022-09-12T00:00:00Z,Cell-based Quadrivalent Influenza Vaccine Seqirus,2023-10-11T00:00:00Z,Cell-based Quadrivalent Influenza Vaccine Seqirus,2024-11-28T00:00:00Z,Cell-based Quadrivalent Influenza Vaccine Seqirus,1,3
1530,837S1024,2025-05-03,61,Female,G75,Secondary,2022-04-18,2022-04-18,NA,NA,2021-12-08T00:00:00Z,Flucelvax Tetra Vaccine Seqirus,NA,NA,NA,NA,NA,NA,4,1
1531,837S0258,2024-05-21,48,Male,G13,Secondary,NA,NA,NA,NA,2021-12-13T00:00:00Z,Flucelvax Tetra Vaccine Seqirus,2022-11-22T00:00:00Z,Cell-based Quadrivalent Influenza Vaccine Seqirus,2023-11-08T00:00:00Z,Cell-based Quadrivalent Influenza Vaccine Seqirus,2024-12-02T00:00:00Z,Cell-based Quadrivalent Influenza Vaccine Seqirus,1,4
1532,837S0720,2024-05-29,59,Female,G45,Primary,NA,NA,NA,NA,NA,NA,2022-11-13T00:00:00Z,Cell-based Quadrivalent Influenza Vaccine Seqirus,2023-09-10T00:00:00Z,Cell-based Quadrivalent Influenza Vaccine Seqirus,NA,NA,2,2
1533,837S1242,2025-05-03,70,Male,PA32,Secondary,NA,NA,2025-02-16,2025-02-16,NA,NA,NA,NA,NA,NA,NA,NA,>4,0
1534,837S1040,2025-05-02,70,Female,G12,Primary,NA,NA,NA,NA,2021-11-22T00:00:00Z,Fluad Tetra Vaccine Seqirus,2022-09-16T00:00:00Z,Adjuvanted Quadrivalent Influenza Vaccine Seqirus,2023-11-27T00:00:00Z,Adjuvanted Quadrivalent Influenza Vaccine Seqirus,2025-01-16T00:00:00Z,Adjuvanted Quadrivalent Influenza Vaccine Seqirus,1,4
1535,837S1076,2025-05-03,62,Male,G41,Secondary,NA,NA,NA,NA,NA,NA,NA,NA,NA,NA,NA,NA,>4,0
1536,837S0313,2024-05-23,21,Male,G11,Secondary,NA,NA,2020-09-23,2021-09-09,NA,NA,2022-10-27T00:00:00Z,Cell-based Quadrivalent Influenza Vaccine Seqirus,NA,NA,NA,NA,3,1
1537,837S0422,2024-05-21,69,Female,G40,Secondary,NA,NA,2023-06-03,2023-06-03,2021-11-18T00:00:00Z,Fluad Tetra Vaccine Seqirus,2022-10-03T00:00:00Z,Adjuvanted Quadrivalent Influenza Vaccine Seqirus,2023-11-27T00:00:00Z,Adjuvanted Quadrivalent Influenza Vaccine Seqirus,2024-12-15T00:00:00Z,Adjuvanted Quadrivalent Influenza Vaccine Seqirus,1,4
1538,837S0027,2024-05-21,37,Male,G81,Secondary,2022-04-14,2022-04-14,2020-09-03,2025-01-08,NA,NA,NA,NA,NA,NA,NA,NA,>4,0
1538,837S0317,2024-05-23,37,Male,G81,Secondary,2022-04-14,2022-04-14,2020-09-03,2025-01-08,NA,NA,NA,NA,NA,NA,NA,NA,>4,0
1539,837S1049,2025-05-02,48,Female,G76,Primary,NA,NA,2020-10-12,2022-02-21,NA,NA,NA,NA,NA,NA,NA,NA,>4,0
1540,837S0174,2024-05-21,83,Male,G76,Secondary,NA,NA,NA,NA,2021-10-20T00:00:00Z,Fluad Tetra Vaccine Seqirus,2022-09-24T00:00:00Z,Adjuvanted Quadrivalent Influenza Vaccine Seqirus,2023-11-04T00:00:00Z,Adjuvanted Quadrivalent Influenza Vaccine Seqirus,2024-11-03T00:00:00Z,Adjuvanted Quadrivalent Influenza Vaccine Seqirus,1,4
1541,837S0571,2024-05-28,19,Female,G11,Primary,NA,NA,NA,NA,NA,NA,NA,NA,NA,NA,NA,NA,>4,0
1542,837S0380,2024-05-21,88,Female,G61,Primary,NA,NA,2021-10-12,2021-10-13,2021-10-24T00:00:00Z,Fluad Tetra Vaccine Seqirus,2022-09-29T00:00:00Z,Adjuvanted Quadrivalent Influenza Vaccine Seqirus,2023-11-02T00:00:00Z,Adjuvanted Quadrivalent Influenza Vaccine Seqirus,2024-10-03T00:00:00Z,Adjuvanted Quadrivalent Influenza Vaccine Seqirus,1,4
1543,837S0078,2024-05-20,30,Female,G41,Primary,2022-02-28,2022-02-28,NA,NA,2021-12-16T00:00:00Z,Flucelvax Tetra Vaccine Seqirus,2023-01-06T00:00:00Z,Cell-based Quadrivalent Influenza Vaccine Seqirus,NA,NA,NA,NA,3,2
1544,837S0267,2024-05-22,71,Male,HS2,Secondary,2022-06-16,2022-06-23,NA,NA,NA,NA,NA,NA,NA,NA,NA,NA,>4,0
1545,837S0926,2024-05-28,76,Female,FK2,Secondary,NA,NA,NA,NA,NA,NA,NA,NA,NA,NA,NA,NA,>4,0
1546,837S0085,2024-05-21,51,Male,G12,Secondary,NA,NA,NA,NA,NA,NA,NA,NA,2023-09-05T00:00:00Z,Cell-based Quadrivalent Influenza Vaccine Seqirus,NA,NA,2,1
1546,837S0693,2024-05-28,51,Male,G12,Secondary,NA,NA,NA,NA,NA,NA,NA,NA,2023-09-05T00:00:00Z,Cell-based Quadrivalent Influenza Vaccine Seqirus,NA,NA,2,1
1547,837S1333,2025-05-06,73,Male,G53,Primary,NA,NA,2021-09-20,2021-09-20,2021-10-30T00:00:00Z,Fluad Tetra Vaccine Seqirus,NA,NA,NA,NA,NA,NA,4,1
1548,837S0233,2024-05-21,41,Female,G3,Primary,NA,NA,NA,NA,2021-10-10T00:00:00Z,Flucelvax Tetra Vaccine Seqirus,2022-12-22T00:00:00Z,Cell-based Quadrivalent Influenza Vaccine Seqirus,2023-09-07T00:00:00Z,Cell-based Quadrivalent Influenza Vaccine Seqirus,NA,NA,2,3
1549,837S1273,2025-05-02,58,Male,G81,Primary,2022-03-21,2022-03-21,2021-11-30,2022-03-13,2021-12-14T00:00:00Z,Flucelvax Tetra Vaccine Seqirus,2022-09-09T00:00:00Z,Cell-based Quadrivalent Influenza Vaccine Seqirus,NA,NA,NA,NA,3,2
1550,837S1490,2025-05-07,66,Male,G52,Secondary,2022-03-30,2022-03-30,2021-05-20,2024-07-18,2021-12-11T00:00:00Z,Flucelvax Tetra Vaccine Seqirus,2022-10-16T00:00:00Z,Cell-based Quadrivalent Influenza Vaccine Seqirus,2023-12-02T00:00:00Z,Adjuvanted Quadrivalent Influenza Vaccine Seqirus,2024-10-31T00:00:00Z,Adjuvanted Quadrivalent Influenza Vaccine Seqirus,1,4
1550,837S1444,2025-05-07,66,Male,G52,Secondary,2022-03-30,2022-03-30,2021-05-20,2024-07-18,2021-12-11T00:00:00Z,Flucelvax Tetra Vaccine Seqirus,2022-10-16T00:00:00Z,Cell-based Quadrivalent Influenza Vaccine Seqirus,2023-12-02T00:00:00Z,Adjuvanted Quadrivalent Influenza Vaccine Seqirus,2024-10-31T00:00:00Z,Adjuvanted Quadrivalent Influenza Vaccine Seqirus,1,4
1551,837S1144,2025-05-02,53,Male,G41,Primary,NA,NA,2020-12-01,2021-12-14,NA,NA,NA,NA,2023-09-05T00:00:00Z,Cell-based Quadrivalent Influenza Vaccine Seqirus,NA,NA,2,1
1552,837S1341,2025-05-06,76,Female,G13,Primary,NA,NA,NA,NA,2021-10-26T00:00:00Z,Fluad Tetra Vaccine Seqirus,2022-10-06T00:00:00Z,Cell-based Quadrivalent Influenza Vaccine Seqirus,2023-11-30T00:00:00Z,Adjuvanted Quadrivalent Influenza Vaccine Seqirus,2024-11-07T00:00:00Z,Adjuvanted Quadrivalent Influenza Vaccine Seqirus,1,4
1553,837S0207,2024-05-21,42,Female,G53,Primary,2022-02-12,2022-02-12,2020-11-11,2021-11-25,NA,NA,NA,NA,NA,NA,NA,NA,>4,0
1554,837S1350,2025-05-06,45,Male,G12,Primary,2020-11-22,2020-11-22,2021-08-02,2021-08-02,NA,NA,NA,NA,NA,NA,NA,NA,>4,0
1555,837S0955,2024-05-30,32,Female,G42,Secondary,2021-09-01,2022-03-14,2020-08-02,2022-03-01,NA,NA,2022-10-20T00:00:00Z,Cell-based Quadrivalent Influenza Vaccine Seqirus,2023-10-25T00:00:00Z,Cell-based Quadrivalent Influenza Vaccine Seqirus,NA,NA,2,2
1556,837S0629,2024-05-28,68,Male,G52,Secondary,NA,NA,2021-04-17,2024-09-07,2021-11-23T00:00:00Z,Fluad Tetra Vaccine Seqirus,2022-10-13T00:00:00Z,Adjuvanted Quadrivalent Influenza Vaccine Seqirus,2023-11-20T00:00:00Z,Adjuvanted Quadrivalent Influenza Vaccine Seqirus,NA,NA,2,3
1556,837S0771,2024-05-27,68,Male,G52,Secondary,NA,NA,2021-04-17,2024-09-07,2021-11-23T00:00:00Z,Fluad Tetra Vaccine Seqirus,2022-10-13T00:00:00Z,Adjuvanted Quadrivalent Influenza Vaccine Seqirus,2023-11-20T00:00:00Z,Adjuvanted Quadrivalent Influenza Vaccine Seqirus,NA,NA,2,3
1557,837S1200,2025-05-02,65,Male,G53,Secondary,NA,NA,2025-05-02,2025-05-02,2021-11-29T00:00:00Z,Flucelvax Tetra Vaccine Seqirus,2022-10-27T00:00:00Z,Cell-based Quadrivalent Influenza Vaccine Seqirus,2023-11-12T00:00:00Z,Cell-based Quadrivalent Influenza Vaccine Seqirus,2025-01-09T00:00:00Z,Adjuvanted Quadrivalent Influenza Vaccine Seqirus,1,4
1558,837S0734,2024-05-29,75,Male,G5,Primary,NA,NA,2021-07-21,2021-08-27,2021-10-21T00:00:00Z,Fluad Tetra Vaccine Seqirus,2022-09-29T00:00:00Z,Adjuvanted Quadrivalent Influenza Vaccine Seqirus,2023-10-26T00:00:00Z,Adjuvanted Quadrivalent Influenza Vaccine Seqirus,2024-11-16T00:00:00Z,Adjuvanted Quadrivalent Influenza Vaccine Seqirus,1,4
1559,837S0750,2024-05-30,79,Female,G4,Secondary,NA,NA,2021-08-02,2024-09-01,2021-09-27T00:00:00Z,Flucelvax Tetra Vaccine Seqirus,2022-10-06T00:00:00Z,Adjuvanted Quadrivalent Influenza Vaccine Seqirus,2023-10-24T00:00:00Z,Adjuvanted Quadrivalent Influenza Vaccine Seqirus,NA,NA,2,3
1560,837S1102,2025-05-02,89,Male,G61,Primary,NA,NA,2020-12-04,2020-12-15,2021-10-15T00:00:00Z,Fluad Tetra Vaccine Seqirus,2022-09-19T00:00:00Z,Adjuvanted Quadrivalent Influenza Vaccine Seqirus,2023-10-04T00:00:00Z,Adjuvanted Quadrivalent Influenza Vaccine Seqirus,2024-10-07T00:00:00Z,Adjuvanted Quadrivalent Influenza Vaccine Seqirus,1,4
1561,837S0291,2024-05-21,39,Male,G43,Secondary,NA,NA,2022-01-06,2022-01-06,2021-09-29T00:00:00Z,Flucelvax Tetra Vaccine Seqirus,2022-11-17T00:00:00Z,Cell-based Quadrivalent Influenza Vaccine Seqirus,NA,NA,NA,NA,3,2
1562,837S0728,2024-05-30,77,Female,G61,Primary,NA,NA,2022-01-05,2022-01-05,2021-10-24T00:00:00Z,Fluad Tetra Vaccine Seqirus,2022-09-23T00:00:00Z,Adjuvanted Quadrivalent Influenza Vaccine Seqirus,2023-10-26T00:00:00Z,Adjuvanted Quadrivalent Influenza Vaccine Seqirus,2024-10-07T00:00:00Z,Adjuvanted Quadrivalent Influenza Vaccine Seqirus,1,4
1563,837S0700,2024-05-25,67,Female,PA4,Secondary,NA,NA,2021-07-12,2021-11-12,2021-12-03T00:00:00Z,Flucelvax Tetra Vaccine Seqirus,2022-10-21T00:00:00Z,Adjuvanted Quadrivalent Influenza Vaccine Seqirus,2023-11-17T00:00:00Z,Adjuvanted Quadrivalent Influenza Vaccine Seqirus,NA,NA,2,3
1564,837S1193,2025-05-03,42,Male,G42,Secondary,NA,NA,2020-06-03,2021-10-19,2021-11-10T00:00:00Z,Flucelvax Tetra Vaccine Seqirus,2022-10-04T00:00:00Z,Cell-based Quadrivalent Influenza Vaccine Seqirus,NA,NA,NA,NA,3,2
1565,837S0368,2024-05-23,68,Female,PA1,Primary,NA,NA,2021-11-10,2021-11-10,2021-11-17T00:00:00Z,Fluad Tetra Vaccine Seqirus,2022-10-11T00:00:00Z,Adjuvanted Quadrivalent Influenza Vaccine Seqirus,2023-11-11T00:00:00Z,Adjuvanted Quadrivalent Influenza Vaccine Seqirus,2024-10-28T00:00:00Z,Adjuvanted Quadrivalent Influenza Vaccine Seqirus,1,4
1566,837S1223,2025-05-03,91,Female,G5,Secondary,NA,NA,2025-05-02,2025-05-02,2021-10-11T00:00:00Z,Fluad Tetra Vaccine Seqirus,2022-09-18T00:00:00Z,Adjuvanted Quadrivalent Influenza Vaccine Seqirus,2023-12-06T00:00:00Z,Adjuvanted Quadrivalent Influenza Vaccine Seqirus,2024-09-23T00:00:00Z,Adjuvanted Quadrivalent Influenza Vaccine Seqirus,1,4
1567,837S1408,2025-05-07,32,Female,G52,Secondary,NA,NA,NA,NA,NA,NA,2022-11-30T00:00:00Z,Cell-based Quadrivalent Influenza Vaccine Seqirus,NA,NA,NA,NA,3,1
1568,837S0806,2024-05-29,38,Female,G83,Secondary,NA,NA,2020-12-06,2022-05-30,NA,NA,NA,NA,NA,NA,NA,NA,>4,0
1569,837S0363,2024-05-22,76,Male,G41,Secondary,NA,NA,2020-09-16,2022-05-08,2021-11-01T00:00:00Z,Fluad Tetra Vaccine Seqirus,2022-09-16T00:00:00Z,Adjuvanted Quadrivalent Influenza Vaccine Seqirus,2023-11-20T00:00:00Z,Adjuvanted Quadrivalent Influenza Vaccine Seqirus,2024-11-02T00:00:00Z,Adjuvanted Quadrivalent Influenza Vaccine Seqirus,1,4
1570,837S1018,2025-05-03,52,Male,G72,Secondary,NA,NA,NA,NA,NA,NA,NA,NA,NA,NA,NA,NA,>4,0
1571,837S0529,2024-05-27,36,Male,G12,Primary,2024-09-03,2024-09-03,NA,NA,NA,NA,NA,NA,NA,NA,NA,NA,>4,0
1572,837S1131,2025-05-02,67,Female,G77,Primary,NA,NA,2021-12-02,2021-12-02,NA,NA,NA,NA,NA,NA,NA,NA,>4,0
1573,837S0843,2024-05-28,65,Female,G51,Primary,NA,NA,NA,NA,2021-11-28T00:00:00Z,Flucelvax Tetra Vaccine Seqirus,2022-12-03T00:00:00Z,Cell-based Quadrivalent Influenza Vaccine Seqirus,2023-11-30T00:00:00Z,Adjuvanted Quadrivalent Influenza Vaccine Seqirus,2024-10-27T00:00:00Z,Adjuvanted Quadrivalent Influenza Vaccine Seqirus,1,4
1574,837S1447,2025-05-06,65,Male,G13,Primary,NA,NA,2020-08-26,2020-08-26,2021-11-17T00:00:00Z,Flucelvax Tetra Vaccine Seqirus,2022-10-29T00:00:00Z,Cell-based Quadrivalent Influenza Vaccine Seqirus,2023-11-08T00:00:00Z,Cell-based Quadrivalent Influenza Vaccine Seqirus,2024-10-23T00:00:00Z,Adjuvanted Quadrivalent Influenza Vaccine Seqirus,1,4
1575,837S1353,2025-05-06,45,Female,G42,Primary,NA,NA,NA,NA,NA,NA,NA,NA,NA,NA,NA,NA,>4,0
1576,837S0513,2024-05-27,69,Female,G51,Primary,NA,NA,2021-03-16,2021-06-30,2021-12-14T00:00:00Z,Fluad Tetra Vaccine Seqirus,NA,NA,NA,NA,NA,NA,4,1
1577,837S0147,2024-05-21,45,Male,G53,Secondary,2023-10-08,2023-10-08,2020-12-03,2022-08-12,2021-11-29T00:00:00Z,Flucelvax Tetra Vaccine Seqirus,2022-10-20T00:00:00Z,Cell-based Quadrivalent Influenza Vaccine Seqirus,NA,NA,NA,NA,3,2
1578,837S1233,2025-05-02,39,Female,G43,Primary,NA,NA,2022-05-16,2022-08-29,NA,NA,NA,NA,NA,NA,NA,NA,>4,0
1579,837S0749,2024-05-29,64,Female,G53,Primary,NA,NA,2020-08-26,2025-03-30,NA,NA,2022-10-23T00:00:00Z,Cell-based Quadrivalent Influenza Vaccine Seqirus,2023-12-08T00:00:00Z,Cell-based Quadrivalent Influenza Vaccine Seqirus,2024-11-21T00:00:00Z,Adjuvanted Quadrivalent Influenza Vaccine Seqirus,1,3
1580,837S0667,2024-05-27,75,Female,G62,Secondary,NA,NA,2021-01-26,2021-04-07,2021-10-28T00:00:00Z,Fluad Tetra Vaccine Seqirus,2022-09-24T00:00:00Z,Adjuvanted Quadrivalent Influenza Vaccine Seqirus,2023-11-06T00:00:00Z,Adjuvanted Quadrivalent Influenza Vaccine Seqirus,2024-11-04T00:00:00Z,Adjuvanted Quadrivalent Influenza Vaccine Seqirus,1,4
1581,837S1048,2025-05-02,26,Female,G76,Secondary,2022-01-20,2022-01-20,2020-07-06,2020-11-20,NA,NA,NA,NA,NA,NA,NA,NA,>4,0
1582,837S1214,2025-05-02,30,Female,G45,Primary,NA,NA,NA,NA,NA,NA,NA,NA,NA,NA,NA,NA,>4,0
1583,837S0159,2024-05-21,68,Male,KA9,Secondary,2024-08-13,2024-08-13,NA,NA,NA,NA,NA,NA,NA,NA,NA,NA,>4,0
1584,837S0490,2024-05-22,31,Female,G51,Primary,NA,NA,2020-12-12,2020-12-12,2021-09-26T00:00:00Z,Flucelvax Tetra Vaccine Seqirus,2022-09-18T00:00:00Z,Cell-based Quadrivalent Influenza Vaccine Seqirus,NA,NA,NA,NA,3,2
1585,837S1176,2025-05-02,35,Female,G46,Secondary,2021-01-04,2021-01-04,2021-03-10,2021-11-25,NA,NA,NA,NA,NA,NA,NA,NA,>4,0
1586,837S0909,2024-05-30,24,Female,G42,Secondary,NA,NA,2021-02-04,2021-12-09,NA,NA,NA,NA,NA,NA,NA,NA,>4,0
1587,837S0751,2024-05-30,37,Female,G14,Primary,NA,NA,NA,NA,NA,NA,NA,NA,NA,NA,2024-12-02T00:00:00Z,Cell-based Quadrivalent Influenza Vaccine Seqirus,1,1
1588,837S0146,2024-05-22,41,Female,G46,Secondary,2021-12-17,2021-12-17,2021-03-13,2024-07-05,NA,NA,NA,NA,2024-02-09T00:00:00Z,Cell-based Quadrivalent Influenza Vaccine Seqirus,2024-11-04T00:00:00Z,Cell-based Quadrivalent Influenza Vaccine Seqirus,1,2
1589,837S0711,2024-05-29,19,Female,G45,Primary,2022-01-01,2022-01-01,2021-09-07,2021-09-07,NA,NA,NA,NA,NA,NA,NA,NA,>4,0
1590,837S0918,2024-05-30,76,Male,PA14,Secondary,NA,NA,NA,NA,2021-10-24T00:00:00Z,Fluad Tetra Vaccine Seqirus,NA,NA,NA,NA,NA,NA,4,1
1591,837S1029,2025-05-02,30,Female,G22,Primary,NA,NA,NA,NA,NA,NA,NA,NA,NA,NA,NA,NA,>4,0
1592,837S1095,2025-05-02,63,Female,G42,Primary,NA,NA,2021-05-21,2021-05-21,2021-12-08T00:00:00Z,Flucelvax Tetra Vaccine Seqirus,2022-09-25T00:00:00Z,Adjuvanted Quadrivalent Influenza Vaccine Seqirus,2023-10-27T00:00:00Z,Cell-based Quadrivalent Influenza Vaccine Seqirus,2024-12-22T00:00:00Z,Cell-based Quadrivalent Influenza Vaccine Seqirus,1,4
1593,837S0286,2024-05-21,50,Female,G60,Primary,2021-10-09,2021-10-09,NA,NA,NA,NA,NA,NA,NA,NA,NA,NA,>4,0
1594,837S0441,2024-05-23,49,Female,G52,Primary,NA,NA,2022-11-24,2022-11-24,NA,NA,NA,NA,NA,NA,NA,NA,>4,0
1595,837S0928,2024-05-30,37,Female,G41,Secondary,NA,NA,2025-04-18,2025-04-18,NA,NA,NA,NA,NA,NA,NA,NA,>4,0
1596,837S1038,2025-05-03,40,Male,G43,Secondary,NA,NA,2022-01-07,2022-01-07,NA,NA,NA,NA,NA,NA,NA,NA,>4,0
1597,837S0740,2024-05-29,28,Female,G52,Primary,2021-09-17,2021-09-17,2020-11-13,2020-11-13,NA,NA,NA,NA,NA,NA,NA,NA,>4,0
1598,837S0531,2024-05-27,43,Female,G77,Secondary,2022-01-21,2022-01-21,2020-05-28,2021-08-24,NA,NA,NA,NA,NA,NA,NA,NA,>4,0
1599,837S1403,2025-05-07,40,Male,ML5,Secondary,NA,NA,NA,NA,NA,NA,NA,NA,NA,NA,NA,NA,>4,0
1600,837S0486,2024-05-22,56,Female,G81,Primary,2020-10-04,2020-10-16,2021-04-27,2021-06-08,NA,NA,NA,NA,NA,NA,NA,NA,>4,0
1601,837S1364,2025-05-07,41,Male,G81,Secondary,NA,NA,2020-11-16,2020-11-16,NA,NA,NA,NA,NA,NA,NA,NA,>4,0
1602,837S0576,2024-05-28,70,Female,G15,Secondary,2021-02-06,2021-02-06,2020-04-19,2022-04-08,2021-11-05T00:00:00Z,Fluad Tetra Vaccine Seqirus,NA,NA,NA,NA,2024-10-09T00:00:00Z,Adjuvanted Quadrivalent Influenza Vaccine Seqirus,1,2
1603,837S0077,2024-05-21,40,Female,G13,Secondary,2021-12-18,2021-12-18,NA,NA,NA,NA,NA,NA,NA,NA,NA,NA,>4,0
1604,837S0584,2024-05-27,23,Female,G42,Secondary,NA,NA,NA,NA,NA,NA,NA,NA,NA,NA,NA,NA,>4,0
1605,837S0505,2024-05-27,89,Female,G81,Secondary,NA,NA,2023-08-12,2023-08-12,2021-10-13T00:00:00Z,Fluad Tetra Vaccine Seqirus,2022-09-17T00:00:00Z,Adjuvanted Quadrivalent Influenza Vaccine Seqirus,2023-10-16T00:00:00Z,Adjuvanted Quadrivalent Influenza Vaccine Seqirus,2024-10-19T00:00:00Z,Adjuvanted Quadrivalent Influenza Vaccine Seqirus,1,4
1606,837S0990,2024-05-30,37,Male,G41,Secondary,NA,NA,2021-06-04,2024-06-21,2021-09-26T00:00:00Z,Flucelvax Tetra Vaccine Seqirus,NA,NA,NA,NA,NA,NA,4,1
1607,837S1005,2025-05-03,85,Male,G60,Secondary,2024-02-05,2024-10-02,2020-12-13,2025-05-04,2021-10-21T00:00:00Z,Fluad Tetra Vaccine Seqirus,2022-10-01T00:00:00Z,Adjuvanted Quadrivalent Influenza Vaccine Seqirus,2023-11-27T00:00:00Z,Adjuvanted Quadrivalent Influenza Vaccine Seqirus,2024-12-06T00:00:00Z,Adjuvanted Quadrivalent Influenza Vaccine Seqirus,1,4
1608,837S0753,2024-05-30,85,Female,G77,Secondary,2023-04-17,2023-04-17,2020-11-16,2023-07-25,2021-10-18T00:00:00Z,Fluad Tetra Vaccine Seqirus,2022-09-25T00:00:00Z,Adjuvanted Quadrivalent Influenza Vaccine Seqirus,2023-10-22T00:00:00Z,Adjuvanted Quadrivalent Influenza Vaccine Seqirus,2024-10-08T00:00:00Z,Adjuvanted Quadrivalent Influenza Vaccine Seqirus,1,4
1609,837S0581,2024-05-27,29,Female,G53,Primary,2021-04-01,2021-04-01,2021-02-01,2021-12-31,NA,NA,NA,NA,NA,NA,NA,NA,>4,0
1610,837S0259,2024-05-22,57,Female,PA16,Secondary,NA,NA,2022-01-14,2024-06-15,NA,NA,NA,NA,NA,NA,NA,NA,>4,0
1611,837S0024,2024-05-21,51,Female,G11,Secondary,NA,NA,2022-07-23,2022-07-23,NA,NA,NA,NA,NA,NA,NA,NA,>4,0
1612,837S1083,2025-05-03,89,Male,G12,Secondary,NA,NA,2021-07-02,2025-04-16,2021-10-17T00:00:00Z,Fluad Tetra Vaccine Seqirus,2022-10-20T00:00:00Z,Adjuvanted Quadrivalent Influenza Vaccine Seqirus,2023-11-07T00:00:00Z,Adjuvanted Quadrivalent Influenza Vaccine Seqirus,2024-10-15T00:00:00Z,Adjuvanted Quadrivalent Influenza Vaccine Seqirus,1,4
1613,837S0110,2024-05-21,39,Female,G83,Secondary,NA,NA,2020-05-02,2024-03-06,NA,NA,NA,NA,NA,NA,NA,NA,>4,0
1613,837S0099,2024-05-21,39,Female,G83,Secondary,NA,NA,2020-05-02,2024-03-06,NA,NA,NA,NA,NA,NA,NA,NA,>4,0
1614,837S0444,2024-05-23,28,Female,G51,Primary,NA,NA,NA,NA,NA,NA,NA,NA,NA,NA,NA,NA,>4,0
1615,837S0548,2024-05-27,89,Male,G46,Primary,NA,NA,2023-01-12,2023-10-25,2021-10-13T00:00:00Z,Fluad Tetra Vaccine Seqirus,2022-09-22T00:00:00Z,Adjuvanted Quadrivalent Influenza Vaccine Seqirus,2023-12-17T00:00:00Z,Adjuvanted Quadrivalent Influenza Vaccine Seqirus,2024-11-04T00:00:00Z,Adjuvanted Quadrivalent Influenza Vaccine Seqirus,1,4
1616,837S0607,2024-05-28,28,Female,G46,Secondary,NA,NA,2020-07-08,2021-12-23,2021-12-14T00:00:00Z,Flucelvax Tetra Vaccine Seqirus,NA,NA,NA,NA,NA,NA,4,1
1617,837S1375,2025-05-06,55,Male,G13,Primary,NA,NA,NA,NA,NA,NA,NA,NA,NA,NA,NA,NA,>4,0
1618,837S1197,2025-05-02,89,Male,G44,Primary,NA,NA,2021-08-02,2021-08-02,2021-10-14T00:00:00Z,Fluad Tetra Vaccine Seqirus,2022-09-19T00:00:00Z,Adjuvanted Quadrivalent Influenza Vaccine Seqirus,2023-10-16T00:00:00Z,Adjuvanted Quadrivalent Influenza Vaccine Seqirus,2024-10-26T00:00:00Z,Adjuvanted Quadrivalent Influenza Vaccine Seqirus,1,4
1619,837S1079,2025-05-02,62,Female,G20,Primary,2022-01-03,2022-01-03,2021-04-28,2021-07-30,NA,NA,NA,NA,NA,NA,NA,NA,>4,0
1620,837S0799,2024-05-29,57,Female,G14,Secondary,NA,NA,2020-08-28,2021-09-12,NA,NA,NA,NA,NA,NA,NA,NA,>4,0
1621,837S0272,2024-05-22,71,Male,HS2,Secondary,NA,NA,2024-05-22,2024-05-22,NA,NA,NA,NA,NA,NA,NA,NA,>4,0
1622,837S0873,2024-05-30,42,Female,PA2,Secondary,NA,NA,2021-08-28,2025-01-26,2021-10-31T00:00:00Z,Flucelvax Tetra Vaccine Seqirus,2022-11-23T00:00:00Z,Cell-based Quadrivalent Influenza Vaccine Seqirus,NA,NA,NA,NA,3,2
1623,837S0053,2024-05-21,28,Male,G31,Secondary,NA,NA,NA,NA,NA,NA,NA,NA,NA,NA,NA,NA,>4,0
1624,837S0822,2024-05-29,22,Female,G53,Primary,2020-12-08,2021-12-29,2020-07-20,2022-08-21,NA,NA,NA,NA,NA,NA,NA,NA,>4,0
1625,837S0947,2024-05-29,30,Female,G51,Secondary,NA,NA,NA,NA,NA,NA,NA,NA,NA,NA,NA,NA,>4,0
1626,837S1480,2025-05-07,23,Female,G81,Primary,NA,NA,2021-01-16,2021-01-16,2021-10-14T00:00:00Z,Flucelvax Tetra Vaccine Seqirus,NA,NA,NA,NA,NA,NA,4,1
1627,837S0093,2024-05-21,64,Female,G46,Secondary,2021-09-08,2021-09-08,NA,NA,2021-11-27T00:00:00Z,Flucelvax Tetra Vaccine Seqirus,NA,NA,NA,NA,NA,NA,4,1
1628,837S0882,2024-05-30,49,Female,ML1,Secondary,NA,NA,NA,NA,NA,NA,NA,NA,NA,NA,NA,NA,>4,0
1629,837S0406,2024-05-23,85,Male,G11,Secondary,NA,NA,2022-01-26,2024-05-24,2021-10-14T00:00:00Z,Fluad Tetra Vaccine Seqirus,2022-12-07T00:00:00Z,Adjuvanted Quadrivalent Influenza Vaccine Seqirus,2023-11-08T00:00:00Z,Adjuvanted Quadrivalent Influenza Vaccine Seqirus,NA,NA,2,3
1630,837S1087,2025-05-02,34,Female,G15,Primary,NA,NA,2022-01-06,2022-01-06,NA,NA,NA,NA,NA,NA,NA,NA,>4,0
1631,837S1418,2025-05-07,54,Male,G52,Secondary,NA,NA,2021-10-10,2025-02-14,NA,NA,NA,NA,NA,NA,NA,NA,>4,0
1632,837S0209,2024-05-20,84,Female,G51,Primary,2020-09-23,2020-09-23,2020-12-12,2020-12-12,2021-11-05T00:00:00Z,Fluad Tetra Vaccine Seqirus,2022-09-24T00:00:00Z,Adjuvanted Quadrivalent Influenza Vaccine Seqirus,2023-11-17T00:00:00Z,Adjuvanted Quadrivalent Influenza Vaccine Seqirus,2024-10-05T00:00:00Z,Adjuvanted Quadrivalent Influenza Vaccine Seqirus,1,4
1633,837S0148,2024-05-21,91,Male,G76,Secondary,NA,NA,2024-05-21,2024-06-04,2021-10-16T00:00:00Z,Fluad Tetra Vaccine Seqirus,2022-09-22T00:00:00Z,Adjuvanted Quadrivalent Influenza Vaccine Seqirus,2023-11-17T00:00:00Z,Adjuvanted Quadrivalent Influenza Vaccine Seqirus,2024-10-26T00:00:00Z,Adjuvanted Quadrivalent Influenza Vaccine Seqirus,1,4
1634,837S0569,2024-05-28,86,Male,G62,Secondary,NA,NA,2021-09-06,2021-09-06,NA,NA,NA,NA,NA,NA,NA,NA,>4,0
1634,837S0661,2024-05-28,86,Male,G62,Secondary,NA,NA,2021-09-06,2021-09-06,NA,NA,NA,NA,NA,NA,NA,NA,>4,0
1635,837S1284,2025-05-03,30,Female,ML7,Secondary,NA,NA,NA,NA,NA,NA,NA,NA,NA,NA,NA,NA,>4,0
1636,837S0020,2024-05-21,21,Female,G46,Secondary,NA,NA,2021-05-15,2021-05-15,NA,NA,NA,NA,NA,NA,NA,NA,>4,0
1637,837S0862,2024-05-30,76,Female,PA34,Secondary,NA,NA,2022-12-08,2022-12-13,NA,NA,NA,NA,NA,NA,NA,NA,>4,0
1638,837S0385,2024-05-22,26,Female,G52,Primary,2021-12-23,2021-12-23,NA,NA,NA,NA,NA,NA,NA,NA,NA,NA,>4,0
1639,837S1300,2025-05-06,74,Female,G12,Primary,NA,NA,2021-02-06,2022-07-19,NA,NA,NA,NA,NA,NA,NA,NA,>4,0
1640,837S0338,2024-05-23,44,Male,G13,Primary,NA,NA,NA,NA,NA,NA,NA,NA,NA,NA,NA,NA,>4,0
1641,837S1111,2025-05-03,76,Female,G64,Secondary,2022-07-21,2022-07-21,2020-07-05,2025-03-22,2021-11-01T00:00:00Z,Fluad Tetra Vaccine Seqirus,2022-10-01T00:00:00Z,Adjuvanted Quadrivalent Influenza Vaccine Seqirus,2023-10-24T00:00:00Z,Adjuvanted Quadrivalent Influenza Vaccine Seqirus,NA,NA,2,3
1642,837S0013,2024-05-21,36,Female,PA19,Secondary,2022-07-04,2022-07-04,2021-08-30,2021-12-30,2021-12-15T00:00:00Z,Flucelvax Tetra Vaccine Seqirus,NA,NA,NA,NA,2024-11-12T00:00:00Z,Cell-based Quadrivalent Influenza Vaccine Seqirus,1,2
1643,837S1002,2025-05-03,79,Male,G73,Secondary,NA,NA,2024-06-08,2024-06-09,NA,NA,NA,NA,NA,NA,NA,NA,>4,0
1644,837S0208,2024-05-21,56,Male,G12,Secondary,NA,NA,NA,NA,2021-12-10T00:00:00Z,Flucelvax Tetra Vaccine Seqirus,2022-12-02T00:00:00Z,Cell-based Quadrivalent Influenza Vaccine Seqirus,NA,NA,2024-11-07T00:00:00Z,Cell-based Quadrivalent Influenza Vaccine Seqirus,1,3
1645,837S1425,2025-05-07,44,Male,G4,Secondary,NA,NA,2020-08-08,2020-08-08,2021-10-20T00:00:00Z,Flucelvax Tetra Vaccine Seqirus,NA,NA,NA,NA,NA,NA,4,1
1646,837S0008,2024-05-21,44,Male,G14,Secondary,NA,NA,NA,NA,NA,NA,NA,NA,NA,NA,NA,NA,>4,0
1647,837S0251,2024-05-22,51,Male,G53,Secondary,NA,NA,2021-09-02,2025-03-27,NA,NA,NA,NA,NA,NA,NA,NA,>4,0
1648,837S0812,2024-05-29,57,Male,G43,Primary,NA,NA,2021-02-22,2021-02-22,NA,NA,2022-10-30T00:00:00Z,Cell-based Quadrivalent Influenza Vaccine Seqirus,2023-12-16T00:00:00Z,Cell-based Quadrivalent Influenza Vaccine Seqirus,NA,NA,2,2
1649,837S1211,2025-05-03,92,Female,PA1,Secondary,NA,NA,NA,NA,2021-10-16T00:00:00Z,Fluad Tetra Vaccine Seqirus,2022-09-20T00:00:00Z,Adjuvanted Quadrivalent Influenza Vaccine Seqirus,NA,NA,2024-11-01T00:00:00Z,Adjuvanted Quadrivalent Influenza Vaccine Seqirus,1,3
1650,837S0344,2024-05-23,76,Male,G64,Primary,NA,NA,2021-07-28,2021-12-09,2021-10-29T00:00:00Z,Fluad Tetra Vaccine Seqirus,2022-09-21T00:00:00Z,Adjuvanted Quadrivalent Influenza Vaccine Seqirus,2023-10-05T00:00:00Z,Adjuvanted Quadrivalent Influenza Vaccine Seqirus,2024-10-02T00:00:00Z,Adjuvanted Quadrivalent Influenza Vaccine Seqirus,1,4
1651,837S0007,2024-05-21,34,Female,G53,Secondary,2021-09-16,2021-12-24,2021-01-23,2025-01-02,NA,NA,NA,NA,NA,NA,NA,NA,>4,0
1652,837S0183,2024-05-21,69,Male,G76,Secondary,NA,NA,NA,NA,2021-11-15T00:00:00Z,Fluad Tetra Vaccine Seqirus,2022-10-15T00:00:00Z,Adjuvanted Quadrivalent Influenza Vaccine Seqirus,2023-11-26T00:00:00Z,Adjuvanted Quadrivalent Influenza Vaccine Seqirus,NA,NA,2,3
1653,837S0087,2024-05-21,59,Female,G77,Secondary,NA,NA,2020-09-29,2024-05-21,2021-09-27T00:00:00Z,Flucelvax Tetra Vaccine Seqirus,2022-11-05T00:00:00Z,Cell-based Quadrivalent Influenza Vaccine Seqirus,2023-10-28T00:00:00Z,Cell-based Quadrivalent Influenza Vaccine Seqirus,NA,NA,2,3
1654,837S0305,2024-05-23,61,Female,G13,Primary,NA,NA,NA,NA,NA,NA,2022-12-03T00:00:00Z,Cell-based Quadrivalent Influenza Vaccine Seqirus,2023-09-04T00:00:00Z,Cell-based Quadrivalent Influenza Vaccine Seqirus,NA,NA,2,2
1655,837S0468,2024-05-20,69,Male,G41,Secondary,NA,NA,2020-05-26,2024-04-18,2021-11-16T00:00:00Z,Fluad Tetra Vaccine Seqirus,2022-10-02T00:00:00Z,Adjuvanted Quadrivalent Influenza Vaccine Seqirus,2023-09-27T00:00:00Z,Adjuvanted Quadrivalent Influenza Vaccine Seqirus,2024-10-23T00:00:00Z,Adjuvanted Quadrivalent Influenza Vaccine Seqirus,1,4
1656,837S1361,2025-05-07,33,Female,G33,Secondary,NA,NA,2020-11-27,2023-01-21,2021-11-30T00:00:00Z,Flucelvax Tetra Vaccine Seqirus,NA,NA,NA,NA,NA,NA,4,1
1657,837S1182,2025-05-03,66,Female,G43,Secondary,2022-01-05,2022-01-05,2021-11-16,2021-11-16,2021-11-29T00:00:00Z,Flucelvax Tetra Vaccine Seqirus,2022-11-13T00:00:00Z,Cell-based Quadrivalent Influenza Vaccine Seqirus,NA,NA,NA,NA,3,2
1658,837S0796,2024-05-30,28,Female,G53,Primary,NA,NA,2021-08-07,2021-12-06,2021-11-02T00:00:00Z,Flucelvax Tetra Vaccine Seqirus,NA,NA,NA,NA,NA,NA,4,1
1659,837S0105,2024-05-22,70,Male,G15,Secondary,NA,NA,2021-05-09,2024-12-16,2021-11-05T00:00:00Z,Fluad Tetra Vaccine Seqirus,NA,NA,NA,NA,NA,NA,4,1
1659,837S0559,2024-05-28,70,Male,G15,Secondary,NA,NA,2021-05-09,2024-12-16,2021-11-05T00:00:00Z,Fluad Tetra Vaccine Seqirus,NA,NA,NA,NA,NA,NA,4,1
1660,837S1108,2025-05-02,69,Male,G43,Primary,NA,NA,2020-04-27,2021-01-19,2021-11-14T00:00:00Z,Fluad Tetra Vaccine Seqirus,2022-10-15T00:00:00Z,Adjuvanted Quadrivalent Influenza Vaccine Seqirus,2023-10-15T00:00:00Z,Adjuvanted Quadrivalent Influenza Vaccine Seqirus,2024-12-21T00:00:00Z,Adjuvanted Quadrivalent Influenza Vaccine Seqirus,1,4
1661,837S1401,2025-05-07,65,Female,G77,Secondary,2021-02-17,2021-03-05,2020-07-02,2022-03-21,2021-11-08T00:00:00Z,Flucelvax Tetra Vaccine Seqirus,2022-11-21T00:00:00Z,Cell-based Quadrivalent Influenza Vaccine Seqirus,2023-12-10T00:00:00Z,Cell-based Quadrivalent Influenza Vaccine Seqirus,2024-11-30T00:00:00Z,Adjuvanted Quadrivalent Influenza Vaccine Seqirus,1,4
1662,837S0526,2024-05-27,62,Female,G46,Primary,NA,NA,2021-11-06,2021-12-04,2021-11-27T00:00:00Z,Flucelvax Tetra Vaccine Seqirus,2022-10-27T00:00:00Z,Cell-based Quadrivalent Influenza Vaccine Seqirus,2023-12-01T00:00:00Z,Cell-based Quadrivalent Influenza Vaccine Seqirus,NA,NA,2,3
1663,837S0725,2024-05-29,64,Female,G11,Primary,NA,NA,NA,NA,2021-12-10T00:00:00Z,Flucelvax Tetra Vaccine Seqirus,2022-12-10T00:00:00Z,Cell-based Quadrivalent Influenza Vaccine Seqirus,2023-10-26T00:00:00Z,Cell-based Quadrivalent Influenza Vaccine Seqirus,2024-10-16T00:00:00Z,Cell-based Quadrivalent Influenza Vaccine Seqirus,1,4
1664,837S1294,2025-05-03,84,Male,G73,Secondary,NA,NA,2021-07-01,2025-04-22,2021-10-09T00:00:00Z,Fluad Tetra Vaccine Seqirus,2022-10-07T00:00:00Z,Adjuvanted Quadrivalent Influenza Vaccine Seqirus,2023-10-17T00:00:00Z,Adjuvanted Quadrivalent Influenza Vaccine Seqirus,2024-11-30T00:00:00Z,Adjuvanted Quadrivalent Influenza Vaccine Seqirus,1,4
1665,837S0333,2024-05-22,37,Female,G13,Primary,NA,NA,2022-03-18,2022-03-18,2021-10-16T00:00:00Z,Flucelvax Tetra Vaccine Seqirus,NA,NA,NA,NA,NA,NA,4,1
1666,837S1081,2025-05-03,69,Male,G52,Secondary,NA,NA,2022-01-24,2022-01-24,2021-11-09T00:00:00Z,Fluad Tetra Vaccine Seqirus,2022-10-13T00:00:00Z,Adjuvanted Quadrivalent Influenza Vaccine Seqirus,2023-11-14T00:00:00Z,Adjuvanted Quadrivalent Influenza Vaccine Seqirus,2024-10-31T00:00:00Z,Adjuvanted Quadrivalent Influenza Vaccine Seqirus,1,4
1667,837S0962,2024-05-30,43,Male,G73,Secondary,NA,NA,2022-09-03,2025-04-12,NA,NA,NA,NA,NA,NA,NA,NA,>4,0
1668,837S0695,2024-05-28,31,Male,PA1,Secondary,NA,NA,2021-06-06,2021-06-06,NA,NA,NA,NA,NA,NA,NA,NA,>4,0
1669,837S0236,2024-05-22,46,Male,G72,Secondary,NA,NA,NA,NA,NA,NA,NA,NA,NA,NA,NA,NA,>4,0
1670,837S0080,2024-05-21,90,Female,G44,Secondary,2024-07-01,2024-07-01,2021-03-02,2025-02-10,2021-10-13T00:00:00Z,Fluad Tetra Vaccine Seqirus,2022-10-11T00:00:00Z,Adjuvanted Quadrivalent Influenza Vaccine Seqirus,2023-10-21T00:00:00Z,Adjuvanted Quadrivalent Influenza Vaccine Seqirus,NA,NA,2,3
1671,837S0222,2024-05-21,67,Male,G15,Primary,NA,NA,2021-05-25,2025-02-04,2021-10-25T00:00:00Z,Fluad Tetra Vaccine Seqirus,2022-10-17T00:00:00Z,Adjuvanted Quadrivalent Influenza Vaccine Seqirus,2023-11-04T00:00:00Z,Adjuvanted Quadrivalent Influenza Vaccine Seqirus,2024-11-04T00:00:00Z,Adjuvanted Quadrivalent Influenza Vaccine Seqirus,1,4
1672,837S0131,2024-05-21,22,Female,G33,Secondary,2021-08-30,2021-08-30,2022-01-03,2023-02-03,NA,NA,2023-01-18T00:00:00Z,Cell-based Quadrivalent Influenza Vaccine Seqirus,2024-01-25T00:00:00Z,Cell-based Quadrivalent Influenza Vaccine Seqirus,NA,NA,2,2
1673,837S1016,2025-05-02,33,Female,G42,Primary,NA,NA,2022-03-12,2022-03-12,2021-12-05T00:00:00Z,Flucelvax Tetra Vaccine Seqirus,2022-10-30T00:00:00Z,Cell-based Quadrivalent Influenza Vaccine Seqirus,2023-11-05T00:00:00Z,Cell-based Quadrivalent Influenza Vaccine Seqirus,2024-11-09T00:00:00Z,Adjuvanted Quadrivalent Influenza Vaccine Seqirus,1,4
1674,837S0868,2024-05-30,32,Female,G76,Secondary,NA,NA,2022-04-22,2022-04-22,NA,NA,NA,NA,NA,NA,2024-11-18T00:00:00Z,Cell-based Quadrivalent Influenza Vaccine Seqirus,1,1
1675,837S0856,2024-05-30,63,Female,G51,Primary,2021-09-27,2021-09-27,2021-07-26,2021-08-18,2021-12-13T00:00:00Z,Flucelvax Tetra Vaccine Seqirus,NA,NA,NA,NA,NA,NA,4,1
1676,837S0232,2024-05-21,51,Female,G53,Primary,NA,NA,NA,NA,NA,NA,2022-11-03T00:00:00Z,Cell-based Quadrivalent Influenza Vaccine Seqirus,NA,NA,NA,NA,3,1
1677,837S0817,2024-05-30,77,Female,G53,Secondary,NA,NA,2021-01-05,2025-05-27,2021-10-26T00:00:00Z,Fluad Tetra Vaccine Seqirus,2022-09-28T00:00:00Z,Adjuvanted Quadrivalent Influenza Vaccine Seqirus,2023-10-29T00:00:00Z,Adjuvanted Quadrivalent Influenza Vaccine Seqirus,2024-10-10T00:00:00Z,Adjuvanted Quadrivalent Influenza Vaccine Seqirus,1,4
1678,837S0158,2024-05-22,73,Female,G62,Secondary,NA,NA,NA,NA,2021-10-28T00:00:00Z,Fluad Tetra Vaccine Seqirus,NA,NA,NA,NA,NA,NA,4,1
1679,837S1451,2025-05-07,83,Female,G81,Primary,NA,NA,2020-03-06,2023-12-22,2021-11-20T00:00:00Z,Fluad Tetra Vaccine Seqirus,2022-10-29T00:00:00Z,Adjuvanted Quadrivalent Influenza Vaccine Seqirus,2023-12-05T00:00:00Z,Adjuvanted Quadrivalent Influenza Vaccine Seqirus,2024-10-12T00:00:00Z,Adjuvanted Quadrivalent Influenza Vaccine Seqirus,1,4
1680,837S0192,2024-05-22,52,Male,G51,Secondary,NA,NA,2024-05-03,2024-05-10,2021-12-08T00:00:00Z,Flucelvax Tetra Vaccine Seqirus,2022-10-02T00:00:00Z,Cell-based Quadrivalent Influenza Vaccine Seqirus,2023-09-24T00:00:00Z,Cell-based Quadrivalent Influenza Vaccine Seqirus,2024-11-23T00:00:00Z,Cell-based Quadrivalent Influenza Vaccine Seqirus,1,4
1681,837S0557,2024-05-28,28,Female,PA19,Secondary,2022-03-19,2022-03-19,2020-08-25,2025-03-25,2021-10-28T00:00:00Z,Flucelvax Tetra Vaccine Seqirus,NA,NA,NA,NA,NA,NA,4,1
1682,837S1346,2025-05-06,51,Male,G43,Primary,NA,NA,NA,NA,NA,NA,NA,NA,NA,NA,NA,NA,>4,0
1683,837S0973,2024-05-30,32,Female,IV2,Secondary,NA,NA,NA,NA,NA,NA,NA,NA,NA,NA,NA,NA,>4,0
1684,837S1263,2025-05-03,59,Male,G64,Secondary,NA,NA,2025-03-05,2025-03-05,NA,NA,NA,NA,NA,NA,NA,NA,>4,0
1685,837S0778,2024-05-29,28,Female,G3,Primary,NA,NA,NA,NA,NA,NA,NA,NA,NA,NA,2024-11-26T00:00:00Z,Cell-based Quadrivalent Influenza Vaccine Seqirus,1,1
1686,837S0048,2024-05-22,80,Male,G62,Secondary,NA,NA,NA,NA,2021-11-01T00:00:00Z,Fluad Tetra Vaccine Seqirus,2022-10-09T00:00:00Z,Adjuvanted Quadrivalent Influenza Vaccine Seqirus,2023-11-12T00:00:00Z,Adjuvanted Quadrivalent Influenza Vaccine Seqirus,NA,NA,2,3
1687,837S0054,2024-05-21,37,Female,G22,Secondary,NA,NA,NA,NA,NA,NA,NA,NA,NA,NA,NA,NA,>4,0
1688,837S0435,2024-05-22,57,Female,G12,Primary,NA,NA,2024-10-11,2025-03-18,2021-11-28T00:00:00Z,Flucelvax Tetra Vaccine Seqirus,2022-11-05T00:00:00Z,Cell-based Quadrivalent Influenza Vaccine Seqirus,NA,NA,NA,NA,3,2
1689,837S0098,2024-05-21,71,Male,G44,Secondary,NA,NA,2021-09-19,2025-05-13,2021-11-09T00:00:00Z,Fluad Tetra Vaccine Seqirus,2022-09-27T00:00:00Z,Adjuvanted Quadrivalent Influenza Vaccine Seqirus,2023-11-19T00:00:00Z,Adjuvanted Quadrivalent Influenza Vaccine Seqirus,2024-10-17T00:00:00Z,Adjuvanted Quadrivalent Influenza Vaccine Seqirus,1,4
1690,837S0501,2024-05-27,73,Female,G52,Secondary,NA,NA,NA,NA,2021-11-02T00:00:00Z,Fluad Tetra Vaccine Seqirus,NA,NA,NA,NA,NA,NA,4,1
1691,837S0744,2024-05-29,74,Male,G51,Primary,2021-09-03,2021-09-03,NA,NA,2021-10-20T00:00:00Z,Fluad Tetra Vaccine Seqirus,2022-09-29T00:00:00Z,Adjuvanted Quadrivalent Influenza Vaccine Seqirus,2023-10-24T00:00:00Z,Adjuvanted Quadrivalent Influenza Vaccine Seqirus,2024-10-05T00:00:00Z,Adjuvanted Quadrivalent Influenza Vaccine Seqirus,1,4
1692,837S0307,2024-05-23,77,Male,G61,Secondary,NA,NA,2024-05-23,2024-05-23,2021-10-28T00:00:00Z,Fluad Tetra Vaccine Seqirus,2022-10-13T00:00:00Z,Adjuvanted Quadrivalent Influenza Vaccine Seqirus,2023-10-26T00:00:00Z,Adjuvanted Quadrivalent Influenza Vaccine Seqirus,NA,NA,2,3
1693,837S0450,2024-05-23,37,Female,G5,Primary,NA,NA,NA,NA,NA,NA,NA,NA,2023-11-07T00:00:00Z,Cell-based Quadrivalent Influenza Vaccine Seqirus,NA,NA,2,1
1694,837S0566,2024-05-24,57,Male,G43,Primary,NA,NA,2020-07-27,2024-08-28,NA,NA,2022-09-20T00:00:00Z,Cell-based Quadrivalent Influenza Vaccine Seqirus,NA,NA,NA,NA,3,1
1694,837S1204,2025-05-03,58,Male,G43,Secondary,NA,NA,2020-07-27,2024-08-28,NA,NA,2022-09-20T00:00:00Z,Cell-based Quadrivalent Influenza Vaccine Seqirus,NA,NA,NA,NA,3,1
1695,837S1165,2025-05-02,88,Male,G20,Secondary,2021-02-19,2021-02-19,2022-01-02,2022-01-02,2021-11-01T00:00:00Z,Fluad Tetra Vaccine Seqirus,2022-09-22T00:00:00Z,Adjuvanted Quadrivalent Influenza Vaccine Seqirus,2023-10-26T00:00:00Z,Adjuvanted Quadrivalent Influenza Vaccine Seqirus,2024-10-30T00:00:00Z,Adjuvanted Quadrivalent Influenza Vaccine Seqirus,1,4
1696,837S1342,2025-05-06,37,Female,G20,Primary,NA,NA,2024-06-12,2024-06-12,NA,NA,NA,NA,NA,NA,NA,NA,>4,0
1697,837S0035,2024-05-21,76,Female,G11,Secondary,2021-10-21,2021-10-21,2021-09-09,2021-09-09,2021-10-18T00:00:00Z,Fluad Tetra Vaccine Seqirus,2022-09-28T00:00:00Z,Adjuvanted Quadrivalent Influenza Vaccine Seqirus,2023-10-17T00:00:00Z,Adjuvanted Quadrivalent Influenza Vaccine Seqirus,2024-10-01T00:00:00Z,Adjuvanted Quadrivalent Influenza Vaccine Seqirus,1,4
1698,837S1290,2025-05-03,65,Female,G51,Secondary,NA,NA,NA,NA,NA,NA,NA,NA,NA,NA,NA,NA,>4,0
1699,837S1000,2024-05-30,67,Female,G52,Secondary,NA,NA,2020-05-04,2024-07-14,2021-11-09T00:00:00Z,Fluad Tetra Vaccine Seqirus,2022-10-21T00:00:00Z,Adjuvanted Quadrivalent Influenza Vaccine Seqirus,2023-10-17T00:00:00Z,Adjuvanted Quadrivalent Influenza Vaccine Seqirus,2024-11-11T00:00:00Z,Adjuvanted Quadrivalent Influenza Vaccine Seqirus,1,4
1700,837S0459,2024-05-23,63,Female,PA1,Primary,2021-09-16,2021-09-16,NA,NA,2021-12-05T00:00:00Z,Flucelvax Tetra Vaccine Seqirus,2022-10-29T00:00:00Z,Cell-based Quadrivalent Influenza Vaccine Seqirus,NA,NA,NA,NA,3,2
1701,837S0851,2024-05-30,88,Male,G20,Secondary,NA,NA,NA,NA,2021-10-22T00:00:00Z,Flucelvax Tetra Vaccine Seqirus,2022-09-22T00:00:00Z,Adjuvanted Quadrivalent Influenza Vaccine Seqirus,2023-10-30T00:00:00Z,Adjuvanted Quadrivalent Influenza Vaccine Seqirus,2024-10-03T00:00:00Z,Adjuvanted Quadrivalent Influenza Vaccine Seqirus,1,4
1702,837S1069,2025-05-02,62,Female,G45,Primary,2022-02-24,2022-02-24,2021-06-02,2021-12-28,NA,NA,2022-10-23T00:00:00Z,Cell-based Quadrivalent Influenza Vaccine Seqirus,2023-11-09T00:00:00Z,Cell-based Quadrivalent Influenza Vaccine Seqirus,2024-12-11T00:00:00Z,Cell-based Quadrivalent Influenza Vaccine Seqirus,1,3
1703,837S1061,2025-05-03,76,Male,G20,Secondary,NA,NA,2025-02-07,2025-05-02,2021-10-19T00:00:00Z,Fluad Tetra Vaccine Seqirus,2022-10-12T00:00:00Z,Adjuvanted Quadrivalent Influenza Vaccine Seqirus,2023-11-23T00:00:00Z,Adjuvanted Quadrivalent Influenza Vaccine Seqirus,NA,NA,2,3
1704,837S1274,2025-05-03,63,Female,G53,Secondary,NA,NA,2021-10-31,2021-10-31,2021-11-27T00:00:00Z,Flucelvax Tetra Vaccine Seqirus,2022-11-20T00:00:00Z,Cell-based Quadrivalent Influenza Vaccine Seqirus,2023-10-07T00:00:00Z,Cell-based Quadrivalent Influenza Vaccine Seqirus,2024-12-12T00:00:00Z,Cell-based Quadrivalent Influenza Vaccine Seqirus,1,4
1705,837S0254,2024-05-22,76,Male,DG8,Secondary,NA,NA,2024-05-20,2024-05-20,NA,NA,NA,NA,NA,NA,NA,NA,>4,0
1706,837S0042,2024-05-21,83,Female,G53,Secondary,2024-05-21,2024-05-21,2021-08-06,2025-05-22,2021-10-24T00:00:00Z,Fluad Tetra Vaccine Seqirus,2022-10-05T00:00:00Z,Adjuvanted Quadrivalent Influenza Vaccine Seqirus,2023-10-22T00:00:00Z,Adjuvanted Quadrivalent Influenza Vaccine Seqirus,2024-10-21T00:00:00Z,Adjuvanted Quadrivalent Influenza Vaccine Seqirus,1,4
1707,837S0069,2024-05-21,88,Female,G77,Secondary,NA,NA,2023-09-21,2024-12-15,2021-10-14T00:00:00Z,Fluad Tetra Vaccine Seqirus,2022-10-08T00:00:00Z,Adjuvanted Quadrivalent Influenza Vaccine Seqirus,2023-10-14T00:00:00Z,Adjuvanted Quadrivalent Influenza Vaccine Seqirus,2024-11-10T00:00:00Z,Adjuvanted Quadrivalent Influenza Vaccine Seqirus,1,4
1708,837S1400,2025-05-06,76,Female,G41,Primary,NA,NA,NA,NA,2021-10-18T00:00:00Z,Fluad Tetra Vaccine Seqirus,2022-09-29T00:00:00Z,Adjuvanted Quadrivalent Influenza Vaccine Seqirus,2023-10-19T00:00:00Z,Adjuvanted Quadrivalent Influenza Vaccine Seqirus,2024-10-13T00:00:00Z,Adjuvanted Quadrivalent Influenza Vaccine Seqirus,1,4
1709,837S0857,2024-05-29,62,Male,G42,Primary,NA,NA,NA,NA,2021-11-25T00:00:00Z,Flucelvax Tetra Vaccine Seqirus,2022-11-18T00:00:00Z,Cell-based Quadrivalent Influenza Vaccine Seqirus,2023-11-16T00:00:00Z,Cell-based Quadrivalent Influenza Vaccine Seqirus,NA,NA,2,3
1710,837S0228,2024-05-21,48,Female,G46,Primary,NA,NA,2021-08-27,2021-09-04,NA,NA,NA,NA,NA,NA,NA,NA,>4,0
1711,837S0825,2024-05-29,65,Female,G53,Primary,NA,NA,NA,NA,NA,NA,NA,NA,2024-01-06T00:00:00Z,Adjuvanted Quadrivalent Influenza Vaccine Seqirus,2024-12-05T00:00:00Z,Adjuvanted Quadrivalent Influenza Vaccine Seqirus,1,2
1712,837S1482,2025-05-07,36,Male,G42,Primary,NA,NA,NA,NA,NA,NA,NA,NA,NA,NA,NA,NA,>4,0
1713,837S0622,2024-05-28,31,Female,G69,Secondary,NA,NA,2020-11-09,2021-08-22,2021-12-02T00:00:00Z,Flucelvax Tetra Vaccine Seqirus,2022-10-27T00:00:00Z,Cell-based Quadrivalent Influenza Vaccine Seqirus,NA,NA,2024-11-12T00:00:00Z,Cell-based Quadrivalent Influenza Vaccine Seqirus,1,3
1714,837S0712,2024-05-29,25,Female,G74,Primary,NA,NA,NA,NA,NA,NA,NA,NA,2023-12-24T00:00:00Z,Cell-based Quadrivalent Influenza Vaccine Seqirus,NA,NA,2,1
1715,837S0698,2024-05-28,77,Female,FK15,Secondary,NA,NA,2021-06-07,2022-05-09,NA,NA,NA,NA,NA,NA,NA,NA,>4,0
1716,837S0610,2024-05-28,54,Male,G78,Secondary,NA,NA,NA,NA,NA,NA,NA,NA,NA,NA,NA,NA,>4,0
1716,837S0582,2024-05-28,54,Male,G78,Secondary,NA,NA,NA,NA,NA,NA,NA,NA,NA,NA,NA,NA,>4,0
1717,837S1256,2025-05-03,84,Male,G61,Secondary,NA,NA,2025-05-13,2025-05-13,NA,NA,2022-10-16T00:00:00Z,Adjuvanted Quadrivalent Influenza Vaccine Seqirus,2023-11-12T00:00:00Z,Adjuvanted Quadrivalent Influenza Vaccine Seqirus,2024-12-06T00:00:00Z,Adjuvanted Quadrivalent Influenza Vaccine Seqirus,1,3
1718,837S0621,2024-05-28,25,Male,EH4,Secondary,NA,NA,NA,NA,NA,NA,NA,NA,NA,NA,NA,NA,>4,0
1719,837S0980,2024-05-29,65,Female,G46,Primary,2021-01-20,2021-01-20,NA,NA,2021-11-27T00:00:00Z,Flucelvax Tetra Vaccine Seqirus,2022-10-21T00:00:00Z,Cell-based Quadrivalent Influenza Vaccine Seqirus,2023-12-06T00:00:00Z,Adjuvanted Quadrivalent Influenza Vaccine Seqirus,2025-01-04T00:00:00Z,Adjuvanted Quadrivalent Influenza Vaccine Seqirus,1,4
1720,837S1128,2025-05-03,80,Female,G53,Secondary,NA,NA,NA,NA,2021-10-26T00:00:00Z,Fluad Tetra Vaccine Seqirus,2022-10-06T00:00:00Z,Adjuvanted Quadrivalent Influenza Vaccine Seqirus,NA,NA,NA,NA,3,2
1721,837S0304,2024-05-22,83,Female,G41,Primary,NA,NA,NA,NA,2021-10-13T00:00:00Z,Fluad Tetra Vaccine Seqirus,2022-09-21T00:00:00Z,Adjuvanted Quadrivalent Influenza Vaccine Seqirus,2023-11-07T00:00:00Z,Adjuvanted Quadrivalent Influenza Vaccine Seqirus,2024-10-14T00:00:00Z,Adjuvanted Quadrivalent Influenza Vaccine Seqirus,1,4
1722,837S1112,2025-05-03,86,Male,G76,Secondary,NA,NA,NA,NA,2021-10-05T00:00:00Z,Fluad Tetra Vaccine Seqirus,NA,NA,2023-11-04T00:00:00Z,Adjuvanted Quadrivalent Influenza Vaccine Seqirus,2024-11-14T00:00:00Z,Adjuvanted Quadrivalent Influenza Vaccine Seqirus,1,3
1723,837S0362,2024-05-22,62,Female,G12,Primary,2022-01-04,2022-01-04,2020-12-20,2021-12-09,2021-11-25T00:00:00Z,Flucelvax Tetra Vaccine Seqirus,2022-11-22T00:00:00Z,Cell-based Quadrivalent Influenza Vaccine Seqirus,NA,NA,NA,NA,3,2
1724,837S1051,2025-05-02,50,Male,G31,Primary,NA,NA,2021-01-07,2021-01-07,NA,NA,NA,NA,NA,NA,NA,NA,>4,0
1725,837S0515,2024-05-27,83,Female,G62,Secondary,2023-02-14,2023-02-14,2021-12-11,2021-12-30,2021-10-21T00:00:00Z,Fluad Tetra Vaccine Seqirus,2022-09-22T00:00:00Z,Adjuvanted Quadrivalent Influenza Vaccine Seqirus,2023-11-08T00:00:00Z,Adjuvanted Quadrivalent Influenza Vaccine Seqirus,NA,NA,2,3
1726,837S1264,2025-05-02,85,Female,G51,Primary,2022-03-30,2022-03-30,NA,NA,NA,NA,NA,NA,NA,NA,NA,NA,>4,0
1727,837S1301,2025-05-06,59,Male,G15,Primary,2021-08-31,2021-08-31,2020-02-03,2022-08-20,NA,NA,2022-10-30T00:00:00Z,Cell-based Quadrivalent Influenza Vaccine Seqirus,NA,NA,NA,NA,3,1
1728,837S1384,2025-05-06,56,Female,G13,Primary,2022-03-18,2022-03-18,2020-07-24,2022-02-09,2021-10-15T00:00:00Z,Flucelvax Tetra Vaccine Seqirus,2022-10-30T00:00:00Z,Cell-based Quadrivalent Influenza Vaccine Seqirus,NA,NA,NA,NA,3,2
1729,837S1344,2025-05-06,79,Male,G52,Primary,2021-08-20,2021-08-20,2021-02-01,2022-06-28,2021-12-10T00:00:00Z,Fluad Tetra Vaccine Seqirus,2022-11-03T00:00:00Z,Adjuvanted Quadrivalent Influenza Vaccine Seqirus,2023-11-07T00:00:00Z,Adjuvanted Quadrivalent Influenza Vaccine Seqirus,2024-10-05T00:00:00Z,Adjuvanted Quadrivalent Influenza Vaccine Seqirus,1,4
1730,837S1495,2025-05-07,63,Male,G12,Primary,NA,NA,2021-09-27,2022-04-09,2021-11-30T00:00:00Z,Flucelvax Tetra Vaccine Seqirus,2022-10-13T00:00:00Z,Cell-based Quadrivalent Influenza Vaccine Seqirus,2023-11-06T00:00:00Z,Cell-based Quadrivalent Influenza Vaccine Seqirus,2024-12-02T00:00:00Z,Cell-based Quadrivalent Influenza Vaccine Seqirus,1,4
1731,837S0238,2024-05-21,27,Male,G46,Primary,NA,NA,NA,NA,NA,NA,NA,NA,NA,NA,NA,NA,>4,0
1732,837S0879,2024-05-28,83,Male,PA4,Secondary,2024-09-23,2024-09-23,2022-12-20,2022-12-20,2021-10-30T00:00:00Z,Fluad Tetra Vaccine Seqirus,2022-09-17T00:00:00Z,Adjuvanted Quadrivalent Influenza Vaccine Seqirus,NA,NA,NA,NA,3,2
1733,837S1455,2025-05-07,68,Female,G43,Secondary,NA,NA,2022-08-03,2022-08-03,2021-12-01T00:00:00Z,Flucelvax Tetra Vaccine Seqirus,2022-12-02T00:00:00Z,Adjuvanted Quadrivalent Influenza Vaccine Seqirus,NA,NA,2024-11-30T00:00:00Z,Adjuvanted Quadrivalent Influenza Vaccine Seqirus,1,3
1734,837S1198,2025-05-02,54,Female,G14,Primary,2021-11-30,2021-11-30,NA,NA,2021-09-30T00:00:00Z,Flucelvax Tetra Vaccine Seqirus,2022-09-19T00:00:00Z,Cell-based Quadrivalent Influenza Vaccine Seqirus,2023-11-23T00:00:00Z,Cell-based Quadrivalent Influenza Vaccine Seqirus,2024-11-06T00:00:00Z,Cell-based Quadrivalent Influenza Vaccine Seqirus,1,4
1735,837S0617,2024-05-28,83,Female,G32,Secondary,NA,NA,2020-11-27,2022-07-23,2021-11-17T00:00:00Z,Fluad Tetra Vaccine Seqirus,2022-10-29T00:00:00Z,Adjuvanted Quadrivalent Influenza Vaccine Seqirus,2023-10-31T00:00:00Z,Adjuvanted Quadrivalent Influenza Vaccine Seqirus,NA,NA,2,3
1736,837S1397,2025-05-07,53,Female,G45,Secondary,NA,NA,2021-04-23,2021-04-23,NA,NA,NA,NA,NA,NA,NA,NA,>4,0
1737,837S0676,2024-05-28,80,Female,FK8,Secondary,NA,NA,NA,NA,NA,NA,NA,NA,NA,NA,NA,NA,>4,0
1738,837S1272,2025-05-03,76,Male,ML4,Secondary,NA,NA,NA,NA,NA,NA,NA,NA,NA,NA,NA,NA,>4,0
1739,837S0950,2024-05-30,37,Female,G45,Secondary,2022-01-01,2022-01-01,2021-02-26,2025-03-20,NA,NA,NA,NA,NA,NA,NA,NA,>4,0
1740,837S1456,2025-05-07,40,Female,G42,Secondary,NA,NA,NA,NA,NA,NA,2023-03-03T00:00:00Z,Cell-based Quadrivalent Influenza Vaccine Seqirus,NA,NA,2025-03-07T00:00:00Z,Cell-based Quadrivalent Influenza Vaccine Seqirus,1,2
1741,837S0203,2024-05-21,85,Male,G77,Primary,2024-07-07,2024-07-07,NA,NA,2021-10-21T00:00:00Z,Fluad Tetra Vaccine Seqirus,2022-09-24T00:00:00Z,Adjuvanted Quadrivalent Influenza Vaccine Seqirus,2024-01-13T00:00:00Z,Adjuvanted Quadrivalent Influenza Vaccine Seqirus,2024-10-16T00:00:00Z,Adjuvanted Quadrivalent Influenza Vaccine Seqirus,1,4
1742,837S0807,2024-05-30,71,Male,FK2,Secondary,NA,NA,NA,NA,NA,NA,NA,NA,NA,NA,NA,NA,>4,0
1743,837S0275,2024-05-21,82,Female,G76,Primary,NA,NA,2021-12-16,2024-07-12,2021-10-20T00:00:00Z,Fluad Tetra Vaccine Seqirus,2022-10-29T00:00:00Z,Adjuvanted Quadrivalent Influenza Vaccine Seqirus,2023-12-09T00:00:00Z,Adjuvanted Quadrivalent Influenza Vaccine Seqirus,2024-11-02T00:00:00Z,Adjuvanted Quadrivalent Influenza Vaccine Seqirus,1,4
1744,837S1299,2025-05-02,60,Female,G41,Primary,NA,NA,2021-05-21,2021-12-21,2021-12-12T00:00:00Z,Flucelvax Tetra Vaccine Seqirus,2022-11-15T00:00:00Z,Cell-based Quadrivalent Influenza Vaccine Seqirus,NA,NA,NA,NA,3,2
1745,837S1174,2025-05-03,71,Female,G41,Secondary,NA,NA,2023-09-01,2023-09-01,NA,NA,2022-12-17T00:00:00Z,Adjuvanted Quadrivalent Influenza Vaccine Seqirus,2023-10-18T00:00:00Z,Adjuvanted Quadrivalent Influenza Vaccine Seqirus,2024-12-21T00:00:00Z,Adjuvanted Quadrivalent Influenza Vaccine Seqirus,1,3
1746,837S0577,2024-05-28,24,Female,G5,Secondary,NA,NA,NA,NA,NA,NA,NA,NA,NA,NA,NA,NA,>4,0
1747,837S1091,2025-05-02,72,Male,G77,Primary,2021-11-19,2021-11-19,NA,NA,2021-11-13T00:00:00Z,Fluad Tetra Vaccine Seqirus,2022-10-09T00:00:00Z,Adjuvanted Quadrivalent Influenza Vaccine Seqirus,2023-11-12T00:00:00Z,Adjuvanted Quadrivalent Influenza Vaccine Seqirus,2024-11-23T00:00:00Z,Adjuvanted Quadrivalent Influenza Vaccine Seqirus,1,4
1748,837S0504,2024-05-28,66,Female,G5,Secondary,2021-12-28,2021-12-28,2022-06-24,2025-01-31,NA,NA,NA,NA,NA,NA,NA,NA,>4,0
1749,837S0473,2024-05-22,29,Male,G5,Primary,NA,NA,NA,NA,NA,NA,NA,NA,NA,NA,NA,NA,>4,0
1750,837S0086,2024-05-21,22,Male,G43,Secondary,2021-12-23,2021-12-23,2021-06-26,2021-08-21,NA,NA,NA,NA,NA,NA,NA,NA,>4,0
1751,837S1222,2025-05-03,56,Male,G32,Secondary,NA,NA,NA,NA,2021-12-03T00:00:00Z,Flucelvax Tetra Vaccine Seqirus,2022-10-24T00:00:00Z,Cell-based Quadrivalent Influenza Vaccine Seqirus,NA,NA,NA,NA,3,2
1752,837S0965,2024-05-29,55,Male,G52,Primary,NA,NA,2021-08-17,2021-08-27,NA,NA,NA,NA,NA,NA,NA,NA,>4,0
1753,837S0527,2024-05-28,52,Female,G52,Primary,NA,NA,2021-09-16,2021-09-16,2021-12-09T00:00:00Z,Flucelvax Tetra Vaccine Seqirus,2022-10-30T00:00:00Z,Cell-based Quadrivalent Influenza Vaccine Seqirus,2023-11-23T00:00:00Z,Cell-based Quadrivalent Influenza Vaccine Seqirus,NA,NA,2,3
1754,837S0074,2024-05-21,88,Female,PA5,Secondary,2024-09-02,2024-09-02,2024-09-02,2024-09-02,2021-10-19T00:00:00Z,Fluad Tetra Vaccine Seqirus,NA,NA,2023-11-21T00:00:00Z,Adjuvanted Quadrivalent Influenza Vaccine Seqirus,NA,NA,2,2
1754,837S0250,2024-05-22,88,Female,PA5,Secondary,2024-09-02,2024-09-02,2024-09-02,2024-09-02,2021-10-19T00:00:00Z,Fluad Tetra Vaccine Seqirus,NA,NA,2023-11-21T00:00:00Z,Adjuvanted Quadrivalent Influenza Vaccine Seqirus,NA,NA,2,2
1755,837S0319,2024-05-23,32,Female,G15,Primary,2021-08-18,2021-08-18,NA,NA,NA,NA,NA,NA,NA,NA,NA,NA,>4,0
1756,837S1189,2025-05-02,85,Female,G43,Primary,NA,NA,2021-10-17,2023-01-18,2022-01-25T00:00:00Z,Fluad Tetra Vaccine Seqirus,2022-10-24T00:00:00Z,Adjuvanted Quadrivalent Influenza Vaccine Seqirus,2023-10-28T00:00:00Z,Adjuvanted Quadrivalent Influenza Vaccine Seqirus,2024-10-06T00:00:00Z,Adjuvanted Quadrivalent Influenza Vaccine Seqirus,1,4
1757,837S1125,2025-05-02,33,Female,G42,Primary,NA,NA,2020-08-25,2022-02-21,NA,NA,2022-11-30T00:00:00Z,Cell-based Quadrivalent Influenza Vaccine Seqirus,NA,NA,NA,NA,3,1
1758,837S1088,2025-05-03,76,Male,PA4,Secondary,NA,NA,2024-11-15,2024-11-15,2021-11-06T00:00:00Z,Fluad Tetra Vaccine Seqirus,2022-10-07T00:00:00Z,Adjuvanted Quadrivalent Influenza Vaccine Seqirus,2023-11-11T00:00:00Z,Adjuvanted Quadrivalent Influenza Vaccine Seqirus,2024-10-11T00:00:00Z,Adjuvanted Quadrivalent Influenza Vaccine Seqirus,1,4
1759,837S1199,2025-05-02,95,Male,G81,Primary,NA,NA,2021-02-10,2022-08-17,2021-10-06T00:00:00Z,Fluad Tetra Vaccine Seqirus,2022-09-24T00:00:00Z,Adjuvanted Quadrivalent Influenza Vaccine Seqirus,2023-10-16T00:00:00Z,Cell-based Quadrivalent Influenza Vaccine Seqirus,2024-10-05T00:00:00Z,Adjuvanted Quadrivalent Influenza Vaccine Seqirus,1,4
1760,837S1280,2025-05-03,41,Male,G20,Secondary,NA,NA,2021-10-24,2025-05-30,NA,NA,2022-10-28T00:00:00Z,Cell-based Quadrivalent Influenza Vaccine Seqirus,NA,NA,NA,NA,3,1
1761,837S1374,2025-05-06,39,Female,G84,Primary,NA,NA,2024-05-07,2024-05-07,NA,NA,NA,NA,NA,NA,NA,NA,>4,0
1762,837S0492,2024-05-22,35,Female,G45,Primary,NA,NA,NA,NA,NA,NA,NA,NA,NA,NA,NA,NA,>4,0
1763,837S0125,2024-05-21,97,Female,G76,Secondary,NA,NA,NA,NA,2021-10-14T00:00:00Z,Fluad Tetra Vaccine Seqirus,2022-09-22T00:00:00Z,Adjuvanted Quadrivalent Influenza Vaccine Seqirus,2023-11-05T00:00:00Z,Adjuvanted Quadrivalent Influenza Vaccine Seqirus,2024-10-01T00:00:00Z,Adjuvanted Quadrivalent Influenza Vaccine Seqirus,1,4
1764,837S0127,2024-05-22,66,Male,G81,Secondary,NA,NA,2021-01-25,2022-04-07,2021-11-24T00:00:00Z,Flucelvax Tetra Vaccine Seqirus,2022-10-16T00:00:00Z,Adjuvanted Quadrivalent Influenza Vaccine Seqirus,2023-12-11T00:00:00Z,Adjuvanted Quadrivalent Influenza Vaccine Seqirus,2024-11-03T00:00:00Z,Adjuvanted Quadrivalent Influenza Vaccine Seqirus,1,4
1765,837S0117,2024-05-22,37,Female,G77,Secondary,NA,NA,2020-11-09,2024-01-20,NA,NA,NA,NA,NA,NA,NA,NA,>4,0
1766,837S0143,2024-05-21,26,Male,G73,Secondary,NA,NA,2020-11-12,2024-05-21,NA,NA,NA,NA,NA,NA,NA,NA,>4,0
1767,837S0412,2024-05-22,25,Female,G81,Secondary,NA,NA,2021-09-19,2021-09-19,NA,NA,NA,NA,NA,NA,NA,NA,>4,0
1768,837S1170,2025-05-02,50,Male,G11,Primary,2020-09-20,2020-10-02,2020-12-11,2021-12-03,NA,NA,NA,NA,NA,NA,NA,NA,>4,0
1769,837S1089,2025-05-03,88,Female,G61,Secondary,NA,NA,2021-02-26,2025-05-28,2021-10-13T00:00:00Z,Fluad Tetra Vaccine Seqirus,2022-09-23T00:00:00Z,Adjuvanted Quadrivalent Influenza Vaccine Seqirus,2023-11-20T00:00:00Z,Adjuvanted Quadrivalent Influenza Vaccine Seqirus,2024-10-21T00:00:00Z,Adjuvanted Quadrivalent Influenza Vaccine Seqirus,1,4
1770,837S0794,2024-05-29,59,Female,G61,Secondary,2020-11-26,2020-11-26,2021-07-08,2021-07-16,2021-11-16T00:00:00Z,Flucelvax Tetra Vaccine Seqirus,2022-10-07T00:00:00Z,Cell-based Quadrivalent Influenza Vaccine Seqirus,2023-10-12T00:00:00Z,Cell-based Quadrivalent Influenza Vaccine Seqirus,2024-11-07T00:00:00Z,Cell-based Quadrivalent Influenza Vaccine Seqirus,1,4
1771,837S0534,2024-05-28,74,Male,PA14,Secondary,2021-12-30,2021-12-30,2020-10-13,2021-03-31,2021-10-27T00:00:00Z,Fluad Tetra Vaccine Seqirus,2022-10-23T00:00:00Z,Adjuvanted Quadrivalent Influenza Vaccine Seqirus,2023-11-02T00:00:00Z,Adjuvanted Quadrivalent Influenza Vaccine Seqirus,2024-10-13T00:00:00Z,Adjuvanted Quadrivalent Influenza Vaccine Seqirus,1,4
1772,837S1246,2025-05-02,53,Female,G77,Primary,2021-05-12,2021-05-12,2021-08-27,2022-04-25,2021-10-05T00:00:00Z,Flucelvax Tetra Vaccine Seqirus,2022-10-31T00:00:00Z,Cell-based Quadrivalent Influenza Vaccine Seqirus,2023-11-16T00:00:00Z,Cell-based Quadrivalent Influenza Vaccine Seqirus,NA,NA,2,3
1773,837S0651,2024-05-28,44,Female,G52,Primary,NA,NA,2020-11-04,2022-01-09,NA,NA,NA,NA,NA,NA,NA,NA,>4,0
1774,837S0756,2024-05-29,79,Female,G61,Primary,2024-07-04,2024-07-04,2020-09-01,2024-02-16,NA,NA,NA,NA,NA,NA,NA,NA,>4,0
1775,837S0471,2024-05-21,86,Female,G53,Primary,NA,NA,2021-09-01,2021-09-01,2021-10-23T00:00:00Z,Fluad Tetra Vaccine Seqirus,2022-09-18T00:00:00Z,Adjuvanted Quadrivalent Influenza Vaccine Seqirus,2023-10-10T00:00:00Z,Adjuvanted Quadrivalent Influenza Vaccine Seqirus,NA,NA,2,3
1776,837S0705,2024-05-29,32,Female,G11,Primary,NA,NA,2021-10-03,2022-03-01,NA,NA,2022-12-19T00:00:00Z,Cell-based Quadrivalent Influenza Vaccine Seqirus,NA,NA,NA,NA,3,1
1777,837S0798,2024-05-29,35,Female,G45,Primary,NA,NA,NA,NA,NA,NA,NA,NA,NA,NA,NA,NA,>4,0
1778,837S1045,2025-05-02,28,Female,G42,Primary,2021-09-03,2021-09-03,2021-03-12,2021-09-30,NA,NA,NA,NA,NA,NA,NA,NA,>4,0
1779,837S1228,2025-05-03,88,Male,G72,Secondary,NA,NA,2025-02-04,2025-05-09,NA,NA,NA,NA,NA,NA,NA,NA,>4,0
1780,837S0219,2024-05-20,58,Male,G45,Secondary,NA,NA,NA,NA,NA,NA,NA,NA,NA,NA,NA,NA,>4,0
1781,837S1152,2025-05-02,39,Male,G44,Primary,NA,NA,2022-03-17,2022-03-17,NA,NA,NA,NA,NA,NA,NA,NA,>4,0
1782,837S0732,2024-05-30,39,Female,G41,Primary,2021-12-26,2021-12-26,NA,NA,NA,NA,NA,NA,NA,NA,NA,NA,>4,0
1783,837S1317,2025-05-06,68,Male,G52,Primary,NA,NA,2020-09-16,2020-09-16,2021-11-19T00:00:00Z,Fluad Tetra Vaccine Seqirus,2022-10-12T00:00:00Z,Adjuvanted Quadrivalent Influenza Vaccine Seqirus,2023-11-26T00:00:00Z,Adjuvanted Quadrivalent Influenza Vaccine Seqirus,NA,NA,2,3
1784,837S0094,2024-05-21,63,Male,G46,Secondary,2021-03-18,2021-04-01,2023-02-05,2025-01-16,NA,NA,NA,NA,NA,NA,NA,NA,>4,0
1785,837S1352,2025-05-07,64,Female,G76,Secondary,NA,NA,NA,NA,2021-12-02T00:00:00Z,Flucelvax Tetra Vaccine Seqirus,2022-10-20T00:00:00Z,Cell-based Quadrivalent Influenza Vaccine Seqirus,2023-12-01T00:00:00Z,Cell-based Quadrivalent Influenza Vaccine Seqirus,2024-11-24T00:00:00Z,Cell-based Quadrivalent Influenza Vaccine Seqirus,1,4
1786,837S0769,2024-05-29,46,Female,G60,Primary,NA,NA,2021-07-27,2022-01-26,NA,NA,NA,NA,NA,NA,NA,NA,>4,0
1787,837S0268,2024-05-22,77,Male,G73,Secondary,2021-09-02,2021-09-03,2020-09-24,2024-03-29,NA,NA,NA,NA,NA,NA,NA,NA,>4,0
1788,837S1310,2025-05-06,75,Female,G77,Primary,NA,NA,NA,NA,2021-10-30T00:00:00Z,Fluad Tetra Vaccine Seqirus,NA,NA,2023-11-26T00:00:00Z,Adjuvanted Quadrivalent Influenza Vaccine Seqirus,2024-11-30T00:00:00Z,Adjuvanted Quadrivalent Influenza Vaccine Seqirus,1,3
1789,837S1116,2025-05-03,44,Male,G76,Secondary,NA,NA,2021-05-18,2021-12-15,NA,NA,NA,NA,NA,NA,NA,NA,>4,0
1790,837S0065,2024-05-21,40,Male,G13,Secondary,NA,NA,2021-11-26,2024-09-22,NA,NA,NA,NA,NA,NA,NA,NA,>4,0
1791,837S1303,2025-05-06,83,Male,G43,Secondary,2021-10-27,2021-10-27,NA,NA,2021-11-28T00:00:00Z,Fluad Tetra Vaccine Seqirus,2022-10-09T00:00:00Z,Adjuvanted Quadrivalent Influenza Vaccine Seqirus,2023-10-28T00:00:00Z,Adjuvanted Quadrivalent Influenza Vaccine Seqirus,2024-11-04T00:00:00Z,Adjuvanted Quadrivalent Influenza Vaccine Seqirus,1,4
1792,837S0393,2024-05-23,71,Male,G44,Secondary,NA,NA,NA,NA,2021-11-11T00:00:00Z,Fluad Tetra Vaccine Seqirus,2022-10-06T00:00:00Z,Adjuvanted Quadrivalent Influenza Vaccine Seqirus,2023-11-18T00:00:00Z,Adjuvanted Quadrivalent Influenza Vaccine Seqirus,NA,NA,2,3
1793,837S0789,2024-05-30,71,Female,G46,Secondary,NA,NA,2024-04-30,2024-04-30,NA,NA,2022-11-19T00:00:00Z,Adjuvanted Quadrivalent Influenza Vaccine Seqirus,NA,NA,2024-12-22T00:00:00Z,Adjuvanted Quadrivalent Influenza Vaccine Seqirus,1,2
1794,837S1345,2025-05-07,83,Female,G73,Secondary,NA,NA,2024-06-24,2024-06-24,NA,NA,NA,NA,NA,NA,NA,NA,>4,0
1795,837S0049,2024-05-21,74,Male,G5,Secondary,2022-06-16,2022-06-16,2020-11-21,2024-01-25,2021-10-21T00:00:00Z,Fluad Tetra Vaccine Seqirus,2022-09-29T00:00:00Z,Adjuvanted Quadrivalent Influenza Vaccine Seqirus,2023-11-01T00:00:00Z,Adjuvanted Quadrivalent Influenza Vaccine Seqirus,NA,NA,2,3
1796,837S1433,2025-05-08,66,Male,G53,Secondary,NA,NA,2021-06-18,2021-06-18,2021-11-20T00:00:00Z,Flucelvax Tetra Vaccine Seqirus,2022-09-11T00:00:00Z,Cell-based Quadrivalent Influenza Vaccine Seqirus,2023-11-11T00:00:00Z,Adjuvanted Quadrivalent Influenza Vaccine Seqirus,NA,NA,2,3
1796,837S1253,2025-05-03,66,Male,G53,Secondary,NA,NA,2021-06-18,2021-06-18,2021-11-20T00:00:00Z,Flucelvax Tetra Vaccine Seqirus,2022-09-11T00:00:00Z,Cell-based Quadrivalent Influenza Vaccine Seqirus,2023-11-11T00:00:00Z,Adjuvanted Quadrivalent Influenza Vaccine Seqirus,NA,NA,2,3
1796,837S1306,2025-05-07,66,Male,G53,Secondary,NA,NA,2021-06-18,2021-06-18,2021-11-20T00:00:00Z,Flucelvax Tetra Vaccine Seqirus,2022-09-11T00:00:00Z,Cell-based Quadrivalent Influenza Vaccine Seqirus,2023-11-11T00:00:00Z,Adjuvanted Quadrivalent Influenza Vaccine Seqirus,NA,NA,2,3
1797,837S0748,2024-05-29,63,Female,G53,Primary,2021-10-11,2021-10-11,NA,NA,2021-12-04T00:00:00Z,Flucelvax Tetra Vaccine Seqirus,2022-12-15T00:00:00Z,Cell-based Quadrivalent Influenza Vaccine Seqirus,2023-11-14T00:00:00Z,Cell-based Quadrivalent Influenza Vaccine Seqirus,2024-12-12T00:00:00Z,Cell-based Quadrivalent Influenza Vaccine Seqirus,1,4
1798,837S1462,2025-05-07,38,Female,G77,Secondary,NA,NA,2021-07-26,2021-12-09,NA,NA,NA,NA,NA,NA,NA,NA,>4,0
1799,837S1406,2025-05-07,69,Female,G51,Secondary,NA,NA,2021-03-28,2025-04-30,2021-11-18T00:00:00Z,Fluad Tetra Vaccine Seqirus,2022-10-15T00:00:00Z,Adjuvanted Quadrivalent Influenza Vaccine Seqirus,2023-11-21T00:00:00Z,Adjuvanted Quadrivalent Influenza Vaccine Seqirus,NA,NA,2,3
1800,837S0999,2024-05-30,64,Female,G13,Secondary,NA,NA,NA,NA,2021-11-07T00:00:00Z,Flucelvax Tetra Vaccine Seqirus,2022-12-07T00:00:00Z,Cell-based Quadrivalent Influenza Vaccine Seqirus,2023-10-12T00:00:00Z,Cell-based Quadrivalent Influenza Vaccine Seqirus,2024-11-21T00:00:00Z,Cell-based Quadrivalent Influenza Vaccine Seqirus,1,4
1801,837S0876,2024-05-30,66,Male,FK7,Secondary,NA,NA,NA,NA,NA,NA,NA,NA,NA,NA,NA,NA,>4,0
1802,837S0478,2024-05-23,67,Female,G41,Secondary,NA,NA,NA,NA,2021-11-25T00:00:00Z,Flucelvax Tetra Vaccine Seqirus,2022-11-06T00:00:00Z,Adjuvanted Quadrivalent Influenza Vaccine Seqirus,2023-11-05T00:00:00Z,Adjuvanted Quadrivalent Influenza Vaccine Seqirus,NA,NA,2,3
1803,837S0977,2024-05-29,68,Male,G44,Primary,NA,NA,2020-09-20,2023-06-23,2021-11-11T00:00:00Z,Fluad Tetra Vaccine Seqirus,2022-10-09T00:00:00Z,Adjuvanted Quadrivalent Influenza Vaccine Seqirus,2023-12-28T00:00:00Z,Adjuvanted Quadrivalent Influenza Vaccine Seqirus,2024-12-04T00:00:00Z,Adjuvanted Quadrivalent Influenza Vaccine Seqirus,1,4
1804,837S0289,2024-05-21,34,Female,G5,Primary,NA,NA,NA,NA,NA,NA,NA,NA,NA,NA,NA,NA,>4,0
1805,837S0193,2024-05-21,58,Female,G76,Secondary,NA,NA,2021-03-19,2021-06-07,NA,NA,NA,NA,NA,NA,NA,NA,>4,0
1806,837S0846,2024-05-29,50,Female,G12,Primary,NA,NA,NA,NA,NA,NA,2022-11-10T00:00:00Z,Cell-based Quadrivalent Influenza Vaccine Seqirus,NA,NA,NA,NA,3,1
1807,837S1155,2025-05-02,42,Male,G44,Primary,NA,NA,NA,NA,NA,NA,NA,NA,NA,NA,NA,NA,>4,0
1808,837S0766,2024-05-30,37,Male,G46,Secondary,NA,NA,2024-05-31,2024-06-10,NA,NA,NA,NA,NA,NA,NA,NA,>4,0
1809,837S0341,2024-05-23,71,Female,G82,Secondary,2023-03-07,2023-03-07,2020-11-18,2022-03-09,2021-11-21T00:00:00Z,Fluad Tetra Vaccine Seqirus,2022-10-02T00:00:00Z,Adjuvanted Quadrivalent Influenza Vaccine Seqirus,2023-11-19T00:00:00Z,Adjuvanted Quadrivalent Influenza Vaccine Seqirus,2024-11-03T00:00:00Z,Adjuvanted Quadrivalent Influenza Vaccine Seqirus,1,4
1810,837S1243,2025-05-02,54,Male,G43,Primary,2023-04-10,2023-04-10,2024-10-22,2024-10-22,2021-12-05T00:00:00Z,Flucelvax Tetra Vaccine Seqirus,2022-11-16T00:00:00Z,Cell-based Quadrivalent Influenza Vaccine Seqirus,2023-11-26T00:00:00Z,Cell-based Quadrivalent Influenza Vaccine Seqirus,2024-12-04T00:00:00Z,Cell-based Quadrivalent Influenza Vaccine Seqirus,1,4
1811,837S1355,2025-05-07,69,Female,G81,Secondary,NA,NA,2021-04-07,2025-05-02,2021-11-16T00:00:00Z,Fluad Tetra Vaccine Seqirus,2022-09-08T00:00:00Z,Adjuvanted Quadrivalent Influenza Vaccine Seqirus,2023-09-28T00:00:00Z,Adjuvanted Quadrivalent Influenza Vaccine Seqirus,NA,NA,2,3
1812,837S0596,2024-05-28,79,Female,G73,Secondary,NA,NA,2020-09-02,2022-07-17,NA,NA,NA,NA,NA,NA,NA,NA,>4,0
1813,837S1013,2025-05-03,89,Female,G78,Secondary,NA,NA,NA,NA,2021-10-16T00:00:00Z,Fluad Tetra Vaccine Seqirus,NA,NA,NA,NA,NA,NA,4,1
1814,837S1380,2025-05-06,76,Male,G13,Primary,2024-08-11,2024-08-11,2020-09-28,2025-02-05,2021-10-25T00:00:00Z,Fluad Tetra Vaccine Seqirus,2022-10-02T00:00:00Z,Adjuvanted Quadrivalent Influenza Vaccine Seqirus,2023-10-18T00:00:00Z,Adjuvanted Quadrivalent Influenza Vaccine Seqirus,2024-10-09T00:00:00Z,Adjuvanted Quadrivalent Influenza Vaccine Seqirus,1,4
1815,837S1070,2025-05-02,76,Female,G45,Primary,NA,NA,2021-04-10,2021-04-13,NA,NA,NA,NA,NA,NA,NA,NA,>4,0
1816,837S0421,2024-05-23,93,Female,G44,Secondary,NA,NA,2021-11-12,2024-05-24,2021-10-10T00:00:00Z,Fluad Tetra Vaccine Seqirus,2022-09-19T00:00:00Z,Adjuvanted Quadrivalent Influenza Vaccine Seqirus,2023-10-27T00:00:00Z,Adjuvanted Quadrivalent Influenza Vaccine Seqirus,2024-10-02T00:00:00Z,Adjuvanted Quadrivalent Influenza Vaccine Seqirus,1,4
1817,837S1383,2025-05-06,72,Male,G44,Primary,NA,NA,2020-08-04,2024-05-03,2021-11-09T00:00:00Z,Fluad Tetra Vaccine Seqirus,2022-09-22T00:00:00Z,Adjuvanted Quadrivalent Influenza Vaccine Seqirus,2023-10-16T00:00:00Z,Adjuvanted Quadrivalent Influenza Vaccine Seqirus,2024-12-21T00:00:00Z,Adjuvanted Quadrivalent Influenza Vaccine Seqirus,1,4
1818,837S1399,2025-05-06,22,Female,G42,Primary,2022-01-30,2022-01-30,2021-08-05,2024-02-05,NA,NA,NA,NA,NA,NA,NA,NA,>4,0
1819,837S0866,2024-05-29,31,Female,G20,Primary,2022-03-06,2022-03-06,2020-05-14,2021-12-06,NA,NA,NA,NA,NA,NA,NA,NA,>4,0
1820,837S1064,2025-05-03,83,Male,G76,Secondary,NA,NA,NA,NA,2021-10-23T00:00:00Z,Fluad Tetra Vaccine Seqirus,2022-09-24T00:00:00Z,Adjuvanted Quadrivalent Influenza Vaccine Seqirus,2023-11-12T00:00:00Z,Adjuvanted Quadrivalent Influenza Vaccine Seqirus,2024-11-03T00:00:00Z,Adjuvanted Quadrivalent Influenza Vaccine Seqirus,1,4
1821,837S0451,2024-05-22,65,Male,G81,Primary,2020-11-03,2020-11-23,2020-08-24,2021-01-08,2021-10-16T00:00:00Z,Flucelvax Tetra Vaccine Seqirus,2022-10-18T00:00:00Z,Cell-based Quadrivalent Influenza Vaccine Seqirus,2023-10-16T00:00:00Z,Adjuvanted Quadrivalent Influenza Vaccine Seqirus,2024-10-26T00:00:00Z,Adjuvanted Quadrivalent Influenza Vaccine Seqirus,1,4
1822,837S0052,2024-05-21,58,Male,G15,Secondary,NA,NA,2021-08-31,2021-08-31,NA,NA,2023-01-09T00:00:00Z,Cell-based Quadrivalent Influenza Vaccine Seqirus,2023-10-18T00:00:00Z,Cell-based Quadrivalent Influenza Vaccine Seqirus,2024-11-25T00:00:00Z,Cell-based Quadrivalent Influenza Vaccine Seqirus,1,3
1823,837S0314,2024-05-23,89,Female,G15,Secondary,NA,NA,2022-09-02,2024-04-04,2021-10-25T00:00:00Z,Fluad Tetra Vaccine Seqirus,NA,NA,2023-10-13T00:00:00Z,Adjuvanted Quadrivalent Influenza Vaccine Seqirus,NA,NA,2,2
1824,837S0805,2024-05-30,71,Female,G42,Secondary,NA,NA,2020-11-21,2025-01-21,2021-12-06T00:00:00Z,Fluad Tetra Vaccine Seqirus,NA,NA,2023-12-21T00:00:00Z,Adjuvanted Quadrivalent Influenza Vaccine Seqirus,NA,NA,2,2
1825,837S0785,2024-05-30,48,Male,G51,Secondary,2022-04-06,2022-04-06,2021-05-29,2021-05-29,2021-12-02T00:00:00Z,Flucelvax Tetra Vaccine Seqirus,NA,NA,NA,NA,NA,NA,4,1
1826,837S1015,2025-05-03,56,Male,G53,Secondary,2022-01-03,2022-01-03,2020-10-24,2021-12-14,2021-12-13T00:00:00Z,Flucelvax Tetra Vaccine Seqirus,2022-11-17T00:00:00Z,Cell-based Quadrivalent Influenza Vaccine Seqirus,2023-09-06T00:00:00Z,Cell-based Quadrivalent Influenza Vaccine Seqirus,NA,NA,2,3
1827,837S0694,2024-05-27,38,Female,G81,Primary,NA,NA,2023-07-18,2023-07-18,NA,NA,NA,NA,NA,NA,NA,NA,>4,0
1828,837S0154,2024-05-22,43,Female,PA15,Secondary,2022-02-24,2022-11-16,2021-02-10,2024-08-29,NA,NA,NA,NA,NA,NA,NA,NA,>4,0
1829,837S1368,2025-05-06,80,Male,G15,Primary,NA,NA,NA,NA,NA,NA,NA,NA,2023-10-18T00:00:00Z,Adjuvanted Quadrivalent Influenza Vaccine Seqirus,NA,NA,2,1
1830,837S0211,2024-05-21,78,Male,G77,Primary,NA,NA,2021-08-25,2021-10-19,2021-10-30T00:00:00Z,Fluad Tetra Vaccine Seqirus,2022-09-09T00:00:00Z,Adjuvanted Quadrivalent Influenza Vaccine Seqirus,2023-11-03T00:00:00Z,Adjuvanted Quadrivalent Influenza Vaccine Seqirus,2024-11-09T00:00:00Z,Adjuvanted Quadrivalent Influenza Vaccine Seqirus,1,4
1831,837S0244,2024-05-21,64,Female,G52,Primary,NA,NA,2021-10-12,2021-10-12,2021-11-23T00:00:00Z,Flucelvax Tetra Vaccine Seqirus,2022-11-23T00:00:00Z,Cell-based Quadrivalent Influenza Vaccine Seqirus,NA,NA,NA,NA,3,2
1832,837S1474,2025-05-07,78,Female,G46,Primary,NA,NA,2020-09-16,2021-09-23,2021-10-20T00:00:00Z,Fluad Tetra Vaccine Seqirus,2022-10-09T00:00:00Z,Adjuvanted Quadrivalent Influenza Vaccine Seqirus,NA,NA,NA,NA,3,2
1833,837S1181,2025-05-03,32,Female,G73,Secondary,NA,NA,2021-03-02,2025-05-02,NA,NA,NA,NA,NA,NA,NA,NA,>4,0
1834,837S0717,2024-05-30,25,Female,G15,Secondary,NA,NA,2021-03-02,2021-03-02,NA,NA,NA,NA,NA,NA,NA,NA,>4,0
1835,837S0850,2024-05-28,71,Female,G43,Primary,NA,NA,NA,NA,2021-11-10T00:00:00Z,Fluad Tetra Vaccine Seqirus,2022-10-28T00:00:00Z,Adjuvanted Quadrivalent Influenza Vaccine Seqirus,NA,NA,2025-02-09T00:00:00Z,Adjuvanted Quadrivalent Influenza Vaccine Seqirus,1,3
1836,837S0742,2024-05-28,74,Female,G15,Primary,NA,NA,NA,NA,2021-09-29T00:00:00Z,Fluad Tetra Vaccine Seqirus,2022-10-03T00:00:00Z,Adjuvanted Quadrivalent Influenza Vaccine Seqirus,2023-10-11T00:00:00Z,Adjuvanted Quadrivalent Influenza Vaccine Seqirus,2024-10-02T00:00:00Z,Adjuvanted Quadrivalent Influenza Vaccine Seqirus,1,4
1837,837S0833,2024-05-27,64,Male,G81,Secondary,NA,NA,2021-09-29,2024-12-26,2021-12-15T00:00:00Z,Flucelvax Tetra Vaccine Seqirus,2022-11-14T00:00:00Z,Cell-based Quadrivalent Influenza Vaccine Seqirus,2023-10-30T00:00:00Z,Cell-based Quadrivalent Influenza Vaccine Seqirus,2024-11-10T00:00:00Z,Cell-based Quadrivalent Influenza Vaccine Seqirus,1,4
1838,837S0396,2024-05-22,81,Male,G53,Primary,2024-06-20,2024-06-20,NA,NA,NA,NA,NA,NA,NA,NA,NA,NA,>4,0
1839,837S1226,2025-05-03,58,Male,G72,Secondary,NA,NA,2021-01-01,2023-12-18,NA,NA,NA,NA,NA,NA,NA,NA,>4,0
1840,837S0436,2024-05-22,28,Male,G3,Primary,NA,NA,NA,NA,NA,NA,NA,NA,NA,NA,NA,NA,>4,0
1841,837S1147,2025-05-02,29,Female,G76,Primary,NA,NA,NA,NA,NA,NA,NA,NA,NA,NA,NA,NA,>4,0
1842,837S0624,2024-05-28,65,Male,G15,Secondary,NA,NA,2022-04-08,2025-06-10,NA,NA,NA,NA,NA,NA,NA,NA,>4,0
1843,837S0903,2024-05-30,80,Male,G46,Secondary,NA,NA,2024-09-30,2024-12-03,2021-10-24T00:00:00Z,Fluad Tetra Vaccine Seqirus,2022-09-22T00:00:00Z,Adjuvanted Quadrivalent Influenza Vaccine Seqirus,2023-09-20T00:00:00Z,Adjuvanted Quadrivalent Influenza Vaccine Seqirus,2024-11-30T00:00:00Z,Adjuvanted Quadrivalent Influenza Vaccine Seqirus,1,4
1844,837S0946,2024-05-30,78,Female,G66,Secondary,NA,NA,2020-08-27,2022-03-15,2021-10-18T00:00:00Z,Fluad Tetra Vaccine Seqirus,2022-09-28T00:00:00Z,Adjuvanted Quadrivalent Influenza Vaccine Seqirus,2023-10-25T00:00:00Z,Adjuvanted Quadrivalent Influenza Vaccine Seqirus,2024-10-10T00:00:00Z,Adjuvanted Quadrivalent Influenza Vaccine Seqirus,1,4
1845,837S0560,2024-05-28,49,Female,ML1,Secondary,2021-12-29,2021-12-29,2021-12-29,2023-10-06,NA,NA,NA,NA,2023-10-14T00:00:00Z,Cell-based Quadrivalent Influenza Vaccine Seqirus,NA,NA,2,1
1846,837S0906,2024-05-30,63,Female,G53,Secondary,2022-05-22,2022-05-22,2020-11-16,2025-01-12,2021-10-30T00:00:00Z,Flucelvax Tetra Vaccine Seqirus,2022-10-21T00:00:00Z,Cell-based Quadrivalent Influenza Vaccine Seqirus,2023-10-14T00:00:00Z,Cell-based Quadrivalent Influenza Vaccine Seqirus,2024-11-28T00:00:00Z,Cell-based Quadrivalent Influenza Vaccine Seqirus,1,4
1847,837S0133,2024-05-22,56,Male,ML2,Secondary,NA,NA,2022-06-28,2024-06-10,NA,NA,NA,NA,NA,NA,NA,NA,>4,0
1848,837S0908,2024-05-29,98,Male,G11,Primary,NA,NA,NA,NA,2021-10-02T00:00:00Z,Fluad Tetra Vaccine Seqirus,2022-09-21T00:00:00Z,Adjuvanted Quadrivalent Influenza Vaccine Seqirus,2023-10-05T00:00:00Z,Adjuvanted Quadrivalent Influenza Vaccine Seqirus,2024-10-21T00:00:00Z,Adjuvanted Quadrivalent Influenza Vaccine Seqirus,1,4
1849,837S1099,2025-05-03,22,Male,G41,Secondary,NA,NA,2021-05-10,2023-09-17,NA,NA,2022-11-15T00:00:00Z,Cell-based Quadrivalent Influenza Vaccine Seqirus,2023-11-10T00:00:00Z,Cell-based Quadrivalent Influenza Vaccine Seqirus,NA,NA,2,2
1850,837S1008,2025-05-03,63,Male,G12,Secondary,NA,NA,2022-01-15,2022-01-15,NA,NA,NA,NA,NA,NA,NA,NA,>4,0
1851,837S1465,2025-05-07,30,Female,G51,Secondary,NA,NA,NA,NA,NA,NA,NA,NA,NA,NA,2025-02-17T00:00:00Z,Cell-based Quadrivalent Influenza Vaccine Seqirus,1,1
1852,837S0276,2024-05-21,68,Male,G44,Primary,NA,NA,2021-10-29,2021-10-29,2021-11-20T00:00:00Z,Fluad Tetra Vaccine Seqirus,2022-10-03T00:00:00Z,Adjuvanted Quadrivalent Influenza Vaccine Seqirus,2023-11-13T00:00:00Z,Adjuvanted Quadrivalent Influenza Vaccine Seqirus,2024-11-07T00:00:00Z,Adjuvanted Quadrivalent Influenza Vaccine Seqirus,1,4
1853,837S1154,2025-05-02,41,Female,G11,Primary,NA,NA,2021-01-27,2021-11-30,NA,NA,NA,NA,NA,NA,NA,NA,>4,0
1854,837S0814,2024-05-30,61,Female,G14,Primary,NA,NA,2020-11-23,2020-11-23,NA,NA,2022-12-09T00:00:00Z,Cell-based Quadrivalent Influenza Vaccine Seqirus,NA,NA,NA,NA,3,1
1855,837S0509,2024-05-28,86,Female,G81,Secondary,NA,NA,NA,NA,2021-10-20T00:00:00Z,Fluad Tetra Vaccine Seqirus,2022-09-24T00:00:00Z,Adjuvanted Quadrivalent Influenza Vaccine Seqirus,2023-11-06T00:00:00Z,Adjuvanted Quadrivalent Influenza Vaccine Seqirus,2024-10-06T00:00:00Z,Adjuvanted Quadrivalent Influenza Vaccine Seqirus,1,4
1856,837S0925,2024-05-29,44,Female,G52,Primary,NA,NA,2022-02-19,2022-03-05,2021-12-07T00:00:00Z,Flucelvax Tetra Vaccine Seqirus,2022-11-03T00:00:00Z,Cell-based Quadrivalent Influenza Vaccine Seqirus,2023-11-19T00:00:00Z,Cell-based Quadrivalent Influenza Vaccine Seqirus,2024-11-24T00:00:00Z,Cell-based Quadrivalent Influenza Vaccine Seqirus,1,4
1857,837S1441,2025-05-07,71,Male,G14,Secondary,2020-04-26,2020-05-07,2020-04-09,2020-05-10,NA,NA,NA,NA,NA,NA,NA,NA,>4,0
1858,837S0800,2024-05-29,27,Female,G5,Primary,2021-12-21,2021-12-21,2020-10-11,2021-01-17,NA,NA,NA,NA,NA,NA,NA,NA,>4,0
1859,837S0266,2024-05-21,30,Female,G3,Secondary,NA,NA,2021-07-12,2022-02-10,2021-12-03T00:00:00Z,Flucelvax Tetra Vaccine Seqirus,NA,NA,NA,NA,NA,NA,4,1
1860,837S0913,2024-05-30,30,Female,G20,Primary,NA,NA,NA,NA,NA,NA,NA,NA,NA,NA,NA,NA,>4,0
1861,837S0643,2024-05-27,54,Female,G52,Primary,2021-12-27,2021-12-27,2020-06-30,2022-08-25,NA,NA,2022-09-14T00:00:00Z,Cell-based Quadrivalent Influenza Vaccine Seqirus,NA,NA,NA,NA,3,1
1862,837S1356,2025-05-06,81,Male,G42,Primary,NA,NA,NA,NA,2021-10-21T00:00:00Z,Fluad Tetra Vaccine Seqirus,2022-09-25T00:00:00Z,Adjuvanted Quadrivalent Influenza Vaccine Seqirus,2023-10-21T00:00:00Z,Adjuvanted Quadrivalent Influenza Vaccine Seqirus,2024-12-01T00:00:00Z,Adjuvanted Quadrivalent Influenza Vaccine Seqirus,1,4
1863,837S0508,2024-05-28,38,Male,PA1,Secondary,NA,NA,2020-04-29,2022-03-31,NA,NA,NA,NA,NA,NA,NA,NA,>4,0
1864,837S1323,2025-05-05,73,Male,PA28,Primary,NA,NA,NA,NA,NA,NA,NA,NA,NA,NA,NA,NA,>4,0
1865,837S0881,2024-05-30,28,Female,G46,Secondary,2021-08-19,2022-03-10,2020-06-30,2022-08-30,NA,NA,NA,NA,NA,NA,2024-12-05T00:00:00Z,Cell-based Quadrivalent Influenza Vaccine Seqirus,1,1
1866,837S1351,2025-05-06,30,Male,G77,Primary,2021-12-30,2021-12-30,2021-10-12,2022-04-08,NA,NA,NA,NA,NA,NA,NA,NA,>4,0
1867,837S1423,2025-05-07,23,Female,G76,Primary,NA,NA,NA,NA,NA,NA,NA,NA,NA,NA,NA,NA,>4,0
1868,837S1494,2025-05-07,67,Male,G76,Secondary,NA,NA,2021-02-02,2024-04-08,2021-10-07T00:00:00Z,Flucelvax Tetra Vaccine Seqirus,2022-10-22T00:00:00Z,Adjuvanted Quadrivalent Influenza Vaccine Seqirus,2023-12-03T00:00:00Z,Adjuvanted Quadrivalent Influenza Vaccine Seqirus,2024-11-17T00:00:00Z,Adjuvanted Quadrivalent Influenza Vaccine Seqirus,1,4
1869,837S0639,2024-05-28,65,Male,G81,Primary,NA,NA,2024-12-30,2024-12-30,NA,NA,NA,NA,NA,NA,NA,NA,>4,0
1870,837S0102,2024-05-21,59,Male,G45,Secondary,NA,NA,2023-08-16,2024-12-08,2021-11-14T00:00:00Z,Flucelvax Tetra Vaccine Seqirus,2022-11-21T00:00:00Z,Cell-based Quadrivalent Influenza Vaccine Seqirus,NA,NA,NA,NA,3,2
1871,837S0400,2024-05-22,54,Female,G53,Primary,NA,NA,2021-05-24,2021-10-25,2021-11-19T00:00:00Z,Flucelvax Tetra Vaccine Seqirus,2022-11-25T00:00:00Z,Cell-based Quadrivalent Influenza Vaccine Seqirus,NA,NA,NA,NA,3,2
1872,837S0813,2024-05-29,76,Female,G13,Primary,NA,NA,2021-11-17,2021-11-17,2021-10-26T00:00:00Z,Fluad Tetra Vaccine Seqirus,2022-11-05T00:00:00Z,Adjuvanted Quadrivalent Influenza Vaccine Seqirus,2023-12-05T00:00:00Z,Adjuvanted Quadrivalent Influenza Vaccine Seqirus,NA,NA,2,3
1873,837S0790,2024-05-29,49,Female,PA28,Primary,NA,NA,NA,NA,NA,NA,NA,NA,NA,NA,NA,NA,>4,0
1874,837S0315,2024-05-22,83,Female,G53,Primary,2022-06-09,2022-06-09,2022-05-25,2022-05-25,2021-12-21T00:00:00Z,Fluad Tetra Vaccine Seqirus,2022-11-25T00:00:00Z,Adjuvanted Quadrivalent Influenza Vaccine Seqirus,2024-01-10T00:00:00Z,Adjuvanted Quadrivalent Influenza Vaccine Seqirus,2024-11-07T00:00:00Z,Adjuvanted Quadrivalent Influenza Vaccine Seqirus,1,4
1875,837S0198,2024-05-22,56,Female,G66,Secondary,2021-09-20,2024-02-11,2021-09-06,2024-08-22,2021-11-24T00:00:00Z,Flucelvax Tetra Vaccine Seqirus,2022-11-23T00:00:00Z,Cell-based Quadrivalent Influenza Vaccine Seqirus,NA,NA,2024-10-23T00:00:00Z,Cell-based Quadrivalent Influenza Vaccine Seqirus,1,3
1876,837S0545,2024-05-27,64,Male,G14,Secondary,2021-06-27,2021-06-27,NA,NA,2021-12-01T00:00:00Z,Flucelvax Tetra Vaccine Seqirus,NA,NA,NA,NA,NA,NA,4,1
1877,837S0681,2024-05-28,57,Female,G53,Primary,NA,NA,NA,NA,2021-10-02T00:00:00Z,Flucelvax Tetra Vaccine Seqirus,2022-10-25T00:00:00Z,Cell-based Quadrivalent Influenza Vaccine Seqirus,2023-12-17T00:00:00Z,Cell-based Quadrivalent Influenza Vaccine Seqirus,2024-11-07T00:00:00Z,Cell-based Quadrivalent Influenza Vaccine Seqirus,1,4
1878,837S1100,2025-05-03,42,Male,G44,Secondary,NA,NA,2021-11-03,2025-04-29,NA,NA,NA,NA,NA,NA,NA,NA,>4,0
1878,837S1114,2025-05-03,42,Male,G44,Secondary,NA,NA,2021-11-03,2025-04-29,NA,NA,NA,NA,NA,NA,NA,NA,>4,0
1879,837S1179,2025-05-03,75,Female,PA4,Secondary,NA,NA,NA,NA,2021-11-05T00:00:00Z,Fluad Tetra Vaccine Seqirus,2022-10-01T00:00:00Z,Adjuvanted Quadrivalent Influenza Vaccine Seqirus,2023-10-14T00:00:00Z,Adjuvanted Quadrivalent Influenza Vaccine Seqirus,2024-11-01T00:00:00Z,Adjuvanted Quadrivalent Influenza Vaccine Seqirus,1,4
1880,837S0787,2024-05-30,71,Male,G77,Secondary,NA,NA,2021-05-12,2024-10-15,2021-09-27T00:00:00Z,Fluad Tetra Vaccine Seqirus,2022-10-09T00:00:00Z,Adjuvanted Quadrivalent Influenza Vaccine Seqirus,2023-12-06T00:00:00Z,Adjuvanted Quadrivalent Influenza Vaccine Seqirus,NA,NA,2,3
1881,837S0929,2024-05-23,27,Female,G21,Primary,NA,NA,NA,NA,NA,NA,NA,NA,NA,NA,NA,NA,>4,0
1882,837S1496,2025-05-07,92,Female,G53,Secondary,NA,NA,2021-08-27,2023-11-09,2021-10-17T00:00:00Z,Fluad Tetra Vaccine Seqirus,2022-09-20T00:00:00Z,Adjuvanted Quadrivalent Influenza Vaccine Seqirus,2023-11-28T00:00:00Z,Adjuvanted Quadrivalent Influenza Vaccine Seqirus,2024-11-14T00:00:00Z,Adjuvanted Quadrivalent Influenza Vaccine Seqirus,1,4
1883,837S1215,2025-05-02,54,Female,G12,Primary,NA,NA,2021-08-27,2021-08-27,NA,NA,NA,NA,NA,NA,NA,NA,>4,0
1884,837S0425,2024-05-22,63,Male,G45,Primary,2022-04-05,2022-04-05,2021-08-09,2021-11-24,NA,NA,2022-11-03T00:00:00Z,Cell-based Quadrivalent Influenza Vaccine Seqirus,NA,NA,NA,NA,3,1
1885,837S0217,2024-05-21,90,Male,G43,Primary,2021-09-17,2021-09-17,2023-01-18,2024-01-15,2021-10-14T00:00:00Z,Fluad Tetra Vaccine Seqirus,NA,NA,NA,NA,2024-10-11T00:00:00Z,Adjuvanted Quadrivalent Influenza Vaccine Seqirus,1,2
1886,837S1094,2025-05-03,19,Male,G81,Secondary,NA,NA,2020-10-30,2020-12-04,NA,NA,NA,NA,NA,NA,NA,NA,>4,0
1887,837S1283,2025-05-03,67,Female,G21,Secondary,NA,NA,2021-05-20,2021-10-04,NA,NA,NA,NA,NA,NA,NA,NA,>4,0
1888,837S0494,2024-05-23,28,Female,G51,Secondary,NA,NA,2021-09-01,2022-03-13,NA,NA,NA,NA,NA,NA,NA,NA,>4,0
1889,837S0680,2024-05-27,69,Female,G13,Primary,NA,NA,2020-12-12,2022-03-28,2021-11-02T00:00:00Z,Fluad Tetra Vaccine Seqirus,2022-10-14T00:00:00Z,Adjuvanted Quadrivalent Influenza Vaccine Seqirus,2023-11-08T00:00:00Z,Adjuvanted Quadrivalent Influenza Vaccine Seqirus,2024-10-23T00:00:00Z,Adjuvanted Quadrivalent Influenza Vaccine Seqirus,1,4
1890,837S0924,2024-05-28,43,Male,G12,Secondary,NA,NA,2021-01-28,2023-01-05,2021-09-30T00:00:00Z,Flucelvax Tetra Vaccine Seqirus,2022-10-15T00:00:00Z,Cell-based Quadrivalent Influenza Vaccine Seqirus,2023-10-05T00:00:00Z,Cell-based Quadrivalent Influenza Vaccine Seqirus,2024-10-10T00:00:00Z,Cell-based Quadrivalent Influenza Vaccine Seqirus,1,4
1891,837S0130,2024-05-21,34,Female,G81,Secondary,NA,NA,NA,NA,NA,NA,NA,NA,2024-01-08T00:00:00Z,Cell-based Quadrivalent Influenza Vaccine Seqirus,2024-10-26T00:00:00Z,Cell-based Quadrivalent Influenza Vaccine Seqirus,1,2
1892,837S0431,2024-05-22,50,Male,G46,Primary,NA,NA,2022-04-06,2022-04-06,NA,NA,NA,NA,NA,NA,NA,NA,>4,0
1893,837S1304,2025-05-07,71,Male,PA1,Secondary,NA,NA,NA,NA,2021-11-16T00:00:00Z,Fluad Tetra Vaccine Seqirus,2022-10-09T00:00:00Z,Adjuvanted Quadrivalent Influenza Vaccine Seqirus,2023-10-01T00:00:00Z,Adjuvanted Quadrivalent Influenza Vaccine Seqirus,2024-10-02T00:00:00Z,Adjuvanted Quadrivalent Influenza Vaccine Seqirus,1,4
1894,837S0280,2024-05-21,74,Female,G32,Secondary,NA,NA,2020-06-17,2024-05-18,2021-11-09T00:00:00Z,Fluad Tetra Vaccine Seqirus,2022-10-03T00:00:00Z,Adjuvanted Quadrivalent Influenza Vaccine Seqirus,2023-11-04T00:00:00Z,Adjuvanted Quadrivalent Influenza Vaccine Seqirus,NA,NA,2,3
1895,837S0523,2024-05-28,59,Female,G66,Secondary,2022-02-18,2022-11-29,2020-03-25,2024-12-13,2021-09-24T00:00:00Z,Flucelvax Tetra Vaccine Seqirus,2022-10-12T00:00:00Z,Cell-based Quadrivalent Influenza Vaccine Seqirus,2023-11-01T00:00:00Z,Cell-based Quadrivalent Influenza Vaccine Seqirus,2024-10-24T00:00:00Z,Cell-based Quadrivalent Influenza Vaccine Seqirus,1,4
1896,837S0242,2024-05-21,72,Female,G77,Primary,NA,NA,2023-05-02,2023-10-16,NA,NA,NA,NA,NA,NA,NA,NA,>4,0
1897,837S0546,2024-05-27,64,Female,G15,Primary,NA,NA,2020-08-05,2020-08-05,2021-11-05T00:00:00Z,Flucelvax Tetra Vaccine Seqirus,2022-12-10T00:00:00Z,Cell-based Quadrivalent Influenza Vaccine Seqirus,NA,NA,NA,NA,3,2
1898,837S0936,2024-05-30,33,Female,G61,Secondary,2021-12-29,2021-12-29,2021-08-31,2021-08-31,NA,NA,NA,NA,NA,NA,NA,NA,>4,0
1899,837S0306,2024-05-20,64,Female,FK1,Secondary,NA,NA,2021-02-06,2021-02-06,NA,NA,NA,NA,NA,NA,NA,NA,>4,0
1900,837S0865,2024-05-30,61,Male,G32,Secondary,NA,NA,NA,NA,2021-12-15T00:00:00Z,Flucelvax Tetra Vaccine Seqirus,2022-11-04T00:00:00Z,Cell-based Quadrivalent Influenza Vaccine Seqirus,2023-11-19T00:00:00Z,Cell-based Quadrivalent Influenza Vaccine Seqirus,2024-12-22T00:00:00Z,Cell-based Quadrivalent Influenza Vaccine Seqirus,1,4
1901,837S0084,2024-05-21,29,Female,G14,Secondary,2021-01-19,2021-01-19,2020-09-03,2024-05-21,NA,NA,NA,NA,NA,NA,NA,NA,>4,0
1902,837S1320,2025-05-07,64,Female,G15,Secondary,NA,NA,2023-12-17,2023-12-17,NA,NA,NA,NA,NA,NA,NA,NA,>4,0
1903,837S1354,2025-05-06,53,Female,G51,Primary,2022-03-15,2022-03-15,2021-03-18,2021-03-18,NA,NA,2022-12-10T00:00:00Z,Cell-based Quadrivalent Influenza Vaccine Seqirus,NA,NA,NA,NA,3,1
1904,837S0068,2024-05-21,86,Female,G43,Secondary,NA,NA,2021-04-12,2021-04-12,2021-11-07T00:00:00Z,Fluad Tetra Vaccine Seqirus,2022-09-24T00:00:00Z,Adjuvanted Quadrivalent Influenza Vaccine Seqirus,2023-10-22T00:00:00Z,Adjuvanted Quadrivalent Influenza Vaccine Seqirus,2024-10-17T00:00:00Z,Adjuvanted Quadrivalent Influenza Vaccine Seqirus,1,4
1905,837S1307,2025-05-06,24,Female,G73,Secondary,NA,NA,NA,NA,NA,NA,NA,NA,NA,NA,NA,NA,>4,0
1906,837S0952,2024-05-29,92,Female,G51,Primary,2021-09-06,2024-11-10,2021-04-13,2024-10-18,2021-10-16T00:00:00Z,Fluad Tetra Vaccine Seqirus,2022-09-29T00:00:00Z,Adjuvanted Quadrivalent Influenza Vaccine Seqirus,NA,NA,NA,NA,3,2
1907,837S1314,2025-05-06,54,Male,G73,Secondary,NA,NA,NA,NA,NA,NA,NA,NA,NA,NA,NA,NA,>4,0
1908,837S0884,2024-05-30,30,Female,G51,Primary,NA,NA,2022-02-18,2022-02-18,NA,NA,NA,NA,NA,NA,NA,NA,>4,0
1909,837S1194,2025-05-02,89,Female,G45,Primary,NA,NA,NA,NA,NA,NA,NA,NA,NA,NA,NA,NA,>4,0
1910,837S0942,2024-05-29,69,Female,G5,Primary,NA,NA,NA,NA,2021-11-20T00:00:00Z,Fluad Tetra Vaccine Seqirus,2022-10-03T00:00:00Z,Adjuvanted Quadrivalent Influenza Vaccine Seqirus,2023-12-06T00:00:00Z,Adjuvanted Quadrivalent Influenza Vaccine Seqirus,2024-11-14T00:00:00Z,Adjuvanted Quadrivalent Influenza Vaccine Seqirus,1,4
1911,837S0606,2024-05-28,77,Female,G52,Secondary,NA,NA,NA,NA,2021-11-01T00:00:00Z,Fluad Tetra Vaccine Seqirus,2022-09-25T00:00:00Z,Cell-based Quadrivalent Influenza Vaccine Seqirus,2023-11-12T00:00:00Z,Adjuvanted Quadrivalent Influenza Vaccine Seqirus,2024-10-15T00:00:00Z,Adjuvanted Quadrivalent Influenza Vaccine Seqirus,1,4
1912,837S0132,2024-05-21,67,Male,G46,Secondary,NA,NA,2021-11-03,2021-11-03,2021-11-27T00:00:00Z,Flucelvax Tetra Vaccine Seqirus,2022-10-21T00:00:00Z,Adjuvanted Quadrivalent Influenza Vaccine Seqirus,NA,NA,NA,NA,3,2
1913,837S0618,2024-05-28,59,Female,G20,Secondary,NA,NA,NA,NA,2021-12-02T00:00:00Z,Flucelvax Tetra Vaccine Seqirus,2022-12-03T00:00:00Z,Cell-based Quadrivalent Influenza Vaccine Seqirus,2023-09-21T00:00:00Z,Cell-based Quadrivalent Influenza Vaccine Seqirus,NA,NA,2,3
1914,837S1439,2025-05-07,67,Female,PA1,Secondary,NA,NA,2021-03-09,2023-06-01,2021-11-17T00:00:00Z,Flucelvax Tetra Vaccine Seqirus,2022-10-31T00:00:00Z,Cell-based Quadrivalent Influenza Vaccine Seqirus,2023-11-15T00:00:00Z,Adjuvanted Quadrivalent Influenza Vaccine Seqirus,2025-02-18T00:00:00Z,Adjuvanted Quadrivalent Influenza Vaccine Seqirus,1,4
1915,837S0810,2024-05-29,84,Male,G81,Primary,NA,NA,2022-02-12,2022-02-12,2021-10-16T00:00:00Z,Fluad Tetra Vaccine Seqirus,2022-10-01T00:00:00Z,Adjuvanted Quadrivalent Influenza Vaccine Seqirus,2023-11-06T00:00:00Z,Adjuvanted Quadrivalent Influenza Vaccine Seqirus,2024-10-12T00:00:00Z,Adjuvanted Quadrivalent Influenza Vaccine Seqirus,1,4
1916,837S0164,2024-05-21,70,Female,G76,Secondary,NA,NA,2022-02-05,2024-06-10,2021-11-15T00:00:00Z,Fluad Tetra Vaccine Seqirus,2022-11-20T00:00:00Z,Adjuvanted Quadrivalent Influenza Vaccine Seqirus,2023-10-11T00:00:00Z,Adjuvanted Quadrivalent Influenza Vaccine Seqirus,NA,NA,2,3
1917,837S0930,2024-05-30,32,Male,G51,Secondary,2021-12-22,2021-12-22,2021-11-28,2024-05-30,NA,NA,NA,NA,NA,NA,NA,NA,>4,0
1918,837S0437,2024-05-22,52,Male,G72,Secondary,NA,NA,NA,NA,NA,NA,NA,NA,NA,NA,NA,NA,>4,0
1919,837S1285,2025-05-03,64,Female,G81,Secondary,2021-10-25,2021-10-25,2020-04-29,2025-04-30,2021-12-19T00:00:00Z,Flucelvax Tetra Vaccine Seqirus,NA,NA,NA,NA,NA,NA,4,1
1920,837S1082,2025-05-03,86,Female,G61,Secondary,NA,NA,2020-05-23,2022-01-15,2021-10-19T00:00:00Z,Fluad Tetra Vaccine Seqirus,2022-09-30T00:00:00Z,Adjuvanted Quadrivalent Influenza Vaccine Seqirus,2023-10-21T00:00:00Z,Adjuvanted Quadrivalent Influenza Vaccine Seqirus,2024-10-07T00:00:00Z,Adjuvanted Quadrivalent Influenza Vaccine Seqirus,1,4
1921,837S1434,2025-05-07,67,Female,G51,Primary,NA,NA,NA,NA,2021-11-20T00:00:00Z,Flucelvax Tetra Vaccine Seqirus,2022-10-22T00:00:00Z,Adjuvanted Quadrivalent Influenza Vaccine Seqirus,NA,NA,NA,NA,3,2
1922,837S0063,2024-05-21,62,Female,G62,Secondary,NA,NA,2020-10-17,2024-01-03,2021-11-05T00:00:00Z,Flucelvax Tetra Vaccine Seqirus,2022-10-06T00:00:00Z,Cell-based Quadrivalent Influenza Vaccine Seqirus,2023-10-05T00:00:00Z,Cell-based Quadrivalent Influenza Vaccine Seqirus,NA,NA,2,3
1923,837S1171,2025-05-02,47,Male,G77,Primary,NA,NA,NA,NA,NA,NA,NA,NA,NA,NA,NA,NA,>4,0
1924,837S0149,2024-05-21,71,Female,G14,Secondary,NA,NA,2021-12-02,2022-02-21,2022-02-01T00:00:00Z,Fluad Tetra Vaccine Seqirus,2022-10-15T00:00:00Z,Adjuvanted Quadrivalent Influenza Vaccine Seqirus,2023-11-02T00:00:00Z,Adjuvanted Quadrivalent Influenza Vaccine Seqirus,2024-12-17T00:00:00Z,Adjuvanted Quadrivalent Influenza Vaccine Seqirus,1,4
1925,837S1118,2025-05-02,71,Male,G44,Primary,NA,NA,2020-10-22,2024-05-03,NA,NA,NA,NA,NA,NA,NA,NA,>4,0
1926,837S0589,2024-05-28,57,Male,G52,Secondary,NA,NA,2021-09-22,2024-07-06,2021-11-08T00:00:00Z,Flucelvax Tetra Vaccine Seqirus,2022-10-16T00:00:00Z,Cell-based Quadrivalent Influenza Vaccine Seqirus,2023-11-21T00:00:00Z,Cell-based Quadrivalent Influenza Vaccine Seqirus,2024-12-05T00:00:00Z,Cell-based Quadrivalent Influenza Vaccine Seqirus,1,4
1927,837S0821,2024-05-30,31,Male,G32,Secondary,NA,NA,2021-01-09,2022-12-14,NA,NA,NA,NA,NA,NA,NA,NA,>4,0
1928,837S0227,2024-05-21,68,Female,G41,Primary,NA,NA,NA,NA,2021-12-08T00:00:00Z,Fluad Tetra Vaccine Seqirus,2022-11-13T00:00:00Z,Adjuvanted Quadrivalent Influenza Vaccine Seqirus,2023-10-30T00:00:00Z,Adjuvanted Quadrivalent Influenza Vaccine Seqirus,2024-10-30T00:00:00Z,Adjuvanted Quadrivalent Influenza Vaccine Seqirus,1,4
1929,837S0722,2024-05-30,41,Male,G46,Secondary,NA,NA,NA,NA,NA,NA,NA,NA,NA,NA,NA,NA,>4,0
1930,837S0386,2024-05-22,87,Male,G14,Primary,2022-10-03,2022-10-03,2020-05-15,2025-03-04,2021-12-05T00:00:00Z,Fluad Tetra Vaccine Seqirus,2022-11-14T00:00:00Z,Adjuvanted Quadrivalent Influenza Vaccine Seqirus,2023-10-18T00:00:00Z,Adjuvanted Quadrivalent Influenza Vaccine Seqirus,2024-10-18T00:00:00Z,Adjuvanted Quadrivalent Influenza Vaccine Seqirus,1,4
1931,837S0357,2024-05-22,82,Female,G14,Primary,NA,NA,NA,NA,2021-10-22T00:00:00Z,Fluad Tetra Vaccine Seqirus,2022-09-23T00:00:00Z,Adjuvanted Quadrivalent Influenza Vaccine Seqirus,2023-11-02T00:00:00Z,Adjuvanted Quadrivalent Influenza Vaccine Seqirus,2024-10-29T00:00:00Z,Adjuvanted Quadrivalent Influenza Vaccine Seqirus,1,4
1932,837S0899,2024-05-29,38,Male,G20,Primary,2021-09-23,2021-09-23,2020-07-22,2021-08-25,NA,NA,NA,NA,NA,NA,NA,NA,>4,0
1933,837S1476,2025-05-07,73,Male,G4,Secondary,NA,NA,NA,NA,2021-11-03T00:00:00Z,Fluad Tetra Vaccine Seqirus,2022-09-21T00:00:00Z,Adjuvanted Quadrivalent Influenza Vaccine Seqirus,2023-09-30T00:00:00Z,Adjuvanted Quadrivalent Influenza Vaccine Seqirus,2024-12-02T00:00:00Z,Adjuvanted Quadrivalent Influenza Vaccine Seqirus,1,4
1934,837S0991,2024-05-29,39,Female,G13,Primary,2021-06-08,2021-12-27,2020-09-24,2021-10-03,NA,NA,NA,NA,NA,NA,NA,NA,>4,0
1935,837S0902,2024-05-30,77,Female,G44,Secondary,2022-05-24,2022-06-23,NA,NA,2021-09-25T00:00:00Z,Fluad Tetra Vaccine Seqirus,2022-10-09T00:00:00Z,Adjuvanted Quadrivalent Influenza Vaccine Seqirus,2023-11-21T00:00:00Z,Adjuvanted Quadrivalent Influenza Vaccine Seqirus,2024-10-26T00:00:00Z,Adjuvanted Quadrivalent Influenza Vaccine Seqirus,1,4
1936,837S0654,2024-05-28,41,Male,G51,Primary,NA,NA,2022-02-07,2022-02-07,NA,NA,NA,NA,NA,NA,NA,NA,>4,0
1937,837S0391,2024-05-23,26,Female,G69,Secondary,NA,NA,NA,NA,NA,NA,NA,NA,2023-12-13T00:00:00Z,Cell-based Quadrivalent Influenza Vaccine Seqirus,NA,NA,2,1
1938,837S0070,2024-05-21,64,Male,G69,Secondary,NA,NA,2023-04-13,2023-04-23,NA,NA,NA,NA,NA,NA,NA,NA,>4,0
1939,837S0768,2024-05-29,29,Female,G81,Primary,2022-03-31,2022-03-31,2021-08-27,2022-07-06,2021-11-21T00:00:00Z,Flucelvax Tetra Vaccine Seqirus,2022-10-25T00:00:00Z,Cell-based Quadrivalent Influenza Vaccine Seqirus,NA,NA,NA,NA,3,2
1940,837S1393,2025-05-07,78,Female,G43,Secondary,NA,NA,2020-07-13,2025-05-02,2021-10-19T00:00:00Z,Fluad Tetra Vaccine Seqirus,2022-10-01T00:00:00Z,Adjuvanted Quadrivalent Influenza Vaccine Seqirus,2023-11-11T00:00:00Z,Adjuvanted Quadrivalent Influenza Vaccine Seqirus,2024-11-16T00:00:00Z,Adjuvanted Quadrivalent Influenza Vaccine Seqirus,1,4
1941,837S0895,2024-05-29,36,Male,G41,Primary,NA,NA,2021-06-08,2021-10-02,NA,NA,2022-10-13T00:00:00Z,Cell-based Quadrivalent Influenza Vaccine Seqirus,2023-10-10T00:00:00Z,Cell-based Quadrivalent Influenza Vaccine Seqirus,2024-11-09T00:00:00Z,Cell-based Quadrivalent Influenza Vaccine Seqirus,1,3
1942,837S0249,2024-05-21,56,Male,G46,Primary,2021-12-27,2021-12-27,2020-12-01,2021-11-18,2021-12-05T00:00:00Z,Flucelvax Tetra Vaccine Seqirus,2022-10-17T00:00:00Z,Cell-based Quadrivalent Influenza Vaccine Seqirus,2023-10-07T00:00:00Z,Cell-based Quadrivalent Influenza Vaccine Seqirus,2024-12-21T00:00:00Z,Cell-based Quadrivalent Influenza Vaccine Seqirus,1,4
1943,837S0456,2024-05-22,79,Female,G52,Primary,2021-09-04,2021-09-04,2025-03-21,2025-03-21,2021-10-18T00:00:00Z,Fluad Tetra Vaccine Seqirus,2022-09-25T00:00:00Z,Adjuvanted Quadrivalent Influenza Vaccine Seqirus,2023-10-04T00:00:00Z,Adjuvanted Quadrivalent Influenza Vaccine Seqirus,2024-10-10T00:00:00Z,Adjuvanted Quadrivalent Influenza Vaccine Seqirus,1,4
1944,837S0818,2024-05-29,67,Male,G60,Primary,NA,NA,2021-02-05,2024-12-20,2021-11-18T00:00:00Z,Fluad Tetra Vaccine Seqirus,2023-02-18T00:00:00Z,Adjuvanted Quadrivalent Influenza Vaccine Seqirus,2023-11-06T00:00:00Z,Adjuvanted Quadrivalent Influenza Vaccine Seqirus,2024-11-02T00:00:00Z,Adjuvanted Quadrivalent Influenza Vaccine Seqirus,1,4
1945,837S0475,2024-05-21,86,Male,G13,Secondary,NA,NA,NA,NA,2021-10-21T00:00:00Z,Fluad Tetra Vaccine Seqirus,2022-09-23T00:00:00Z,Adjuvanted Quadrivalent Influenza Vaccine Seqirus,2023-11-07T00:00:00Z,Adjuvanted Quadrivalent Influenza Vaccine Seqirus,2024-12-17T00:00:00Z,Adjuvanted Quadrivalent Influenza Vaccine Seqirus,1,4
1946,837S0009,2024-05-20,35,Male,G52,Secondary,NA,NA,2021-06-16,2021-06-16,2021-10-02T00:00:00Z,Flucelvax Tetra Vaccine Seqirus,NA,NA,NA,NA,NA,NA,4,1
1947,837S1219,2025-05-02,25,Female,G44,Primary,NA,NA,NA,NA,NA,NA,NA,NA,NA,NA,NA,NA,>4,0
1948,837S0405,2024-05-21,66,Male,G77,Secondary,NA,NA,2020-12-18,2022-01-05,NA,NA,2022-09-15T00:00:00Z,Cell-based Quadrivalent Influenza Vaccine Seqirus,NA,NA,2024-12-15T00:00:00Z,Adjuvanted Quadrivalent Influenza Vaccine Seqirus,1,2
1949,837S0837,2024-05-29,65,Male,PA28,Primary,NA,NA,NA,NA,NA,NA,NA,NA,NA,NA,NA,NA,>4,0
1950,837S1450,2025-05-07,66,Female,G81,Secondary,NA,NA,2021-09-27,2025-05-24,2021-12-01T00:00:00Z,Flucelvax Tetra Vaccine Seqirus,2022-11-12T00:00:00Z,Cell-based Quadrivalent Influenza Vaccine Seqirus,2023-11-20T00:00:00Z,Adjuvanted Quadrivalent Influenza Vaccine Seqirus,2025-01-25T00:00:00Z,Adjuvanted Quadrivalent Influenza Vaccine Seqirus,1,4
1951,837S1297,2025-05-03,23,Female,G66,Secondary,2021-12-24,2021-12-24,2021-08-31,2021-12-03,NA,NA,NA,NA,NA,NA,NA,NA,>4,0
1952,837S0964,2024-05-30,73,Male,G13,Secondary,2021-01-06,2023-06-29,2020-10-02,2024-10-25,2021-10-26T00:00:00Z,Fluad Tetra Vaccine Seqirus,2022-12-02T00:00:00Z,Adjuvanted Quadrivalent Influenza Vaccine Seqirus,2023-12-07T00:00:00Z,Adjuvanted Quadrivalent Influenza Vaccine Seqirus,NA,NA,2,3
1953,837S0956,2024-05-29,58,Female,G12,Primary,NA,NA,NA,NA,2021-11-26T00:00:00Z,Flucelvax Tetra Vaccine Seqirus,2022-11-05T00:00:00Z,Cell-based Quadrivalent Influenza Vaccine Seqirus,2023-11-04T00:00:00Z,Cell-based Quadrivalent Influenza Vaccine Seqirus,NA,NA,2,3
1954,837S0464,2024-05-22,50,Male,G61,Primary,2022-03-16,2022-03-16,2021-09-13,2022-02-04,NA,NA,NA,NA,NA,NA,NA,NA,>4,0
1955,837S0784,2024-05-29,80,Male,G12,Secondary,NA,NA,2020-09-29,2021-10-17,2021-10-23T00:00:00Z,Fluad Tetra Vaccine Seqirus,2022-09-30T00:00:00Z,Adjuvanted Quadrivalent Influenza Vaccine Seqirus,2023-09-26T00:00:00Z,Adjuvanted Quadrivalent Influenza Vaccine Seqirus,2024-10-15T00:00:00Z,Adjuvanted Quadrivalent Influenza Vaccine Seqirus,1,4
1956,837S0346,2024-05-23,73,Female,PA4,Secondary,NA,NA,2021-12-22,2021-12-22,2021-11-06T00:00:00Z,Fluad Tetra Vaccine Seqirus,2022-10-01T00:00:00Z,Adjuvanted Quadrivalent Influenza Vaccine Seqirus,2023-11-10T00:00:00Z,Adjuvanted Quadrivalent Influenza Vaccine Seqirus,2024-11-06T00:00:00Z,Adjuvanted Quadrivalent Influenza Vaccine Seqirus,1,4
1957,837S0378,2024-05-22,71,Male,G52,Primary,NA,NA,2021-02-23,2022-04-02,2021-11-14T00:00:00Z,Fluad Tetra Vaccine Seqirus,NA,NA,NA,NA,NA,NA,4,1
1958,837S1459,2025-05-07,75,Male,G61,Secondary,NA,NA,NA,NA,NA,NA,2022-09-27T00:00:00Z,Adjuvanted Quadrivalent Influenza Vaccine Seqirus,2023-11-25T00:00:00Z,Adjuvanted Quadrivalent Influenza Vaccine Seqirus,2024-10-10T00:00:00Z,Adjuvanted Quadrivalent Influenza Vaccine Seqirus,1,3
1959,837S0556,2024-05-27,28,Female,G4,Secondary,2021-11-01,2021-11-01,2020-07-10,2022-02-14,NA,NA,NA,NA,NA,NA,NA,NA,>4,0
1960,837S1085,2025-05-03,86,Male,G73,Secondary,NA,NA,2020-09-21,2025-04-14,2021-09-27T00:00:00Z,Fluad Tetra Vaccine Seqirus,2022-09-24T00:00:00Z,Adjuvanted Quadrivalent Influenza Vaccine Seqirus,NA,NA,NA,NA,3,2
1961,837S1481,2025-05-07,58,Male,G51,Primary,NA,NA,2021-08-19,2021-08-19,NA,NA,NA,NA,2023-10-03T00:00:00Z,Cell-based Quadrivalent Influenza Vaccine Seqirus,2024-11-23T00:00:00Z,Cell-based Quadrivalent Influenza Vaccine Seqirus,1,2
1962,837S0297,2024-05-20,85,Female,G62,Primary,2021-06-25,2021-06-25,NA,NA,2021-10-21T00:00:00Z,Fluad Tetra Vaccine Seqirus,2022-09-24T00:00:00Z,Adjuvanted Quadrivalent Influenza Vaccine Seqirus,2023-10-19T00:00:00Z,Adjuvanted Quadrivalent Influenza Vaccine Seqirus,2024-10-28T00:00:00Z,Adjuvanted Quadrivalent Influenza Vaccine Seqirus,1,4
1963,837S0776,2024-05-30,65,Male,G52,Primary,NA,NA,NA,NA,2021-12-11T00:00:00Z,Flucelvax Tetra Vaccine Seqirus,2022-11-26T00:00:00Z,Cell-based Quadrivalent Influenza Vaccine Seqirus,2023-11-18T00:00:00Z,Adjuvanted Quadrivalent Influenza Vaccine Seqirus,2025-02-27T00:00:00Z,Adjuvanted Quadrivalent Influenza Vaccine Seqirus,1,4
1964,837S0553,2024-05-27,69,Female,G76,Primary,NA,NA,2021-11-11,2021-11-11,2021-11-08T00:00:00Z,Fluad Tetra Vaccine Seqirus,2022-10-06T00:00:00Z,Adjuvanted Quadrivalent Influenza Vaccine Seqirus,2023-10-22T00:00:00Z,Adjuvanted Quadrivalent Influenza Vaccine Seqirus,2024-11-30T00:00:00Z,Adjuvanted Quadrivalent Influenza Vaccine Seqirus,1,4
1965,837S0041,2024-05-22,49,Female,G53,Secondary,NA,NA,2021-01-31,2021-01-31,NA,NA,NA,NA,NA,NA,NA,NA,>4,0
1966,837S1066,2025-05-02,63,Male,G20,Primary,NA,NA,2020-11-13,2020-11-13,2021-11-23T00:00:00Z,Flucelvax Tetra Vaccine Seqirus,2022-10-28T00:00:00Z,Cell-based Quadrivalent Influenza Vaccine Seqirus,NA,NA,2024-12-30T00:00:00Z,Cell-based Quadrivalent Influenza Vaccine Seqirus,1,3
1967,837S0760,2024-05-29,23,Female,G41,Primary,NA,NA,NA,NA,NA,NA,NA,NA,NA,NA,NA,NA,>4,0
1968,837S0625,2024-05-28,64,Male,G77,Secondary,2022-01-19,2022-01-19,NA,NA,NA,NA,2022-09-28T00:00:00Z,Cell-based Quadrivalent Influenza Vaccine Seqirus,2023-09-26T00:00:00Z,Cell-based Quadrivalent Influenza Vaccine Seqirus,2024-12-08T00:00:00Z,Adjuvanted Quadrivalent Influenza Vaccine Seqirus,1,3
1969,837S1025,2025-05-02,58,Female,G11,Primary,NA,NA,NA,NA,NA,NA,2022-12-10T00:00:00Z,Cell-based Quadrivalent Influenza Vaccine Seqirus,2023-09-12T00:00:00Z,Cell-based Quadrivalent Influenza Vaccine Seqirus,NA,NA,2,2
1970,837S0309,2024-05-22,59,Male,G23,Primary,2022-03-07,2022-03-07,2020-12-21,2020-12-21,2021-12-03T00:00:00Z,Flucelvax Tetra Vaccine Seqirus,2022-11-10T00:00:00Z,Cell-based Quadrivalent Influenza Vaccine Seqirus,NA,NA,NA,NA,3,2
1971,837S1449,2025-05-07,29,Female,G44,Secondary,2021-09-14,2021-09-14,2021-04-18,2025-02-07,NA,NA,2023-02-27T00:00:00Z,Cell-based Quadrivalent Influenza Vaccine Seqirus,NA,NA,2025-03-12T00:00:00Z,Cell-based Quadrivalent Influenza Vaccine Seqirus,1,2
1972,837S0632,2024-05-28,69,Male,PA4,Secondary,NA,NA,2020-08-21,2021-06-07,NA,NA,NA,NA,NA,NA,NA,NA,>4,0
1973,837S0869,2024-05-29,78,Female,G43,Primary,NA,NA,2024-10-25,2024-10-25,2021-10-19T00:00:00Z,Fluad Tetra Vaccine Seqirus,2022-10-01T00:00:00Z,Adjuvanted Quadrivalent Influenza Vaccine Seqirus,2023-10-21T00:00:00Z,Adjuvanted Quadrivalent Influenza Vaccine Seqirus,2024-11-09T00:00:00Z,Adjuvanted Quadrivalent Influenza Vaccine Seqirus,1,4
1974,837S1028,2025-05-03,37,Female,G81,Secondary,2021-03-26,2021-12-31,2020-06-27,2021-08-12,NA,NA,NA,NA,NA,NA,NA,NA,>4,0
1975,837S0775,2024-05-29,70,Female,PA28,Primary,NA,NA,NA,NA,NA,NA,NA,NA,NA,NA,NA,NA,>4,0
1976,837S0089,2024-05-21,81,Female,G53,Secondary,NA,NA,NA,NA,2021-10-26T00:00:00Z,Fluad Tetra Vaccine Seqirus,2022-09-21T00:00:00Z,Adjuvanted Quadrivalent Influenza Vaccine Seqirus,2023-10-21T00:00:00Z,Adjuvanted Quadrivalent Influenza Vaccine Seqirus,2024-10-10T00:00:00Z,Adjuvanted Quadrivalent Influenza Vaccine Seqirus,1,4
1977,837S1121,2025-05-03,43,Male,G51,Secondary,NA,NA,2024-05-25,2025-01-13,NA,NA,NA,NA,NA,NA,NA,NA,>4,0
1978,837S1386,2025-05-07,43,Male,G14,Secondary,2021-08-26,2021-09-02,2020-08-17,2025-04-30,2021-12-12T00:00:00Z,Flucelvax Tetra Vaccine Seqirus,NA,NA,NA,NA,NA,NA,4,1
1978,837S1058,2025-05-03,43,Male,G14,Secondary,2021-08-26,2021-09-02,2020-08-17,2025-04-30,2021-12-12T00:00:00Z,Flucelvax Tetra Vaccine Seqirus,NA,NA,NA,NA,NA,NA,4,1
1979,837S0180,2024-05-22,78,Male,PA4,Secondary,NA,NA,2021-07-28,2024-04-21,2021-10-29T00:00:00Z,Fluad Tetra Vaccine Seqirus,2022-09-30T00:00:00Z,Adjuvanted Quadrivalent Influenza Vaccine Seqirus,NA,NA,NA,NA,3,2
1980,837S0707,2024-05-29,42,Female,G53,Primary,NA,NA,NA,NA,2021-12-09T00:00:00Z,Flucelvax Tetra Vaccine Seqirus,NA,NA,NA,NA,NA,NA,4,1
1981,837S0974,2024-05-30,28,Female,G21,Secondary,NA,NA,NA,NA,NA,NA,NA,NA,NA,NA,NA,NA,>4,0
1982,837S0293,2024-05-21,73,Male,G44,Primary,NA,NA,2020-05-19,2020-05-19,2021-10-28T00:00:00Z,Fluad Tetra Vaccine Seqirus,2022-09-27T00:00:00Z,Adjuvanted Quadrivalent Influenza Vaccine Seqirus,2023-12-01T00:00:00Z,Adjuvanted Quadrivalent Influenza Vaccine Seqirus,2024-11-20T00:00:00Z,Adjuvanted Quadrivalent Influenza Vaccine Seqirus,1,4
1983,837S0823,2024-05-28,82,Female,G12,Primary,NA,NA,2021-07-26,2021-07-31,2021-10-14T00:00:00Z,Fluad Tetra Vaccine Seqirus,2022-09-23T00:00:00Z,Adjuvanted Quadrivalent Influenza Vaccine Seqirus,2023-10-19T00:00:00Z,Adjuvanted Quadrivalent Influenza Vaccine Seqirus,2024-10-15T00:00:00Z,Adjuvanted Quadrivalent Influenza Vaccine Seqirus,1,4
1984,837S0583,2024-05-28,93,Female,G12,Secondary,NA,NA,2024-04-10,2024-07-02,2021-10-09T00:00:00Z,Fluad Tetra Vaccine Seqirus,2022-10-09T00:00:00Z,Adjuvanted Quadrivalent Influenza Vaccine Seqirus,2023-10-05T00:00:00Z,Adjuvanted Quadrivalent Influenza Vaccine Seqirus,NA,NA,2,3
1985,837S0723,2024-05-29,28,Female,G41,Secondary,NA,NA,NA,NA,NA,NA,NA,NA,NA,NA,NA,NA,>4,0
1986,837S1132,2025-05-03,66,Female,FK4,Secondary,NA,NA,2025-04-22,2025-05-08,NA,NA,NA,NA,NA,NA,NA,NA,>4,0
1987,837S0124,2024-05-22,36,Female,G14,Secondary,2024-09-04,2024-09-04,2020-11-26,2024-05-09,NA,NA,NA,NA,NA,NA,NA,NA,>4,0
1988,837S0841,2024-05-30,43,Female,G51,Secondary,2022-06-21,2022-06-21,2021-07-23,2024-06-19,2021-11-18T00:00:00Z,Flucelvax Tetra Vaccine Seqirus,NA,NA,NA,NA,NA,NA,4,1
1989,837S0665,2024-05-25,78,Male,G13,Secondary,2022-07-02,2024-06-10,2021-01-09,2023-08-16,2021-10-25T00:00:00Z,Fluad Tetra Vaccine Seqirus,NA,NA,2023-11-29T00:00:00Z,Adjuvanted Quadrivalent Influenza Vaccine Seqirus,NA,NA,2,2
1990,837S1020,2025-05-02,54,Female,G45,Primary,NA,NA,NA,NA,NA,NA,NA,NA,NA,NA,NA,NA,>4,0
1991,837S1180,2025-05-02,40,Female,G15,Secondary,NA,NA,2021-08-21,2021-08-21,NA,NA,NA,NA,NA,NA,2024-10-24T00:00:00Z,Cell-based Quadrivalent Influenza Vaccine Seqirus,1,1
1992,837S1212,2025-05-03,71,Male,KA23,Secondary,NA,NA,NA,NA,NA,NA,NA,NA,NA,NA,NA,NA,>4,0
1993,837S1376,2025-05-07,90,Female,G76,Secondary,NA,NA,2023-01-09,2025-04-29,2021-10-14T00:00:00Z,Fluad Tetra Vaccine Seqirus,2022-09-22T00:00:00Z,Adjuvanted Quadrivalent Influenza Vaccine Seqirus,2023-11-12T00:00:00Z,Adjuvanted Quadrivalent Influenza Vaccine Seqirus,2024-11-02T00:00:00Z,Adjuvanted Quadrivalent Influenza Vaccine Seqirus,1,4
1994,837S1448,2025-05-07,40,Male,G81,Primary,NA,NA,2020-11-13,2021-12-26,NA,NA,NA,NA,NA,NA,NA,NA,>4,0
1995,837S0428,2024-05-22,71,Male,G14,Secondary,2024-06-06,2024-06-06,NA,NA,2021-11-25T00:00:00Z,Fluad Tetra Vaccine Seqirus,NA,NA,NA,NA,NA,NA,4,1
1995,837S0226,2024-05-20,71,Male,G14,Primary,2024-06-06,2024-06-06,NA,NA,2021-11-25T00:00:00Z,Fluad Tetra Vaccine Seqirus,NA,NA,NA,NA,NA,NA,4,1
1995,837S0185,2024-05-21,71,Male,G14,Secondary,2024-06-06,2024-06-06,NA,NA,2021-11-25T00:00:00Z,Fluad Tetra Vaccine Seqirus,NA,NA,NA,NA,NA,NA,4,1
1996,837S0076,2024-05-21,56,Male,KY11,Secondary,NA,NA,NA,NA,NA,NA,NA,NA,NA,NA,NA,NA,>4,0
1997,837S0343,2024-05-22,88,Female,G77,Primary,NA,NA,2021-03-19,2023-04-10,2021-10-14T00:00:00Z,Fluad Tetra Vaccine Seqirus,NA,NA,2023-11-03T00:00:00Z,Adjuvanted Quadrivalent Influenza Vaccine Seqirus,2024-10-20T00:00:00Z,Adjuvanted Quadrivalent Influenza Vaccine Seqirus,1,3
1998,837S0163,2024-05-21,81,Female,G53,Secondary,2023-11-03,2024-02-08,2020-08-24,2024-02-08,2021-10-31T00:00:00Z,Fluad Tetra Vaccine Seqirus,2022-11-10T00:00:00Z,Adjuvanted Quadrivalent Influenza Vaccine Seqirus,2023-10-04T00:00:00Z,Adjuvanted Quadrivalent Influenza Vaccine Seqirus,2024-10-05T00:00:00Z,Adjuvanted Quadrivalent Influenza Vaccine Seqirus,1,4
1999,837S1126,2025-05-02,25,Female,G15,Secondary,NA,NA,NA,NA,NA,NA,NA,NA,NA,NA,NA,NA,>4,0
2000,837S1398,2025-05-06,73,Female,G61,Primary,NA,NA,NA,NA,2021-10-27T00:00:00Z,Fluad Tetra Vaccine Seqirus,2022-10-04T00:00:00Z,Adjuvanted Quadrivalent Influenza Vaccine Seqirus,2023-11-08T00:00:00Z,Adjuvanted Quadrivalent Influenza Vaccine Seqirus,2024-11-06T00:00:00Z,Adjuvanted Quadrivalent Influenza Vaccine Seqirus,1,4
2001,837S1050,2025-05-03,71,Male,G44,Secondary,NA,NA,2025-06-13,2025-06-13,2021-11-09T00:00:00Z,Fluad Tetra Vaccine Seqirus,2022-10-18T00:00:00Z,Adjuvanted Quadrivalent Influenza Vaccine Seqirus,2023-11-12T00:00:00Z,Adjuvanted Quadrivalent Influenza Vaccine Seqirus,2025-01-26T00:00:00Z,Adjuvanted Quadrivalent Influenza Vaccine Seqirus,1,4
2002,837S0398,2024-05-22,58,Female,G43,Primary,NA,NA,2021-08-16,2022-04-12,2021-09-27T00:00:00Z,Flucelvax Tetra Vaccine Seqirus,2022-09-06T00:00:00Z,Cell-based Quadrivalent Influenza Vaccine Seqirus,2023-09-11T00:00:00Z,Cell-based Quadrivalent Influenza Vaccine Seqirus,NA,NA,2,3
2003,837S0652,2024-05-23,75,Male,G53,Secondary,NA,NA,NA,NA,2021-10-30T00:00:00Z,Fluad Tetra Vaccine Seqirus,2022-10-06T00:00:00Z,Adjuvanted Quadrivalent Influenza Vaccine Seqirus,2023-11-25T00:00:00Z,Adjuvanted Quadrivalent Influenza Vaccine Seqirus,NA,NA,2,3
2004,837S0948,2024-05-29,32,Female,G46,Primary,2021-08-30,2021-08-30,2021-11-15,2021-11-15,2021-09-30T00:00:00Z,Flucelvax Tetra Vaccine Seqirus,2022-09-24T00:00:00Z,Cell-based Quadrivalent Influenza Vaccine Seqirus,2023-10-06T00:00:00Z,Cell-based Quadrivalent Influenza Vaccine Seqirus,NA,NA,2,3
2005,837S0176,2024-05-21,61,Female,G76,Secondary,NA,NA,2021-02-12,2022-01-06,2021-12-14T00:00:00Z,Flucelvax Tetra Vaccine Seqirus,2022-10-30T00:00:00Z,Cell-based Quadrivalent Influenza Vaccine Seqirus,2023-12-02T00:00:00Z,Cell-based Quadrivalent Influenza Vaccine Seqirus,2025-01-04T00:00:00Z,Cell-based Quadrivalent Influenza Vaccine Seqirus,1,4
2006,837S1466,2025-05-07,40,Female,G77,Secondary,2022-01-14,2022-01-14,2021-07-09,2021-12-18,NA,NA,2022-11-12T00:00:00Z,Cell-based Quadrivalent Influenza Vaccine Seqirus,NA,NA,NA,NA,3,1
2007,837S1080,2025-05-02,62,Male,G73,Primary,NA,NA,2020-10-23,2021-10-04,2021-12-14T00:00:00Z,Flucelvax Tetra Vaccine Seqirus,2022-12-04T00:00:00Z,Cell-based Quadrivalent Influenza Vaccine Seqirus,2023-09-13T00:00:00Z,Cell-based Quadrivalent Influenza Vaccine Seqirus,NA,NA,2,3
2008,837S0619,2024-05-28,66,Male,G15,Secondary,NA,NA,2020-05-12,2025-04-17,2021-11-05T00:00:00Z,Flucelvax Tetra Vaccine Seqirus,2022-10-17T00:00:00Z,Adjuvanted Quadrivalent Influenza Vaccine Seqirus,NA,NA,NA,NA,3,2
2009,837S1265,2025-05-02,65,Female,G52,Secondary,NA,NA,NA,NA,2021-12-12T00:00:00Z,Flucelvax Tetra Vaccine Seqirus,2022-11-13T00:00:00Z,Cell-based Quadrivalent Influenza Vaccine Seqirus,NA,NA,2024-10-27T00:00:00Z,Adjuvanted Quadrivalent Influenza Vaccine Seqirus,1,3
2010,837S0757,2024-05-29,80,Female,G41,Primary,NA,NA,2020-05-26,2021-05-21,2021-10-19T00:00:00Z,Fluad Tetra Vaccine Seqirus,2022-10-18T00:00:00Z,Adjuvanted Quadrivalent Influenza Vaccine Seqirus,2023-10-31T00:00:00Z,Adjuvanted Quadrivalent Influenza Vaccine Seqirus,2024-10-12T00:00:00Z,Adjuvanted Quadrivalent Influenza Vaccine Seqirus,1,4
2011,837S0497,2024-05-23,39,Female,G13,Secondary,NA,NA,2021-11-22,2021-11-22,2021-11-18T00:00:00Z,Flucelvax Tetra Vaccine Seqirus,2022-10-26T00:00:00Z,Cell-based Quadrivalent Influenza Vaccine Seqirus,NA,NA,2024-10-10T00:00:00Z,Cell-based Quadrivalent Influenza Vaccine Seqirus,1,3
2012,837S1026,2025-05-03,73,Male,G45,Secondary,NA,NA,NA,NA,2021-11-18T00:00:00Z,Fluad Tetra Vaccine Seqirus,NA,NA,NA,NA,NA,NA,4,1
2013,837S0969,2024-05-30,88,Male,G52,Secondary,NA,NA,2021-02-27,2021-02-27,2021-10-12T00:00:00Z,Fluad Tetra Vaccine Seqirus,2022-09-20T00:00:00Z,Adjuvanted Quadrivalent Influenza Vaccine Seqirus,2023-11-01T00:00:00Z,Adjuvanted Quadrivalent Influenza Vaccine Seqirus,2024-10-13T00:00:00Z,Adjuvanted Quadrivalent Influenza Vaccine Seqirus,1,4
2014,837S1340,2025-05-06,34,Female,G42,Primary,NA,NA,NA,NA,NA,NA,NA,NA,NA,NA,NA,NA,>4,0
2015,837S0003,2024-05-21,27,Female,G5,Secondary,2022-01-16,2022-01-16,2021-08-26,2024-05-21,NA,NA,NA,NA,NA,NA,NA,NA,>4,0
2016,837S0026,2024-05-22,68,Female,G52,Secondary,2021-10-15,2021-10-15,2021-04-12,2024-04-25,2021-11-20T00:00:00Z,Fluad Tetra Vaccine Seqirus,2022-10-04T00:00:00Z,Adjuvanted Quadrivalent Influenza Vaccine Seqirus,NA,NA,2024-11-14T00:00:00Z,Adjuvanted Quadrivalent Influenza Vaccine Seqirus,1,3
2016,837S0188,2024-05-21,68,Female,G52,Secondary,2021-10-15,2021-10-15,2021-04-12,2024-04-25,2021-11-20T00:00:00Z,Fluad Tetra Vaccine Seqirus,2022-10-04T00:00:00Z,Adjuvanted Quadrivalent Influenza Vaccine Seqirus,NA,NA,2024-11-14T00:00:00Z,Adjuvanted Quadrivalent Influenza Vaccine Seqirus,1,3
2017,837S0564,2024-05-27,31,Female,KA18,Secondary,NA,NA,2020-08-05,2022-05-23,2021-11-30T00:00:00Z,Flucelvax Tetra Vaccine Seqirus,2022-11-10T00:00:00Z,Cell-based Quadrivalent Influenza Vaccine Seqirus,NA,NA,NA,NA,3,2
2018,837S0155,2024-05-21,21,Female,G72,Secondary,NA,NA,NA,NA,NA,NA,2022-12-21T00:00:00Z,Cell-based Quadrivalent Influenza Vaccine Seqirus,NA,NA,2024-10-31T00:00:00Z,Cell-based Quadrivalent Influenza Vaccine Seqirus,1,2
2019,837S0729,2024-05-30,84,Male,G53,Secondary,NA,NA,NA,NA,2021-10-23T00:00:00Z,Fluad Tetra Vaccine Seqirus,2022-09-21T00:00:00Z,Adjuvanted Quadrivalent Influenza Vaccine Seqirus,2023-11-25T00:00:00Z,Adjuvanted Quadrivalent Influenza Vaccine Seqirus,2024-10-17T00:00:00Z,Adjuvanted Quadrivalent Influenza Vaccine Seqirus,1,4
2020,837S1166,2025-05-02,48,Female,G43,Primary,NA,NA,2021-09-05,2022-09-02,NA,NA,NA,NA,NA,NA,NA,NA,>4,0
2021,837S0294,2024-05-17,89,Female,G52,Primary,NA,NA,2020-05-22,2021-09-29,2021-10-11T00:00:00Z,Fluad Tetra Vaccine Seqirus,2022-09-15T00:00:00Z,Adjuvanted Quadrivalent Influenza Vaccine Seqirus,2023-12-03T00:00:00Z,Adjuvanted Quadrivalent Influenza Vaccine Seqirus,2024-10-10T00:00:00Z,Adjuvanted Quadrivalent Influenza Vaccine Seqirus,1,4
2022,837S0066,2024-05-21,31,Female,G42,Secondary,2020-10-25,2020-10-25,NA,NA,NA,NA,NA,NA,NA,NA,NA,NA,>4,0
2023,837S1429,2025-05-06,47,Female,G43,Primary,NA,NA,2021-07-15,2022-03-10,2021-09-26T00:00:00Z,Flucelvax Tetra Vaccine Seqirus,2022-09-12T00:00:00Z,Cell-based Quadrivalent Influenza Vaccine Seqirus,2023-09-10T00:00:00Z,Cell-based Quadrivalent Influenza Vaccine Seqirus,2024-10-13T00:00:00Z,Cell-based Quadrivalent Influenza Vaccine Seqirus,1,4
2024,837S1302,2025-05-06,77,Female,G44,Primary,NA,NA,NA,NA,2021-10-26T00:00:00Z,Fluad Tetra Vaccine Seqirus,2022-10-01T00:00:00Z,Adjuvanted Quadrivalent Influenza Vaccine Seqirus,2023-10-16T00:00:00Z,Adjuvanted Quadrivalent Influenza Vaccine Seqirus,2024-10-19T00:00:00Z,Adjuvanted Quadrivalent Influenza Vaccine Seqirus,1,4
2025,837S0408,2024-05-23,59,Male,PA4,Secondary,NA,NA,2021-03-08,2021-03-08,2021-12-05T00:00:00Z,Flucelvax Tetra Vaccine Seqirus,2022-10-02T00:00:00Z,Cell-based Quadrivalent Influenza Vaccine Seqirus,2023-09-22T00:00:00Z,Cell-based Quadrivalent Influenza Vaccine Seqirus,2024-11-13T00:00:00Z,Cell-based Quadrivalent Influenza Vaccine Seqirus,1,4
2026,837S1334,2025-05-06,79,Female,G46,Primary,NA,NA,NA,NA,2021-10-27T00:00:00Z,Fluad Tetra Vaccine Seqirus,2022-09-15T00:00:00Z,Adjuvanted Quadrivalent Influenza Vaccine Seqirus,2023-11-05T00:00:00Z,Adjuvanted Quadrivalent Influenza Vaccine Seqirus,2024-10-13T00:00:00Z,Adjuvanted Quadrivalent Influenza Vaccine Seqirus,1,4
2027,837S0914,2024-05-29,45,Female,G14,Primary,NA,NA,2021-09-22,2021-10-25,NA,NA,NA,NA,NA,NA,NA,NA,>4,0
2028,837S0887,2024-05-30,32,Female,G46,Secondary,NA,NA,NA,NA,NA,NA,NA,NA,NA,NA,NA,NA,>4,0
2029,837S0031,2024-05-21,28,Male,PA8,Secondary,2021-07-13,2021-07-13,2024-04-10,2024-05-18,NA,NA,NA,NA,NA,NA,2024-10-10T00:00:00Z,Cell-based Quadrivalent Influenza Vaccine Seqirus,1,1
2030,837S0277,2024-05-21,65,Female,G69,Primary,2022-10-08,2022-10-10,2021-07-16,2025-02-26,2022-01-06T00:00:00Z,Flucelvax Tetra Vaccine Seqirus,2022-11-30T00:00:00Z,Cell-based Quadrivalent Influenza Vaccine Seqirus,2023-11-13T00:00:00Z,Adjuvanted Quadrivalent Influenza Vaccine Seqirus,NA,NA,2,3
2031,837S0034,2024-05-17,69,Female,G71,Secondary,NA,NA,NA,NA,NA,NA,NA,NA,NA,NA,NA,NA,>4,0
2032,837S0739,2024-05-29,92,Female,G61,Primary,NA,NA,NA,NA,2021-10-13T00:00:00Z,Fluad Tetra Vaccine Seqirus,2022-09-19T00:00:00Z,Adjuvanted Quadrivalent Influenza Vaccine Seqirus,2023-10-21T00:00:00Z,Adjuvanted Quadrivalent Influenza Vaccine Seqirus,2024-10-02T00:00:00Z,Adjuvanted Quadrivalent Influenza Vaccine Seqirus,1,4
2033,837S0539,2024-05-28,69,Female,G81,Secondary,NA,NA,2021-03-10,2021-03-10,2021-11-13T00:00:00Z,Fluad Tetra Vaccine Seqirus,2023-02-04T00:00:00Z,Adjuvanted Quadrivalent Influenza Vaccine Seqirus,2023-12-11T00:00:00Z,Adjuvanted Quadrivalent Influenza Vaccine Seqirus,2024-12-31T00:00:00Z,Adjuvanted Quadrivalent Influenza Vaccine Seqirus,1,4
2034,837S1156,2025-05-02,24,Male,G41,Primary,NA,NA,NA,NA,NA,NA,NA,NA,NA,NA,NA,NA,>4,0
2035,837S0171,2024-05-22,34,Female,ML3,Secondary,NA,NA,NA,NA,NA,NA,NA,NA,NA,NA,NA,NA,>4,0
2036,837S0327,2024-05-22,23,Female,G46,Primary,2020-10-31,2020-10-31,NA,NA,NA,NA,NA,NA,NA,NA,NA,NA,>4,0
2037,837S0839,2024-05-30,87,Female,G13,Secondary,NA,NA,2021-05-16,2024-12-05,2021-10-17T00:00:00Z,Fluad Tetra Vaccine Seqirus,2022-11-02T00:00:00Z,Adjuvanted Quadrivalent Influenza Vaccine Seqirus,2023-10-23T00:00:00Z,Adjuvanted Quadrivalent Influenza Vaccine Seqirus,2024-11-28T00:00:00Z,Adjuvanted Quadrivalent Influenza Vaccine Seqirus,1,4
2038,837S1098,2025-05-02,40,Female,G11,Primary,NA,NA,2021-06-14,2021-11-16,NA,NA,NA,NA,NA,NA,NA,NA,>4,0
2039,837S1167,2025-05-03,83,Male,G72,Secondary,NA,NA,NA,NA,NA,NA,NA,NA,NA,NA,NA,NA,>4,0
2040,837S0808,2024-05-29,66,Female,G11,Secondary,NA,NA,NA,NA,2021-11-14T00:00:00Z,Flucelvax Tetra Vaccine Seqirus,2022-11-22T00:00:00Z,Adjuvanted Quadrivalent Influenza Vaccine Seqirus,2023-11-05T00:00:00Z,Adjuvanted Quadrivalent Influenza Vaccine Seqirus,2024-11-26T00:00:00Z,Adjuvanted Quadrivalent Influenza Vaccine Seqirus,1,4
2041,837S0650,2024-05-28,31,Female,G66,Primary,NA,NA,2020-06-01,2022-06-13,NA,NA,NA,NA,NA,NA,NA,NA,>4,0
2042,837S0308,2024-05-23,85,Female,G52,Primary,NA,NA,2025-01-20,2025-01-20,2021-10-18T00:00:00Z,Fluad Tetra Vaccine Seqirus,2022-09-25T00:00:00Z,Adjuvanted Quadrivalent Influenza Vaccine Seqirus,2023-09-26T00:00:00Z,Adjuvanted Quadrivalent Influenza Vaccine Seqirus,NA,NA,2,3
2043,837S0834,2024-05-29,64,Male,PA28,Primary,NA,NA,2021-12-06,2021-12-06,NA,NA,NA,NA,NA,NA,NA,NA,>4,0
2044,837S0907,2024-05-30,28,Female,G3,Primary,NA,NA,2021-07-02,2021-12-13,2021-10-06T00:00:00Z,Flucelvax Tetra Vaccine Seqirus,NA,NA,2023-09-29T00:00:00Z,Cell-based Quadrivalent Influenza Vaccine Seqirus,NA,NA,2,2
2045,837S0791,2024-05-29,35,Female,G73,Secondary,2022-02-15,2022-02-15,2021-06-28,2022-01-07,NA,NA,2023-01-05T00:00:00Z,Cell-based Quadrivalent Influenza Vaccine Seqirus,NA,NA,NA,NA,3,1
2046,837S1007,2025-05-02,75,Female,G20,Primary,NA,NA,2022-12-25,2022-12-25,2021-10-19T00:00:00Z,Fluad Tetra Vaccine Seqirus,NA,NA,2023-11-27T00:00:00Z,Adjuvanted Quadrivalent Influenza Vaccine Seqirus,2024-10-14T00:00:00Z,Adjuvanted Quadrivalent Influenza Vaccine Seqirus,1,3
2047,837S0896,2024-05-30,58,Male,ML3,Secondary,2021-12-24,2021-12-24,NA,NA,NA,NA,NA,NA,2023-11-06T00:00:00Z,Cell-based Quadrivalent Influenza Vaccine Seqirus,2024-10-14T00:00:00Z,Cell-based Quadrivalent Influenza Vaccine Seqirus,1,2
2048,837S0875,2024-05-30,44,Male,G11,Secondary,NA,NA,2020-11-24,2024-05-30,NA,NA,NA,NA,NA,NA,NA,NA,>4,0
2049,837S1487,2025-05-07,66,Female,G5,Primary,2021-10-25,2021-10-25,NA,NA,2021-11-23T00:00:00Z,Flucelvax Tetra Vaccine Seqirus,2022-10-12T00:00:00Z,Cell-based Quadrivalent Influenza Vaccine Seqirus,2023-10-15T00:00:00Z,Adjuvanted Quadrivalent Influenza Vaccine Seqirus,2024-11-06T00:00:00Z,Adjuvanted Quadrivalent Influenza Vaccine Seqirus,1,4
2050,837S1286,2025-05-03,69,Male,G52,Secondary,NA,NA,2021-02-09,2025-04-30,2021-11-15T00:00:00Z,Fluad Tetra Vaccine Seqirus,2022-11-25T00:00:00Z,Adjuvanted Quadrivalent Influenza Vaccine Seqirus,NA,NA,NA,NA,3,2
2051,837S1012,2025-05-02,20,Female,G81,Primary,NA,NA,2021-07-29,2025-02-18,NA,NA,NA,NA,NA,NA,2025-03-08T00:00:00Z,Cell-based Quadrivalent Influenza Vaccine Seqirus,1,1
2052,837S0845,2024-05-29,63,Female,PA28,Primary,NA,NA,NA,NA,NA,NA,NA,NA,NA,NA,NA,NA,>4,0
2053,837S1032,2025-05-03,66,Male,G32,Secondary,NA,NA,NA,NA,2021-11-16T00:00:00Z,Flucelvax Tetra Vaccine Seqirus,2022-10-14T00:00:00Z,Cell-based Quadrivalent Influenza Vaccine Seqirus,2023-10-14T00:00:00Z,Cell-based Quadrivalent Influenza Vaccine Seqirus,2024-11-13T00:00:00Z,Adjuvanted Quadrivalent Influenza Vaccine Seqirus,1,4
2054,837S0325,2024-05-23,77,Female,G62,Secondary,NA,NA,2021-09-29,2024-01-17,2021-10-15T00:00:00Z,Fluad Tetra Vaccine Seqirus,2022-10-06T00:00:00Z,Adjuvanted Quadrivalent Influenza Vaccine Seqirus,2023-10-30T00:00:00Z,Adjuvanted Quadrivalent Influenza Vaccine Seqirus,2024-10-14T00:00:00Z,Adjuvanted Quadrivalent Influenza Vaccine Seqirus,1,4
2055,837S0135,2024-05-21,63,Male,KA11,Secondary,2024-07-03,2024-07-03,NA,NA,NA,NA,NA,NA,NA,NA,NA,NA,>4,0
2055,837S0196,2024-05-22,63,Male,KA11,Secondary,2024-07-03,2024-07-03,NA,NA,NA,NA,NA,NA,NA,NA,NA,NA,>4,0
2055,837S0986,2024-05-30,63,Male,KA11,Secondary,2024-07-03,2024-07-03,NA,NA,NA,NA,NA,NA,NA,NA,NA,NA,>4,0
2055,837S0181,2024-05-22,63,Male,KA11,Secondary,2024-07-03,2024-07-03,NA,NA,NA,NA,NA,NA,NA,NA,NA,NA,>4,0
2055,837S0634,2024-05-28,63,Male,KA11,Secondary,2024-07-03,2024-07-03,NA,NA,NA,NA,NA,NA,NA,NA,NA,NA,>4,0
2056,837S1043,2025-05-02,77,Male,G43,Secondary,NA,NA,2020-10-03,2021-06-07,2021-11-04T00:00:00Z,Fluad Tetra Vaccine Seqirus,2022-09-25T00:00:00Z,Adjuvanted Quadrivalent Influenza Vaccine Seqirus,2023-11-11T00:00:00Z,Adjuvanted Quadrivalent Influenza Vaccine Seqirus,2024-11-02T00:00:00Z,Adjuvanted Quadrivalent Influenza Vaccine Seqirus,1,4
2057,837S0295,2024-05-21,68,Female,G44,Primary,NA,NA,NA,NA,2021-11-17T00:00:00Z,Fluad Tetra Vaccine Seqirus,2022-10-16T00:00:00Z,Adjuvanted Quadrivalent Influenza Vaccine Seqirus,2023-11-15T00:00:00Z,Adjuvanted Quadrivalent Influenza Vaccine Seqirus,2024-11-30T00:00:00Z,Adjuvanted Quadrivalent Influenza Vaccine Seqirus,1,4
2058,837S1435,2025-05-06,86,Male,G11,Primary,NA,NA,NA,NA,2021-10-21T00:00:00Z,Fluad Tetra Vaccine Seqirus,2022-10-08T00:00:00Z,Adjuvanted Quadrivalent Influenza Vaccine Seqirus,2023-12-05T00:00:00Z,Adjuvanted Quadrivalent Influenza Vaccine Seqirus,2024-10-10T00:00:00Z,Adjuvanted Quadrivalent Influenza Vaccine Seqirus,1,4
2059,837S0462,2024-05-21,43,Female,G64,Primary,2021-09-19,2021-09-19,2020-08-26,2021-12-12,2021-11-05T00:00:00Z,Flucelvax Tetra Vaccine Seqirus,2022-10-13T00:00:00Z,Cell-based Quadrivalent Influenza Vaccine Seqirus,2023-11-06T00:00:00Z,Cell-based Quadrivalent Influenza Vaccine Seqirus,2024-11-25T00:00:00Z,Cell-based Quadrivalent Influenza Vaccine Seqirus,1,4
2060,837S0483,2024-05-22,62,Female,G43,Secondary,NA,NA,2021-04-17,2024-06-16,2021-11-29T00:00:00Z,Flucelvax Tetra Vaccine Seqirus,2022-10-27T00:00:00Z,Cell-based Quadrivalent Influenza Vaccine Seqirus,2023-12-15T00:00:00Z,Cell-based Quadrivalent Influenza Vaccine Seqirus,NA,NA,2,3
2061,837S0900,2024-05-30,46,Male,G77,Secondary,NA,NA,2021-11-13,2021-11-20,NA,NA,NA,NA,NA,NA,NA,NA,>4,0
2062,837S0091,2024-05-21,27,Female,PA4,Secondary,NA,NA,NA,NA,NA,NA,NA,NA,NA,NA,NA,NA,>4,0
2063,837S0282,2024-05-21,19,Female,G20,Primary,NA,NA,NA,NA,NA,NA,NA,NA,NA,NA,NA,NA,>4,0
2064,837S0278,2024-05-21,61,Female,G12,Primary,NA,NA,2020-04-28,2020-08-07,NA,NA,2022-11-03T00:00:00Z,Cell-based Quadrivalent Influenza Vaccine Seqirus,2023-11-29T00:00:00Z,Cell-based Quadrivalent Influenza Vaccine Seqirus,2024-12-10T00:00:00Z,Cell-based Quadrivalent Influenza Vaccine Seqirus,1,3
2065,837S1119,2025-05-03,51,Female,G65,Secondary,NA,NA,2022-05-16,2025-05-20,NA,NA,NA,NA,NA,NA,NA,NA,>4,0
2066,837S0657,2024-05-24,73,Female,G51,Primary,2021-09-19,2022-04-08,2020-06-03,2024-09-27,2022-01-06T00:00:00Z,Fluad Tetra Vaccine Seqirus,2022-10-14T00:00:00Z,Adjuvanted Quadrivalent Influenza Vaccine Seqirus,2023-11-07T00:00:00Z,Adjuvanted Quadrivalent Influenza Vaccine Seqirus,2024-11-24T00:00:00Z,Adjuvanted Quadrivalent Influenza Vaccine Seqirus,1,4
2067,837S1296,2025-05-03,50,Male,AB51,Secondary,NA,NA,NA,NA,NA,NA,NA,NA,NA,NA,NA,NA,>4,0
2068,837S0797,2024-05-14,58,Male,G41,Primary,NA,NA,2020-12-23,2022-01-03,2021-11-16T00:00:00Z,Flucelvax Tetra Vaccine Seqirus,2022-12-12T00:00:00Z,Cell-based Quadrivalent Influenza Vaccine Seqirus,NA,NA,NA,NA,3,2
2069,837S0440,2024-05-22,23,Male,G11,Primary,NA,NA,2021-09-28,2021-09-28,NA,NA,NA,NA,NA,NA,NA,NA,>4,0
2070,837S0904,2024-05-30,73,Male,G11,Secondary,NA,NA,2021-02-02,2024-04-20,2021-11-02T00:00:00Z,Fluad Tetra Vaccine Seqirus,NA,NA,NA,NA,NA,NA,4,1
2071,837S1443,2025-05-07,67,Male,KA1,Secondary,NA,NA,NA,NA,NA,NA,NA,NA,NA,NA,NA,NA,>4,0
2072,837S1373,2025-05-06,76,Female,PA28,Primary,NA,NA,NA,NA,NA,NA,NA,NA,NA,NA,NA,NA,>4,0
2073,837S1245,2025-05-03,29,Female,G44,Secondary,NA,NA,2025-05-04,2025-05-04,NA,NA,NA,NA,NA,NA,NA,NA,>4,0
2074,837S0205,2024-05-21,57,Female,G41,Primary,2021-12-29,2022-03-09,2021-02-04,2021-10-20,NA,NA,NA,NA,NA,NA,NA,NA,>4,0
2075,837S1367,2025-05-06,88,Male,G76,Primary,NA,NA,NA,NA,2021-10-20T00:00:00Z,Fluad Tetra Vaccine Seqirus,2022-11-17T00:00:00Z,Adjuvanted Quadrivalent Influenza Vaccine Seqirus,2023-11-04T00:00:00Z,Adjuvanted Quadrivalent Influenza Vaccine Seqirus,2024-12-22T00:00:00Z,Adjuvanted Quadrivalent Influenza Vaccine Seqirus,1,4
2076,837S0334,2024-05-23,43,Female,G62,Primary,NA,NA,2020-11-23,2022-03-09,2021-12-14T00:00:00Z,Flucelvax Tetra Vaccine Seqirus,NA,NA,2023-12-04T00:00:00Z,Cell-based Quadrivalent Influenza Vaccine Seqirus,NA,NA,2,2
2077,837S0401,2024-05-23,74,Male,G61,Secondary,2021-12-20,2022-08-09,2021-03-27,2024-06-22,2021-10-27T00:00:00Z,Fluad Tetra Vaccine Seqirus,2022-10-04T00:00:00Z,Adjuvanted Quadrivalent Influenza Vaccine Seqirus,2023-10-14T00:00:00Z,Adjuvanted Quadrivalent Influenza Vaccine Seqirus,2024-10-07T00:00:00Z,Adjuvanted Quadrivalent Influenza Vaccine Seqirus,1,4
2078,837S0387,2024-05-22,75,Male,G61,Secondary,NA,NA,2021-08-10,2021-08-10,2021-11-01T00:00:00Z,Fluad Tetra Vaccine Seqirus,2022-10-04T00:00:00Z,Adjuvanted Quadrivalent Influenza Vaccine Seqirus,2023-11-01T00:00:00Z,Adjuvanted Quadrivalent Influenza Vaccine Seqirus,2024-10-09T00:00:00Z,Adjuvanted Quadrivalent Influenza Vaccine Seqirus,1,4
2079,837S0168,2024-05-22,40,Male,G81,Secondary,NA,NA,2020-07-14,2022-08-16,NA,NA,NA,NA,NA,NA,NA,NA,>4,0
2080,837S0145,2024-05-21,46,Female,G51,Secondary,NA,NA,2024-01-12,2024-01-12,NA,NA,NA,NA,NA,NA,NA,NA,>4,0
2081,837S0339,2024-05-22,50,Male,G51,Primary,NA,NA,2022-03-18,2022-03-23,NA,NA,2022-09-20T00:00:00Z,Cell-based Quadrivalent Influenza Vaccine Seqirus,NA,NA,NA,NA,3,1
2082,837S0200,2024-05-22,37,Male,G5,Secondary,NA,NA,NA,NA,NA,NA,NA,NA,NA,NA,NA,NA,>4,0
2082,837S0029,2024-05-22,37,Male,G5,Secondary,NA,NA,NA,NA,NA,NA,NA,NA,NA,NA,NA,NA,>4,0
2083,837S0871,2024-05-30,61,Male,G15,Secondary,NA,NA,2024-02-01,2024-06-01,NA,NA,NA,NA,NA,NA,NA,NA,>4,0
2084,837S1409,2025-05-07,36,Male,G41,Secondary,2022-04-04,2022-04-04,2021-12-30,2021-12-30,NA,NA,2022-11-20T00:00:00Z,Cell-based Quadrivalent Influenza Vaccine Seqirus,NA,NA,NA,NA,3,1
2085,837S0165,2024-05-20,57,Female,EH39,Secondary,NA,NA,NA,NA,NA,NA,NA,NA,NA,NA,NA,NA,>4,0
2086,837S1162,2025-05-03,66,Female,G46,Secondary,NA,NA,NA,NA,2021-10-18T00:00:00Z,Flucelvax Tetra Vaccine Seqirus,2022-10-28T00:00:00Z,Cell-based Quadrivalent Influenza Vaccine Seqirus,2023-09-30T00:00:00Z,Adjuvanted Quadrivalent Influenza Vaccine Seqirus,2024-11-30T00:00:00Z,Adjuvanted Quadrivalent Influenza Vaccine Seqirus,1,4
2087,837S1402,2025-05-07,61,Male,G52,Primary,NA,NA,NA,NA,2021-12-15T00:00:00Z,Flucelvax Tetra Vaccine Seqirus,NA,NA,NA,NA,NA,NA,4,1
2088,837S0547,2024-05-28,52,Male,PA3,Secondary,NA,NA,2024-01-28,2024-05-02,NA,NA,2022-10-26T00:00:00Z,Cell-based Quadrivalent Influenza Vaccine Seqirus,2023-12-13T00:00:00Z,Cell-based Quadrivalent Influenza Vaccine Seqirus,NA,NA,2,2
2089,837S0349,2024-05-23,71,Male,G5,Secondary,2024-05-17,2024-05-17,2021-02-17,2022-03-31,2021-10-23T00:00:00Z,Fluad Tetra Vaccine Seqirus,2022-09-29T00:00:00Z,Adjuvanted Quadrivalent Influenza Vaccine Seqirus,2023-11-28T00:00:00Z,Adjuvanted Quadrivalent Influenza Vaccine Seqirus,NA,NA,2,3
2090,837S0860,2024-05-30,62,Male,G64,Primary,NA,NA,2024-11-30,2024-11-30,NA,NA,NA,NA,NA,NA,NA,NA,>4,0
2091,837S1331,2025-05-06,67,Female,G22,Primary,NA,NA,2021-01-13,2021-01-13,2021-11-14T00:00:00Z,Flucelvax Tetra Vaccine Seqirus,2022-09-21T00:00:00Z,Adjuvanted Quadrivalent Influenza Vaccine Seqirus,NA,NA,NA,NA,3,2
2092,837S1030,2025-05-03,88,Female,G62,Secondary,NA,NA,NA,NA,2021-10-21T00:00:00Z,Fluad Tetra Vaccine Seqirus,2022-09-22T00:00:00Z,Adjuvanted Quadrivalent Influenza Vaccine Seqirus,2023-10-19T00:00:00Z,Adjuvanted Quadrivalent Influenza Vaccine Seqirus,2024-10-10T00:00:00Z,Adjuvanted Quadrivalent Influenza Vaccine Seqirus,1,4
2093,837S0137,2024-05-22,27,Female,G3,Secondary,NA,NA,NA,NA,NA,NA,NA,NA,NA,NA,NA,NA,>4,0
2094,837S0495,2024-05-21,40,Female,G81,Secondary,NA,NA,2021-08-30,2021-11-01,NA,NA,NA,NA,NA,NA,NA,NA,>4,0
2094,837S0240,2024-05-21,40,Female,G81,Secondary,NA,NA,2021-08-30,2021-11-01,NA,NA,NA,NA,NA,NA,NA,NA,>4,0
2095,837S0620,2024-05-28,72,Male,G15,Secondary,NA,NA,2021-01-22,2021-01-22,NA,NA,NA,NA,NA,NA,NA,NA,>4,0
2095,837S0224,2024-05-22,72,Male,G15,Secondary,NA,NA,2021-01-22,2021-01-22,NA,NA,NA,NA,NA,NA,NA,NA,>4,0
2096,837S1068,2025-05-02,75,Male,G60,Primary,2022-02-03,2022-02-03,2020-09-26,2021-08-07,NA,NA,NA,NA,NA,NA,NA,NA,>4,0
2097,837S0500,2024-05-22,50,Female,G46,Primary,2022-01-03,2022-01-03,2020-11-16,2021-05-27,NA,NA,NA,NA,NA,NA,NA,NA,>4,0
2098,837S1057,2025-05-02,70,Male,G42,Primary,NA,NA,NA,NA,2021-11-11T00:00:00Z,Fluad Tetra Vaccine Seqirus,2022-10-04T00:00:00Z,Adjuvanted Quadrivalent Influenza Vaccine Seqirus,2023-11-01T00:00:00Z,Adjuvanted Quadrivalent Influenza Vaccine Seqirus,2024-12-14T00:00:00Z,Adjuvanted Quadrivalent Influenza Vaccine Seqirus,1,4
2099,837S0562,2024-05-28,28,Female,G81,Secondary,2020-09-22,2022-03-12,2020-08-27,2024-08-05,NA,NA,NA,NA,NA,NA,NA,NA,>4,0
2100,837S0090,2024-05-21,39,Male,EH4,Secondary,NA,NA,2021-05-10,2021-05-21,NA,NA,NA,NA,NA,NA,NA,NA,>4,0
2101,837S0668,2024-05-28,78,Female,G15,Secondary,2022-05-05,2023-12-28,2020-09-22,2023-11-24,NA,NA,2022-11-20T00:00:00Z,Adjuvanted Quadrivalent Influenza Vaccine Seqirus,2023-11-08T00:00:00Z,Adjuvanted Quadrivalent Influenza Vaccine Seqirus,2024-11-20T00:00:00Z,Adjuvanted Quadrivalent Influenza Vaccine Seqirus,1,3
2102,837S1385,2025-05-07,90,Male,G12,Secondary,NA,NA,2023-12-03,2023-12-03,2021-10-17T00:00:00Z,Fluad Tetra Vaccine Seqirus,2022-10-01T00:00:00Z,Adjuvanted Quadrivalent Influenza Vaccine Seqirus,2023-10-18T00:00:00Z,Adjuvanted Quadrivalent Influenza Vaccine Seqirus,2024-10-18T00:00:00Z,Adjuvanted Quadrivalent Influenza Vaccine Seqirus,1,4
2103,837S0591,2024-05-28,37,Female,G52,Secondary,2022-07-15,2023-02-01,2020-09-30,2025-03-03,2021-12-06T00:00:00Z,Flucelvax Tetra Vaccine Seqirus,NA,NA,NA,NA,NA,NA,4,1
2104,837S0170,2024-05-22,63,Female,G53,Secondary,NA,NA,2020-05-01,2025-04-14,NA,NA,NA,NA,NA,NA,NA,NA,>4,0
2105,837S1457,2025-05-06,66,Male,G15,Primary,NA,NA,2022-03-10,2022-03-10,2021-11-02T00:00:00Z,Flucelvax Tetra Vaccine Seqirus,2022-10-24T00:00:00Z,Cell-based Quadrivalent Influenza Vaccine Seqirus,2023-09-27T00:00:00Z,Cell-based Quadrivalent Influenza Vaccine Seqirus,2024-10-28T00:00:00Z,Adjuvanted Quadrivalent Influenza Vaccine Seqirus,1,4
2106,837S1037,2025-05-03,51,Female,PA1,Secondary,NA,NA,NA,NA,2021-12-06T00:00:00Z,Flucelvax Tetra Vaccine Seqirus,2022-10-30T00:00:00Z,Cell-based Quadrivalent Influenza Vaccine Seqirus,NA,NA,2024-11-07T00:00:00Z,Cell-based Quadrivalent Influenza Vaccine Seqirus,1,3
2107,837S0234,2024-05-21,80,Female,G61,Secondary,NA,NA,2021-11-20,2024-06-30,2021-10-01T00:00:00Z,Fluad Tetra Vaccine Seqirus,2022-09-25T00:00:00Z,Adjuvanted Quadrivalent Influenza Vaccine Seqirus,2023-10-21T00:00:00Z,Adjuvanted Quadrivalent Influenza Vaccine Seqirus,NA,NA,2,3
2108,837S0889,2024-05-30,69,Male,PA5,Secondary,NA,NA,NA,NA,2021-11-16T00:00:00Z,Fluad Tetra Vaccine Seqirus,2022-10-24T00:00:00Z,Adjuvanted Quadrivalent Influenza Vaccine Seqirus,2023-10-30T00:00:00Z,Adjuvanted Quadrivalent Influenza Vaccine Seqirus,2024-10-16T00:00:00Z,Adjuvanted Quadrivalent Influenza Vaccine Seqirus,1,4
2109,837S0543,2024-05-27,32,Female,G52,Primary,NA,NA,NA,NA,NA,NA,NA,NA,NA,NA,NA,NA,>4,0
2110,837S0604,2024-05-28,68,Male,G3,Secondary,NA,NA,2023-04-03,2023-04-03,NA,NA,NA,NA,NA,NA,NA,NA,>4,0
2111,837S1469,2025-05-07,57,Female,G44,Primary,NA,NA,2021-08-21,2021-09-27,2021-12-09T00:00:00Z,Flucelvax Tetra Vaccine Seqirus,2022-09-19T00:00:00Z,Cell-based Quadrivalent Influenza Vaccine Seqirus,2023-10-08T00:00:00Z,Cell-based Quadrivalent Influenza Vaccine Seqirus,NA,NA,2,3
2112,837S1063,2025-05-03,55,Female,PA8,Secondary,NA,NA,2024-10-04,2025-05-02,2021-10-16T00:00:00Z,Flucelvax Tetra Vaccine Seqirus,2022-09-30T00:00:00Z,Cell-based Quadrivalent Influenza Vaccine Seqirus,2023-11-11T00:00:00Z,Cell-based Quadrivalent Influenza Vaccine Seqirus,2024-11-15T00:00:00Z,Cell-based Quadrivalent Influenza Vaccine Seqirus,1,4
2113,837S1470,2025-05-06,69,Female,G51,Primary,NA,NA,NA,NA,2021-11-28T00:00:00Z,Fluad Tetra Vaccine Seqirus,2022-10-04T00:00:00Z,Adjuvanted Quadrivalent Influenza Vaccine Seqirus,2023-11-01T00:00:00Z,Adjuvanted Quadrivalent Influenza Vaccine Seqirus,2024-10-06T00:00:00Z,Adjuvanted Quadrivalent Influenza Vaccine Seqirus,1,4
2114,837S0427,2024-05-22,48,Female,PA1,Primary,NA,NA,2021-10-27,2022-01-05,NA,NA,NA,NA,NA,NA,NA,NA,>4,0
2115,837S0931,2024-05-30,52,Female,G52,Secondary,NA,NA,NA,NA,NA,NA,2023-01-05T00:00:00Z,Cell-based Quadrivalent Influenza Vaccine Seqirus,NA,NA,NA,NA,3,1
2116,837S0361,2024-05-23,24,Female,G11,Primary,2022-02-02,2022-02-02,2020-10-26,2021-10-25,2021-10-06T00:00:00Z,Flucelvax Tetra Vaccine Seqirus,2022-09-07T00:00:00Z,Cell-based Quadrivalent Influenza Vaccine Seqirus,2023-12-20T00:00:00Z,Cell-based Quadrivalent Influenza Vaccine Seqirus,2024-12-19T00:00:00Z,Cell-based Quadrivalent Influenza Vaccine Seqirus,1,4
2117,837S1432,2025-05-07,36,Female,G42,Secondary,2020-04-11,2020-04-11,2020-04-18,2024-04-21,NA,NA,NA,NA,NA,NA,NA,NA,>4,0
2118,837S0351,2024-05-22,83,Female,G45,Primary,NA,NA,2021-09-09,2021-09-09,2021-10-12T00:00:00Z,Fluad Tetra Vaccine Seqirus,2022-09-20T00:00:00Z,Adjuvanted Quadrivalent Influenza Vaccine Seqirus,2023-10-21T00:00:00Z,Adjuvanted Quadrivalent Influenza Vaccine Seqirus,2024-10-03T00:00:00Z,Adjuvanted Quadrivalent Influenza Vaccine Seqirus,1,4
2119,837S0827,2024-05-29,28,Male,G46,Primary,NA,NA,NA,NA,NA,NA,NA,NA,NA,NA,NA,NA,>4,0
2120,837S1186,2025-05-02,60,Female,G20,Primary,NA,NA,2021-09-11,2021-09-11,NA,NA,2022-12-03T00:00:00Z,Cell-based Quadrivalent Influenza Vaccine Seqirus,NA,NA,NA,NA,3,1
2121,837S0938,2024-05-30,75,Male,G65,Primary,NA,NA,NA,NA,NA,NA,NA,NA,NA,NA,NA,NA,>4,0
2122,837S0496,2024-05-22,79,Female,G5,Primary,NA,NA,NA,NA,NA,NA,2022-09-25T00:00:00Z,Adjuvanted Quadrivalent Influenza Vaccine Seqirus,2023-10-04T00:00:00Z,Adjuvanted Quadrivalent Influenza Vaccine Seqirus,2024-10-26T00:00:00Z,Adjuvanted Quadrivalent Influenza Vaccine Seqirus,1,3
2123,837S0633,2024-05-28,68,Male,G52,Secondary,NA,NA,NA,NA,NA,NA,NA,NA,NA,NA,NA,NA,>4,0
2124,837S0369,2024-05-23,59,Male,G42,Secondary,2023-11-02,2023-11-02,2020-07-23,2025-02-03,NA,NA,NA,NA,NA,NA,NA,NA,>4,0
2125,837S0403,2024-05-23,64,Male,G45,Primary,2022-01-16,2022-01-16,NA,NA,NA,NA,NA,NA,NA,NA,NA,NA,>4,0
2126,837S0538,2024-05-27,66,Male,G11,Secondary,NA,NA,2021-08-31,2025-05-11,2021-09-27T00:00:00Z,Flucelvax Tetra Vaccine Seqirus,2022-10-12T00:00:00Z,Adjuvanted Quadrivalent Influenza Vaccine Seqirus,2023-11-02T00:00:00Z,Adjuvanted Quadrivalent Influenza Vaccine Seqirus,2024-11-14T00:00:00Z,Adjuvanted Quadrivalent Influenza Vaccine Seqirus,1,4
2127,837S0394,2024-05-23,48,Female,G52,Primary,2022-02-11,2022-02-11,2021-10-25,2021-10-25,NA,NA,2022-11-01T00:00:00Z,Cell-based Quadrivalent Influenza Vaccine Seqirus,NA,NA,NA,NA,3,1
2128,837S0381,2024-05-22,66,Male,G51,Primary,2021-12-30,2021-12-30,NA,NA,2021-11-20T00:00:00Z,Flucelvax Tetra Vaccine Seqirus,2022-11-26T00:00:00Z,Adjuvanted Quadrivalent Influenza Vaccine Seqirus,2023-11-17T00:00:00Z,Adjuvanted Quadrivalent Influenza Vaccine Seqirus,2024-10-20T00:00:00Z,Adjuvanted Quadrivalent Influenza Vaccine Seqirus,1,4
2129,837S1485,2025-05-07,49,Male,ML1,Secondary,NA,NA,NA,NA,NA,NA,NA,NA,NA,NA,NA,NA,>4,0
2130,837S0123,2024-05-21,80,Female,KA21,Secondary,NA,NA,NA,NA,NA,NA,NA,NA,NA,NA,NA,NA,>4,0
2131,837S1379,2025-05-06,53,Female,G51,Primary,2022-01-03,2022-01-10,2020-11-30,2021-03-07,NA,NA,NA,NA,NA,NA,NA,NA,>4,0
2132,837S0472,2024-05-22,85,Male,G77,Primary,NA,NA,NA,NA,2021-10-18T00:00:00Z,Fluad Tetra Vaccine Seqirus,2022-09-23T00:00:00Z,Adjuvanted Quadrivalent Influenza Vaccine Seqirus,2023-11-03T00:00:00Z,Adjuvanted Quadrivalent Influenza Vaccine Seqirus,2024-10-20T00:00:00Z,Adjuvanted Quadrivalent Influenza Vaccine Seqirus,1,4
2133,837S0006,2024-05-21,62,Female,G43,Secondary,NA,NA,2021-05-28,2022-03-16,2021-11-29T00:00:00Z,Flucelvax Tetra Vaccine Seqirus,2022-11-06T00:00:00Z,Cell-based Quadrivalent Influenza Vaccine Seqirus,2023-12-16T00:00:00Z,Cell-based Quadrivalent Influenza Vaccine Seqirus,NA,NA,2,3
2134,837S1279,2025-05-03,56,Male,G51,Secondary,NA,NA,2020-11-28,2020-11-28,NA,NA,NA,NA,NA,NA,NA,NA,>4,0
2135,837S0963,2024-05-29,40,Male,G81,Primary,NA,NA,NA,NA,NA,NA,NA,NA,NA,NA,NA,NA,>4,0
2136,837S0922,2024-05-29,45,Female,PA1,Primary,NA,NA,2021-10-24,2021-10-24,NA,NA,NA,NA,NA,NA,NA,NA,>4,0
2137,837S1042,2025-05-02,38,Male,G81,Primary,NA,NA,2020-08-23,2021-10-26,NA,NA,NA,NA,NA,NA,NA,NA,>4,0
2138,837S0678,2024-05-27,64,Female,G46,Secondary,2021-01-11,2021-01-11,2021-01-07,2021-05-27,2021-11-07T00:00:00Z,Flucelvax Tetra Vaccine Seqirus,2022-10-28T00:00:00Z,Cell-based Quadrivalent Influenza Vaccine Seqirus,2023-11-19T00:00:00Z,Cell-based Quadrivalent Influenza Vaccine Seqirus,NA,NA,2,3
2139,837S0499,2024-05-23,71,Female,G61,Primary,NA,NA,NA,NA,2021-10-17T00:00:00Z,Fluad Tetra Vaccine Seqirus,2022-10-16T00:00:00Z,Adjuvanted Quadrivalent Influenza Vaccine Seqirus,2023-10-05T00:00:00Z,Adjuvanted Quadrivalent Influenza Vaccine Seqirus,2024-11-04T00:00:00Z,Adjuvanted Quadrivalent Influenza Vaccine Seqirus,1,4
2140,837S0679,2024-05-28,69,Female,G51,Secondary,NA,NA,NA,NA,2021-11-21T00:00:00Z,Fluad Tetra Vaccine Seqirus,2022-10-06T00:00:00Z,Adjuvanted Quadrivalent Influenza Vaccine Seqirus,2023-10-22T00:00:00Z,Adjuvanted Quadrivalent Influenza Vaccine Seqirus,2024-10-20T00:00:00Z,Adjuvanted Quadrivalent Influenza Vaccine Seqirus,1,4
2141,837S0704,2024-05-29,57,Male,G52,Primary,NA,NA,2021-09-22,2021-09-22,NA,NA,NA,NA,NA,NA,NA,NA,>4,0
2142,837S1053,2025-05-02,68,Female,G5,Primary,NA,NA,NA,NA,NA,NA,NA,NA,NA,NA,NA,NA,>4,0
2143,837S0283,2024-05-21,50,Female,G15,Primary,2022-01-18,2022-01-18,2020-09-29,2021-07-20,2021-11-30T00:00:00Z,Flucelvax Tetra Vaccine Seqirus,2022-09-12T00:00:00Z,Cell-based Quadrivalent Influenza Vaccine Seqirus,NA,NA,NA,NA,3,2
2144,837S1101,2025-05-03,73,Female,G12,Secondary,NA,NA,NA,NA,2021-10-07T00:00:00Z,Fluad Tetra Vaccine Seqirus,2022-10-15T00:00:00Z,Adjuvanted Quadrivalent Influenza Vaccine Seqirus,2023-11-30T00:00:00Z,Adjuvanted Quadrivalent Influenza Vaccine Seqirus,NA,NA,2,3
2145,837S0773,2024-05-30,80,Female,G51,Secondary,NA,NA,NA,NA,2021-11-05T00:00:00Z,Fluad Tetra Vaccine Seqirus,2022-09-24T00:00:00Z,Adjuvanted Quadrivalent Influenza Vaccine Seqirus,2023-10-10T00:00:00Z,Adjuvanted Quadrivalent Influenza Vaccine Seqirus,2024-10-05T00:00:00Z,Adjuvanted Quadrivalent Influenza Vaccine Seqirus,1,4
2146,837S0847,2024-05-30,55,Male,PA19,Secondary,NA,NA,2020-08-01,2025-02-28,2021-12-02T00:00:00Z,Flucelvax Tetra Vaccine Seqirus,2022-11-23T00:00:00Z,Cell-based Quadrivalent Influenza Vaccine Seqirus,2023-12-10T00:00:00Z,Cell-based Quadrivalent Influenza Vaccine Seqirus,2025-01-09T00:00:00Z,Cell-based Quadrivalent Influenza Vaccine Seqirus,1,4
2147,837S0399,2024-05-22,46,Male,G52,Primary,NA,NA,2022-01-05,2022-01-05,NA,NA,NA,NA,NA,NA,NA,NA,>4,0
2148,837S1105,2025-05-03,83,Female,G46,Secondary,NA,NA,2020-08-17,2025-05-02,2021-10-23T00:00:00Z,Fluad Tetra Vaccine Seqirus,2022-09-29T00:00:00Z,Adjuvanted Quadrivalent Influenza Vaccine Seqirus,NA,NA,NA,NA,3,2
2149,837S0288,2024-05-21,57,Female,G81,Secondary,NA,NA,2021-02-05,2022-07-17,NA,NA,NA,NA,NA,NA,NA,NA,>4,0
2150,837S0878,2024-05-29,50,Female,G41,Primary,NA,NA,NA,NA,NA,NA,NA,NA,2023-10-03T00:00:00Z,Cell-based Quadrivalent Influenza Vaccine Seqirus,NA,NA,2,1
2151,837S0957,2024-05-30,20,Male,G53,Secondary,2021-09-10,2022-03-07,2020-09-09,2021-07-07,NA,NA,NA,NA,NA,NA,NA,NA,>4,0
2152,837S0801,2024-05-29,71,Male,G52,Primary,NA,NA,NA,NA,2021-11-23T00:00:00Z,Fluad Tetra Vaccine Seqirus,2022-09-29T00:00:00Z,Adjuvanted Quadrivalent Influenza Vaccine Seqirus,2023-12-05T00:00:00Z,Adjuvanted Quadrivalent Influenza Vaccine Seqirus,2024-10-27T00:00:00Z,Adjuvanted Quadrivalent Influenza Vaccine Seqirus,1,4
2153,837S0673,2024-05-23,53,Male,G77,Secondary,2022-03-24,2023-04-13,2020-06-25,2024-12-16,2021-11-08T00:00:00Z,Flucelvax Tetra Vaccine Seqirus,2022-11-05T00:00:00Z,Cell-based Quadrivalent Influenza Vaccine Seqirus,NA,NA,NA,NA,3,2
2154,837S1372,2025-05-06,66,Male,G77,Primary,NA,NA,NA,NA,2021-12-06T00:00:00Z,Flucelvax Tetra Vaccine Seqirus,2022-11-27T00:00:00Z,Cell-based Quadrivalent Influenza Vaccine Seqirus,2023-10-20T00:00:00Z,Adjuvanted Quadrivalent Influenza Vaccine Seqirus,2024-11-24T00:00:00Z,Adjuvanted Quadrivalent Influenza Vaccine Seqirus,1,4
2155,837S0713,2024-05-29,35,Female,G40,Primary,NA,NA,2020-10-14,2021-12-21,NA,NA,NA,NA,NA,NA,NA,NA,>4,0
2156,837S0842,2024-05-30,55,Male,G52,Secondary,NA,NA,2020-04-02,2022-03-14,NA,NA,NA,NA,NA,NA,NA,NA,>4,0
2157,837S1337,2025-05-07,72,Female,G13,Secondary,NA,NA,2020-06-01,2024-10-27,2021-11-03T00:00:00Z,Fluad Tetra Vaccine Seqirus,2022-11-09T00:00:00Z,Adjuvanted Quadrivalent Influenza Vaccine Seqirus,2023-11-29T00:00:00Z,Adjuvanted Quadrivalent Influenza Vaccine Seqirus,2024-12-02T00:00:00Z,Adjuvanted Quadrivalent Influenza Vaccine Seqirus,1,4
2158,837S0503,2024-05-28,62,Female,G42,Secondary,NA,NA,2020-09-21,2022-02-04,2021-12-04T00:00:00Z,Flucelvax Tetra Vaccine Seqirus,2022-10-29T00:00:00Z,Cell-based Quadrivalent Influenza Vaccine Seqirus,2023-12-15T00:00:00Z,Cell-based Quadrivalent Influenza Vaccine Seqirus,2024-12-19T00:00:00Z,Cell-based Quadrivalent Influenza Vaccine Seqirus,1,4
2159,837S0960,2024-05-30,52,Female,G61,Secondary,2021-10-22,2021-10-22,2020-12-09,2022-04-12,NA,NA,NA,NA,NA,NA,NA,NA,>4,0
2160,837S1298,2025-05-03,62,Male,G13,Secondary,NA,NA,2020-10-02,2022-03-19,2021-11-30T00:00:00Z,Flucelvax Tetra Vaccine Seqirus,2022-10-24T00:00:00Z,Cell-based Quadrivalent Influenza Vaccine Seqirus,NA,NA,NA,NA,3,2
2161,837S0656,2024-05-28,80,Female,PA6,Secondary,2024-08-09,2024-08-09,2020-06-27,2024-11-24,2021-10-31T00:00:00Z,Fluad Tetra Vaccine Seqirus,2022-11-25T00:00:00Z,Adjuvanted Quadrivalent Influenza Vaccine Seqirus,2023-11-06T00:00:00Z,Adjuvanted Quadrivalent Influenza Vaccine Seqirus,2024-10-09T00:00:00Z,Adjuvanted Quadrivalent Influenza Vaccine Seqirus,1,4
2162,837S0120,2024-05-21,32,Female,PA1,Secondary,NA,NA,2020-03-13,2023-07-18,NA,NA,NA,NA,NA,NA,NA,NA,>4,0
2163,837S0580,2024-05-28,42,Female,G52,Secondary,2022-01-07,2022-01-07,2020-06-26,2022-08-26,2021-10-21T00:00:00Z,Flucelvax Tetra Vaccine Seqirus,2022-09-18T00:00:00Z,Cell-based Quadrivalent Influenza Vaccine Seqirus,2023-09-26T00:00:00Z,Cell-based Quadrivalent Influenza Vaccine Seqirus,NA,NA,2,3
2164,837S1019,2025-05-02,71,Male,G5,Primary,NA,NA,NA,NA,2021-11-17T00:00:00Z,Fluad Tetra Vaccine Seqirus,2022-10-03T00:00:00Z,Adjuvanted Quadrivalent Influenza Vaccine Seqirus,2023-12-31T00:00:00Z,Adjuvanted Quadrivalent Influenza Vaccine Seqirus,2024-11-14T00:00:00Z,Adjuvanted Quadrivalent Influenza Vaccine Seqirus,1,4
2165,837S1137,2025-05-03,26,Female,G31,Secondary,NA,NA,2020-07-10,2025-01-29,NA,NA,NA,NA,NA,NA,NA,NA,>4,0
2166,837S1164,2025-05-02,48,Female,G81,Primary,NA,NA,NA,NA,NA,NA,NA,NA,NA,NA,NA,NA,>4,0
2167,837S0373,2024-05-23,87,Male,G44,Secondary,2022-06-11,2022-06-11,2024-09-27,2024-09-28,NA,NA,NA,NA,NA,NA,NA,NA,>4,0
2168,837S1349,2025-05-07,67,Male,G13,Secondary,NA,NA,2021-08-26,2025-01-22,2021-10-21T00:00:00Z,Flucelvax Tetra Vaccine Seqirus,2022-12-05T00:00:00Z,Adjuvanted Quadrivalent Influenza Vaccine Seqirus,2024-01-06T00:00:00Z,Adjuvanted Quadrivalent Influenza Vaccine Seqirus,2025-01-08T00:00:00Z,Cell-based Quadrivalent Influenza Vaccine Seqirus,1,4
2169,837S1377,2025-05-06,64,Male,G12,Primary,NA,NA,NA,NA,NA,NA,NA,NA,NA,NA,NA,NA,>4,0
2170,837S0290,2024-05-21,41,Male,G73,Secondary,NA,NA,2021-12-06,2021-12-06,NA,NA,NA,NA,NA,NA,NA,NA,>4,0
2171,837S0493,2024-05-22,32,Female,G44,Secondary,2022-02-16,2022-02-16,2021-07-18,2022-01-05,2021-12-07T00:00:00Z,Flucelvax Tetra Vaccine Seqirus,2022-10-19T00:00:00Z,Cell-based Quadrivalent Influenza Vaccine Seqirus,NA,NA,2024-11-06T00:00:00Z,Cell-based Quadrivalent Influenza Vaccine Seqirus,1,3
2172,837S0590,2024-05-28,81,Female,G12,Secondary,NA,NA,2021-05-27,2023-07-19,2021-10-22T00:00:00Z,Fluad Tetra Vaccine Seqirus,2022-09-28T00:00:00Z,Adjuvanted Quadrivalent Influenza Vaccine Seqirus,2023-11-16T00:00:00Z,Adjuvanted Quadrivalent Influenza Vaccine Seqirus,NA,NA,2,3
2173,837S0514,2024-05-27,51,Male,G53,Primary,2020-11-11,2020-11-29,2020-10-24,2022-02-10,2022-02-04T00:00:00Z,Flucelvax Tetra Vaccine Seqirus,2022-09-27T00:00:00Z,Cell-based Quadrivalent Influenza Vaccine Seqirus,2023-09-13T00:00:00Z,Cell-based Quadrivalent Influenza Vaccine Seqirus,2024-10-01T00:00:00Z,Cell-based Quadrivalent Influenza Vaccine Seqirus,1,4
2174,837S0260,2024-05-21,52,Female,G46,Primary,NA,NA,2021-04-19,2021-11-29,2021-12-13T00:00:00Z,Flucelvax Tetra Vaccine Seqirus,2022-11-25T00:00:00Z,Cell-based Quadrivalent Influenza Vaccine Seqirus,NA,NA,NA,NA,3,2
2175,837S0376,2024-05-23,71,Male,G61,Primary,NA,NA,2021-08-22,2021-10-04,2021-11-10T00:00:00Z,Fluad Tetra Vaccine Seqirus,2022-09-25T00:00:00Z,Adjuvanted Quadrivalent Influenza Vaccine Seqirus,2023-11-06T00:00:00Z,Adjuvanted Quadrivalent Influenza Vaccine Seqirus,2024-11-07T00:00:00Z,Adjuvanted Quadrivalent Influenza Vaccine Seqirus,1,4
2176,837S0364,2024-05-22,26,Female,G41,Primary,NA,NA,NA,NA,NA,NA,NA,NA,NA,NA,NA,NA,>4,0
2177,837S0177,2024-05-22,81,Male,G44,Secondary,NA,NA,NA,NA,2021-11-02T00:00:00Z,Fluad Tetra Vaccine Seqirus,2022-09-21T00:00:00Z,Adjuvanted Quadrivalent Influenza Vaccine Seqirus,2023-10-25T00:00:00Z,Adjuvanted Quadrivalent Influenza Vaccine Seqirus,2024-10-26T00:00:00Z,Adjuvanted Quadrivalent Influenza Vaccine Seqirus,1,4
2177,837S0142,2024-05-21,81,Male,G44,Secondary,NA,NA,NA,NA,2021-11-02T00:00:00Z,Fluad Tetra Vaccine Seqirus,2022-09-21T00:00:00Z,Adjuvanted Quadrivalent Influenza Vaccine Seqirus,2023-10-25T00:00:00Z,Adjuvanted Quadrivalent Influenza Vaccine Seqirus,2024-10-26T00:00:00Z,Adjuvanted Quadrivalent Influenza Vaccine Seqirus,1,4
2178,837S0777,2024-05-29,83,Male,PA28,Primary,NA,NA,NA,NA,NA,NA,NA,NA,NA,NA,NA,NA,>4,0
2179,837S0389,2024-05-22,46,Female,G51,Primary,2021-07-02,2021-07-02,NA,NA,NA,NA,NA,NA,NA,NA,NA,NA,>4,0
2180,837S0194,2024-05-21,78,Female,G14,Secondary,NA,NA,NA,NA,2021-10-01T00:00:00Z,Fluad Tetra Vaccine Seqirus,2022-09-28T00:00:00Z,Adjuvanted Quadrivalent Influenza Vaccine Seqirus,2023-10-14T00:00:00Z,Adjuvanted Quadrivalent Influenza Vaccine Seqirus,2024-10-22T00:00:00Z,Adjuvanted Quadrivalent Influenza Vaccine Seqirus,1,4
2181,837S0685,2024-05-27,77,Male,G43,Secondary,2021-11-03,2021-11-03,2021-04-25,2021-10-29,2021-10-18T00:00:00Z,Fluad Tetra Vaccine Seqirus,2022-10-01T00:00:00Z,Adjuvanted Quadrivalent Influenza Vaccine Seqirus,2023-11-11T00:00:00Z,Adjuvanted Quadrivalent Influenza Vaccine Seqirus,2024-12-01T00:00:00Z,Adjuvanted Quadrivalent Influenza Vaccine Seqirus,1,4
2182,837S1468,2025-05-06,32,Female,G53,Primary,NA,NA,2020-09-24,2021-06-18,NA,NA,NA,NA,NA,NA,NA,NA,>4,0
2183,837S0972,2024-05-29,52,Female,G53,Primary,NA,NA,2021-12-23,2021-12-23,NA,NA,2022-11-26T00:00:00Z,Cell-based Quadrivalent Influenza Vaccine Seqirus,2023-09-16T00:00:00Z,Cell-based Quadrivalent Influenza Vaccine Seqirus,NA,NA,2,2
2184,837S1327,2025-05-06,54,Female,G45,Secondary,NA,NA,2020-06-11,2020-10-15,2021-12-07T00:00:00Z,Flucelvax Tetra Vaccine Seqirus,2022-10-11T00:00:00Z,Cell-based Quadrivalent Influenza Vaccine Seqirus,2023-11-26T00:00:00Z,Cell-based Quadrivalent Influenza Vaccine Seqirus,2024-10-31T00:00:00Z,Cell-based Quadrivalent Influenza Vaccine Seqirus,1,4
2185,837S1060,2025-05-03,48,Male,G45,Secondary,NA,NA,NA,NA,NA,NA,NA,NA,NA,NA,NA,NA,>4,0
2186,837S1369,2025-05-06,56,Female,G52,Primary,2021-08-10,2022-03-15,2020-08-15,2022-08-25,NA,NA,2022-12-20T00:00:00Z,Cell-based Quadrivalent Influenza Vaccine Seqirus,NA,NA,NA,NA,3,1
2187,837S0699,2024-05-28,80,Male,KA30,Secondary,NA,NA,NA,NA,NA,NA,NA,NA,NA,NA,NA,NA,>4,0
2188,837S1160,2025-05-03,78,Female,G61,Secondary,2022-03-15,2022-03-15,2020-05-14,2022-03-09,2021-10-31T00:00:00Z,Fluad Tetra Vaccine Seqirus,2022-12-06T00:00:00Z,Adjuvanted Quadrivalent Influenza Vaccine Seqirus,2023-10-15T00:00:00Z,Adjuvanted Quadrivalent Influenza Vaccine Seqirus,2024-11-11T00:00:00Z,Adjuvanted Quadrivalent Influenza Vaccine Seqirus,1,4
2189,837S0169,2024-05-22,57,Male,G72,Secondary,NA,NA,2025-04-01,2025-04-01,NA,NA,NA,NA,NA,NA,NA,NA,>4,0
2189,837S0568,2024-05-28,57,Male,G72,Secondary,NA,NA,2025-04-01,2025-04-01,NA,NA,NA,NA,NA,NA,NA,NA,>4,0
2190,837S1109,2025-05-03,22,Female,G45,Secondary,2024-03-02,2024-03-02,NA,NA,NA,NA,NA,NA,NA,NA,NA,NA,>4,0
2191,837S0050,2024-05-22,57,Female,G53,Secondary,2020-05-18,2020-05-18,2020-05-25,2023-12-20,NA,NA,NA,NA,NA,NA,NA,NA,>4,0
2192,837S0434,2024-05-22,79,Female,G53,Primary,2021-11-08,2021-11-08,2021-05-05,2022-02-07,2021-12-22T00:00:00Z,Fluad Tetra Vaccine Seqirus,2022-09-14T00:00:00Z,Adjuvanted Quadrivalent Influenza Vaccine Seqirus,2023-09-19T00:00:00Z,Adjuvanted Quadrivalent Influenza Vaccine Seqirus,2024-10-01T00:00:00Z,Adjuvanted Quadrivalent Influenza Vaccine Seqirus,1,4
2193,837S0352,2024-05-22,93,Female,G53,Secondary,NA,NA,2020-11-02,2024-05-23,2021-11-02T00:00:00Z,Fluad Tetra Vaccine Seqirus,2022-09-27T00:00:00Z,Adjuvanted Quadrivalent Influenza Vaccine Seqirus,2023-10-07T00:00:00Z,Adjuvanted Quadrivalent Influenza Vaccine Seqirus,2024-10-26T00:00:00Z,Adjuvanted Quadrivalent Influenza Vaccine Seqirus,1,4
2194,837S1281,2025-05-03,68,Female,PA4,Secondary,2024-01-12,2024-01-12,2020-11-06,2023-02-02,2021-10-01T00:00:00Z,Fluad Tetra Vaccine Seqirus,2022-10-21T00:00:00Z,Adjuvanted Quadrivalent Influenza Vaccine Seqirus,2023-10-21T00:00:00Z,Adjuvanted Quadrivalent Influenza Vaccine Seqirus,2024-10-23T00:00:00Z,Adjuvanted Quadrivalent Influenza Vaccine Seqirus,1,4
2195,837S0377,2024-05-22,58,Female,G53,Primary,2020-11-20,2020-11-20,NA,NA,NA,NA,NA,NA,NA,NA,NA,NA,>4,0
2196,837S0611,2024-05-28,58,Female,G72,Secondary,NA,NA,2024-02-16,2024-05-10,NA,NA,NA,NA,NA,NA,NA,NA,>4,0
2197,837S0270,2024-05-21,33,Female,G45,Secondary,2022-02-04,2022-02-04,2020-10-24,2020-10-24,2021-11-20T00:00:00Z,Flucelvax Tetra Vaccine Seqirus,NA,NA,NA,NA,NA,NA,4,1
2198,837S1122,2025-05-03,77,Female,G76,Secondary,NA,NA,NA,NA,NA,NA,NA,NA,NA,NA,NA,NA,>4,0
2199,837S0055,2024-05-21,47,Male,G81,Secondary,NA,NA,2020-12-10,2021-06-04,2021-11-18T00:00:00Z,Flucelvax Tetra Vaccine Seqirus,NA,NA,NA,NA,NA,NA,4,1
2199,837S0214,2024-05-22,47,Male,G81,Secondary,NA,NA,2020-12-10,2021-06-04,2021-11-18T00:00:00Z,Flucelvax Tetra Vaccine Seqirus,NA,NA,NA,NA,NA,NA,4,1
2200,837S1250,2025-05-03,73,Male,G51,Secondary,NA,NA,2020-09-25,2020-09-25,2021-10-20T00:00:00Z,Flucelvax Tetra Vaccine Seqirus,2022-09-29T00:00:00Z,Adjuvanted Quadrivalent Influenza Vaccine Seqirus,2023-11-15T00:00:00Z,Adjuvanted Quadrivalent Influenza Vaccine Seqirus,NA,NA,2,3
2201,837S0221,2024-05-21,66,Female,G43,Primary,NA,NA,2021-06-28,2021-06-28,2021-12-01T00:00:00Z,Flucelvax Tetra Vaccine Seqirus,2022-10-29T00:00:00Z,Cell-based Quadrivalent Influenza Vaccine Seqirus,2023-11-04T00:00:00Z,Adjuvanted Quadrivalent Influenza Vaccine Seqirus,2024-11-21T00:00:00Z,Adjuvanted Quadrivalent Influenza Vaccine Seqirus,1,4
2202,837S1413,2025-05-06,51,Male,G43,Secondary,NA,NA,2021-05-27,2021-05-27,2021-09-29T00:00:00Z,Flucelvax Tetra Vaccine Seqirus,2022-10-21T00:00:00Z,Cell-based Quadrivalent Influenza Vaccine Seqirus,2023-10-15T00:00:00Z,Cell-based Quadrivalent Influenza Vaccine Seqirus,2024-12-22T00:00:00Z,Cell-based Quadrivalent Influenza Vaccine Seqirus,1,4
2203,837S1293,2025-05-02,32,Male,G78,Primary,2022-03-20,2022-03-20,NA,NA,NA,NA,NA,NA,NA,NA,NA,NA,>4,0
2204,837S1319,2025-05-06,56,Male,G46,Primary,NA,NA,2020-06-24,2023-06-19,2021-09-27T00:00:00Z,Flucelvax Tetra Vaccine Seqirus,NA,NA,2023-11-11T00:00:00Z,Cell-based Quadrivalent Influenza Vaccine Seqirus,2024-11-16T00:00:00Z,Cell-based Quadrivalent Influenza Vaccine Seqirus,1,3
2205,837S1255,2025-05-02,86,Male,G42,Primary,NA,NA,2020-04-25,2020-04-25,2021-10-21T00:00:00Z,Fluad Tetra Vaccine Seqirus,2022-09-20T00:00:00Z,Adjuvanted Quadrivalent Influenza Vaccine Seqirus,2023-10-21T00:00:00Z,Adjuvanted Quadrivalent Influenza Vaccine Seqirus,2024-10-19T00:00:00Z,Adjuvanted Quadrivalent Influenza Vaccine Seqirus,1,4
2206,837S1343,2025-05-07,74,Male,G23,Secondary,2021-09-10,2021-09-10,2023-07-13,2024-11-24,2021-10-28T00:00:00Z,Fluad Tetra Vaccine Seqirus,2022-10-15T00:00:00Z,Cell-based Quadrivalent Influenza Vaccine Seqirus,2023-11-09T00:00:00Z,Adjuvanted Quadrivalent Influenza Vaccine Seqirus,2024-11-18T00:00:00Z,Adjuvanted Quadrivalent Influenza Vaccine Seqirus,1,4
2207,837S0758,2024-05-29,87,Male,G77,Primary,NA,NA,2020-12-01,2020-12-01,2021-10-18T00:00:00Z,Fluad Tetra Vaccine Seqirus,2022-09-23T00:00:00Z,Adjuvanted Quadrivalent Influenza Vaccine Seqirus,2023-10-28T00:00:00Z,Adjuvanted Quadrivalent Influenza Vaccine Seqirus,2024-10-20T00:00:00Z,Adjuvanted Quadrivalent Influenza Vaccine Seqirus,1,4
2208,837S0645,2024-05-24,72,Female,PA4,Secondary,NA,NA,NA,NA,2021-11-05T00:00:00Z,Fluad Tetra Vaccine Seqirus,2022-10-01T00:00:00Z,Adjuvanted Quadrivalent Influenza Vaccine Seqirus,2023-11-11T00:00:00Z,Adjuvanted Quadrivalent Influenza Vaccine Seqirus,2024-11-01T00:00:00Z,Adjuvanted Quadrivalent Influenza Vaccine Seqirus,1,4
2209,837S0961,2024-05-29,46,Female,G41,Primary,NA,NA,2020-11-29,2020-11-29,NA,NA,NA,NA,NA,NA,NA,NA,>4,0
2210,837S0702,2024-05-29,54,Female,PA28,Primary,NA,NA,NA,NA,NA,NA,NA,NA,NA,NA,NA,NA,>4,0
2211,837S0371,2024-05-22,66,Male,G76,Primary,NA,NA,2021-06-29,2021-08-28,2021-11-07T00:00:00Z,Flucelvax Tetra Vaccine Seqirus,2022-10-15T00:00:00Z,Adjuvanted Quadrivalent Influenza Vaccine Seqirus,2023-09-22T00:00:00Z,Adjuvanted Quadrivalent Influenza Vaccine Seqirus,2024-12-11T00:00:00Z,Adjuvanted Quadrivalent Influenza Vaccine Seqirus,1,4
2212,837S0392,2024-05-23,64,Female,G13,Secondary,2023-12-08,2024-02-02,2020-08-31,2024-12-16,2021-11-05T00:00:00Z,Fluad Tetra Vaccine Seqirus,2022-11-02T00:00:00Z,Cell-based Quadrivalent Influenza Vaccine Seqirus,NA,NA,NA,NA,3,2
2213,837S0033,2024-05-21,45,Male,G21,Secondary,NA,NA,NA,NA,NA,NA,NA,NA,NA,NA,NA,NA,>4,0
2214,837S0642,2024-05-24,69,Male,G53,Primary,NA,NA,2020-08-28,2021-12-28,2021-11-28T00:00:00Z,Fluad Tetra Vaccine Seqirus,2022-10-13T00:00:00Z,Adjuvanted Quadrivalent Influenza Vaccine Seqirus,2023-11-05T00:00:00Z,Adjuvanted Quadrivalent Influenza Vaccine Seqirus,2024-11-14T00:00:00Z,Adjuvanted Quadrivalent Influenza Vaccine Seqirus,1,4
2215,837S0213,2024-05-21,64,Female,G41,Primary,NA,NA,2021-12-30,2021-12-30,2021-11-13T00:00:00Z,Flucelvax Tetra Vaccine Seqirus,2022-11-26T00:00:00Z,Cell-based Quadrivalent Influenza Vaccine Seqirus,NA,NA,NA,NA,3,2
2216,837S1010,2025-05-02,35,Female,G14,Primary,2022-02-04,2022-02-04,2021-07-08,2021-12-18,NA,NA,NA,NA,NA,NA,NA,NA,>4,0
2217,837S1477,2025-05-07,87,Female,G44,Primary,NA,NA,NA,NA,2021-10-14T00:00:00Z,Fluad Tetra Vaccine Seqirus,2022-09-19T00:00:00Z,Adjuvanted Quadrivalent Influenza Vaccine Seqirus,2023-10-03T00:00:00Z,Adjuvanted Quadrivalent Influenza Vaccine Seqirus,2024-11-09T00:00:00Z,Adjuvanted Quadrivalent Influenza Vaccine Seqirus,1,4
2218,837S1360,2025-05-06,54,Female,PA28,Primary,NA,NA,NA,NA,NA,NA,NA,NA,NA,NA,NA,NA,>4,0
2219,837S0022,2024-05-21,59,Male,G41,Secondary,2021-10-02,2021-10-02,2021-05-21,2021-06-04,2021-12-05T00:00:00Z,Flucelvax Tetra Vaccine Seqirus,NA,NA,2023-11-09T00:00:00Z,Cell-based Quadrivalent Influenza Vaccine Seqirus,NA,NA,2,2
2220,837S1338,2025-05-06,28,Female,G53,Primary,NA,NA,NA,NA,NA,NA,NA,NA,NA,NA,NA,NA,>4,0
2221,837S0446,2024-05-23,72,Male,G14,Primary,NA,NA,NA,NA,2021-11-19T00:00:00Z,Fluad Tetra Vaccine Seqirus,2022-10-03T00:00:00Z,Adjuvanted Quadrivalent Influenza Vaccine Seqirus,NA,NA,NA,NA,3,2
2222,837S0915,2024-05-29,28,Female,PA28,Primary,NA,NA,2021-07-12,2021-12-28,2021-10-18T00:00:00Z,Flucelvax Tetra Vaccine Seqirus,NA,NA,NA,NA,NA,NA,4,1
2223,837S1437,2025-05-06,50,Male,G81,Primary,NA,NA,NA,NA,NA,NA,NA,NA,NA,NA,NA,NA,>4,0
2224,837S0182,2024-05-22,29,Male,PA1,Secondary,2022-01-29,2022-01-29,2021-10-13,2022-04-11,NA,NA,NA,NA,NA,NA,NA,NA,>4,0
2225,837S0073,2024-05-21,74,Male,G81,Secondary,NA,NA,NA,NA,2021-11-03T00:00:00Z,Fluad Tetra Vaccine Seqirus,2022-10-29T00:00:00Z,Adjuvanted Quadrivalent Influenza Vaccine Seqirus,2023-12-11T00:00:00Z,Adjuvanted Quadrivalent Influenza Vaccine Seqirus,2024-10-05T00:00:00Z,Adjuvanted Quadrivalent Influenza Vaccine Seqirus,1,4
2226,837S0447,2024-05-22,60,Female,G3,Primary,NA,NA,2020-07-15,2022-03-23,2021-11-15T00:00:00Z,Flucelvax Tetra Vaccine Seqirus,2022-11-02T00:00:00Z,Cell-based Quadrivalent Influenza Vaccine Seqirus,2023-11-01T00:00:00Z,Cell-based Quadrivalent Influenza Vaccine Seqirus,2024-11-18T00:00:00Z,Cell-based Quadrivalent Influenza Vaccine Seqirus,1,4
2227,837S0959,2024-05-30,33,Female,G83,Secondary,2024-05-14,2024-05-14,2021-05-17,2021-09-04,NA,NA,NA,NA,NA,NA,NA,NA,>4,0
2228,837S1096,2025-05-03,84,Female,G52,Secondary,NA,NA,2020-10-16,2025-04-17,2021-10-18T00:00:00Z,Fluad Tetra Vaccine Seqirus,2022-11-09T00:00:00Z,Adjuvanted Quadrivalent Influenza Vaccine Seqirus,NA,NA,NA,NA,3,2
2229,837S0463,2024-05-22,38,Male,G77,Primary,2021-08-20,2021-08-20,NA,NA,NA,NA,NA,NA,NA,NA,NA,NA,>4,0
2230,837S0716,2024-05-29,45,Female,G61,Primary,NA,NA,NA,NA,NA,NA,NA,NA,NA,NA,NA,NA,>4,0
2231,837S0613,2024-05-28,50,Female,TD9,Secondary,NA,NA,2023-10-17,2024-06-13,NA,NA,NA,NA,NA,NA,NA,NA,>4,0
2231,837S0987,2024-05-30,50,Female,TD9,Secondary,NA,NA,2023-10-17,2024-06-13,NA,NA,NA,NA,NA,NA,NA,NA,>4,0
2232,837S0648,2024-05-28,39,Male,G42,Secondary,NA,NA,2021-11-03,2021-11-03,2021-12-12T00:00:00Z,Flucelvax Tetra Vaccine Seqirus,2022-10-31T00:00:00Z,Cell-based Quadrivalent Influenza Vaccine Seqirus,2023-11-09T00:00:00Z,Cell-based Quadrivalent Influenza Vaccine Seqirus,NA,NA,2,3
2233,837S0949,2024-05-29,33,Female,G78,Secondary,2021-02-04,2021-09-06,2020-10-13,2024-05-28,2021-10-03T00:00:00Z,Flucelvax Tetra Vaccine Seqirus,NA,NA,NA,NA,NA,NA,4,1
2234,837S0641,2024-05-28,86,Female,G66,Secondary,NA,NA,NA,NA,2021-10-20T00:00:00Z,Fluad Tetra Vaccine Seqirus,2022-09-20T00:00:00Z,Adjuvanted Quadrivalent Influenza Vaccine Seqirus,2023-11-29T00:00:00Z,Adjuvanted Quadrivalent Influenza Vaccine Seqirus,2024-11-13T00:00:00Z,Adjuvanted Quadrivalent Influenza Vaccine Seqirus,1,4
2235,837S0004,2024-05-21,61,Female,G43,Secondary,2025-06-08,2025-06-08,2022-12-16,2024-12-27,2021-12-13T00:00:00Z,Flucelvax Tetra Vaccine Seqirus,2022-11-24T00:00:00Z,Cell-based Quadrivalent Influenza Vaccine Seqirus,2023-11-27T00:00:00Z,Cell-based Quadrivalent Influenza Vaccine Seqirus,NA,NA,2,3
2236,837S0111,2024-05-21,69,Male,G81,Secondary,NA,NA,2021-07-16,2021-07-16,2021-11-20T00:00:00Z,Fluad Tetra Vaccine Seqirus,2022-10-09T00:00:00Z,Adjuvanted Quadrivalent Influenza Vaccine Seqirus,2023-11-06T00:00:00Z,Adjuvanted Quadrivalent Influenza Vaccine Seqirus,2024-10-28T00:00:00Z,Adjuvanted Quadrivalent Influenza Vaccine Seqirus,1,4
2237,837S1213,2025-05-03,64,Female,G77,Secondary,2021-12-30,2021-12-30,2020-05-19,2025-04-22,2021-11-24T00:00:00Z,Flucelvax Tetra Vaccine Seqirus,2022-10-27T00:00:00Z,Cell-based Quadrivalent Influenza Vaccine Seqirus,2023-11-17T00:00:00Z,Cell-based Quadrivalent Influenza Vaccine Seqirus,NA,NA,2,3
2238,837S0672,2024-05-27,23,Male,G51,Secondary,2022-09-26,2022-09-26,2021-03-23,2025-01-03,NA,NA,NA,NA,NA,NA,2024-11-17T00:00:00Z,Cell-based Quadrivalent Influenza Vaccine Seqirus,1,1
2239,837S0162,2024-05-22,72,Male,G73,Secondary,NA,NA,2022-01-17,2025-02-16,2021-11-17T00:00:00Z,Fluad Tetra Vaccine Seqirus,2022-09-28T00:00:00Z,Adjuvanted Quadrivalent Influenza Vaccine Seqirus,NA,NA,2024-11-21T00:00:00Z,Adjuvanted Quadrivalent Influenza Vaccine Seqirus,1,3
2240,837S0502,2024-05-27,37,Female,G78,Secondary,2022-04-27,2022-04-27,2021-07-20,2025-03-01,NA,NA,2022-09-08T00:00:00Z,Cell-based Quadrivalent Influenza Vaccine Seqirus,2023-10-06T00:00:00Z,Cell-based Quadrivalent Influenza Vaccine Seqirus,2024-10-19T00:00:00Z,Cell-based Quadrivalent Influenza Vaccine Seqirus,1,3
2241,837S0849,2024-05-29,31,Male,PA28,Primary,NA,NA,NA,NA,NA,NA,NA,NA,NA,NA,NA,NA,>4,0
2242,837S0257,2024-05-21,23,Male,G63,Secondary,NA,NA,2022-02-11,2022-06-29,NA,NA,NA,NA,NA,NA,NA,NA,>4,0
2243,837S0187,2024-05-22,40,Male,G44,Secondary,2024-06-27,2024-07-03,NA,NA,NA,NA,NA,NA,NA,NA,NA,NA,>4,0
2243,837S0573,2024-05-28,40,Male,G44,Secondary,2024-06-27,2024-07-03,NA,NA,NA,NA,NA,NA,NA,NA,NA,NA,>4,0
2244,837S1312,2025-05-06,41,Female,G5,Primary,2021-12-19,2021-12-19,2021-02-17,2021-10-04,NA,NA,NA,NA,NA,NA,NA,NA,>4,0
2245,837S0832,2024-05-28,81,Female,G51,Secondary,NA,NA,2020-10-25,2023-01-16,2021-10-21T00:00:00Z,Fluad Tetra Vaccine Seqirus,NA,NA,NA,NA,NA,NA,4,1
2246,837S0043,2024-05-21,70,Female,G77,Secondary,NA,NA,NA,NA,2021-11-26T00:00:00Z,Flucelvax Tetra Vaccine Seqirus,2022-11-07T00:00:00Z,Adjuvanted Quadrivalent Influenza Vaccine Seqirus,2023-10-25T00:00:00Z,Adjuvanted Quadrivalent Influenza Vaccine Seqirus,2024-10-21T00:00:00Z,Adjuvanted Quadrivalent Influenza Vaccine Seqirus,1,4
2247,837S0541,2024-05-23,57,Male,KA30,Secondary,NA,NA,2020-10-24,2020-10-24,NA,NA,NA,NA,NA,NA,NA,NA,>4,0
2248,837S0626,2024-05-27,51,Female,G42,Secondary,NA,NA,2020-05-30,2022-03-14,2021-12-06T00:00:00Z,Flucelvax Tetra Vaccine Seqirus,2022-11-16T00:00:00Z,Cell-based Quadrivalent Influenza Vaccine Seqirus,2024-01-24T00:00:00Z,Cell-based Quadrivalent Influenza Vaccine Seqirus,2024-11-22T00:00:00Z,Cell-based Quadrivalent Influenza Vaccine Seqirus,1,4
2249,837S1430,2025-05-07,89,Male,G61,Secondary,NA,NA,2025-03-04,2025-03-04,2021-10-12T00:00:00Z,Fluad Tetra Vaccine Seqirus,2022-11-02T00:00:00Z,Adjuvanted Quadrivalent Influenza Vaccine Seqirus,2023-11-30T00:00:00Z,Adjuvanted Quadrivalent Influenza Vaccine Seqirus,2024-12-03T00:00:00Z,Adjuvanted Quadrivalent Influenza Vaccine Seqirus,1,4
2250,837S0691,2024-05-28,92,Male,G51,Secondary,NA,NA,2021-02-27,2024-08-14,2021-10-11T00:00:00Z,Fluad Tetra Vaccine Seqirus,2022-09-20T00:00:00Z,Adjuvanted Quadrivalent Influenza Vaccine Seqirus,2023-10-31T00:00:00Z,Adjuvanted Quadrivalent Influenza Vaccine Seqirus,NA,NA,2,3
2251,837S0927,2024-05-29,59,Female,G44,Secondary,NA,NA,NA,NA,NA,NA,2022-10-20T00:00:00Z,Cell-based Quadrivalent Influenza Vaccine Seqirus,2023-10-12T00:00:00Z,Cell-based Quadrivalent Influenza Vaccine Seqirus,2024-12-05T00:00:00Z,Cell-based Quadrivalent Influenza Vaccine Seqirus,1,3
2252,837S1203,2025-05-03,43,Male,DG11,Secondary,NA,NA,2023-04-19,2025-04-28,NA,NA,NA,NA,NA,NA,NA,NA,>4,0
2253,837S0151,2024-05-21,63,Female,G22,Secondary,NA,NA,2023-11-07,2023-11-07,2021-12-15T00:00:00Z,Flucelvax Tetra Vaccine Seqirus,2022-10-17T00:00:00Z,Cell-based Quadrivalent Influenza Vaccine Seqirus,NA,NA,NA,NA,3,2
2254,837S0593,2024-05-27,46,Male,G52,Primary,NA,NA,2021-07-12,2021-07-12,NA,NA,NA,NA,NA,NA,NA,NA,>4,0
2255,837S1276,2025-05-03,84,Female,G44,Secondary,NA,NA,2025-04-20,2025-05-06,2021-11-04T00:00:00Z,Fluad Tetra Vaccine Seqirus,2022-11-19T00:00:00Z,Adjuvanted Quadrivalent Influenza Vaccine Seqirus,2024-02-21T00:00:00Z,Adjuvanted Quadrivalent Influenza Vaccine Seqirus,2024-11-19T00:00:00Z,Adjuvanted Quadrivalent Influenza Vaccine Seqirus,1,4
2256,837S0631,2024-05-28,34,Female,G51,Secondary,NA,NA,NA,NA,NA,NA,NA,NA,NA,NA,NA,NA,>4,0
2257,837S0579,2024-05-28,50,Male,G81,Secondary,NA,NA,2021-03-15,2021-07-01,2021-11-26T00:00:00Z,Flucelvax Tetra Vaccine Seqirus,NA,NA,NA,NA,NA,NA,4,1
2258,837S0735,2024-05-29,50,Male,G23,Primary,NA,NA,NA,NA,NA,NA,NA,NA,NA,NA,NA,NA,>4,0
2259,837S1308,2025-05-06,83,Male,G15,Primary,NA,NA,2020-05-26,2022-01-31,2021-10-20T00:00:00Z,Fluad Tetra Vaccine Seqirus,2022-10-03T00:00:00Z,Adjuvanted Quadrivalent Influenza Vaccine Seqirus,NA,NA,NA,NA,3,2
2260,837S0848,2024-05-30,27,Female,G41,Primary,NA,NA,NA,NA,NA,NA,2022-11-02T00:00:00Z,Cell-based Quadrivalent Influenza Vaccine Seqirus,2023-11-02T00:00:00Z,Cell-based Quadrivalent Influenza Vaccine Seqirus,2024-12-11T00:00:00Z,Cell-based Quadrivalent Influenza Vaccine Seqirus,1,3
2261,837S0416,2024-05-22,73,Female,G73,Secondary,NA,NA,NA,NA,2021-10-11T00:00:00Z,Fluad Tetra Vaccine Seqirus,NA,NA,NA,NA,2024-10-31T00:00:00Z,Adjuvanted Quadrivalent Influenza Vaccine Seqirus,1,2
2262,837S0243,2024-05-21,57,Female,G46,Primary,NA,NA,NA,NA,NA,NA,2022-12-21T00:00:00Z,Cell-based Quadrivalent Influenza Vaccine Seqirus,NA,NA,NA,NA,3,1
2263,837S0372,2024-05-22,26,Male,G53,Primary,2021-02-01,2021-05-10,2020-05-07,2021-09-11,NA,NA,NA,NA,NA,NA,NA,NA,>4,0
2264,837S0038,2024-05-22,91,Male,G77,Secondary,NA,NA,2020-06-18,2025-04-28,2021-09-27T00:00:00Z,Fluad Tetra Vaccine Seqirus,2022-10-08T00:00:00Z,Adjuvanted Quadrivalent Influenza Vaccine Seqirus,2023-10-29T00:00:00Z,Adjuvanted Quadrivalent Influenza Vaccine Seqirus,2024-10-19T00:00:00Z,Adjuvanted Quadrivalent Influenza Vaccine Seqirus,1,4
2265,837S0005,2024-05-21,82,Male,G45,Secondary,NA,NA,2021-09-01,2024-12-29,NA,NA,NA,NA,NA,NA,NA,NA,>4,0
2266,837S0476,2024-05-22,73,Female,G76,Primary,NA,NA,NA,NA,2021-12-14T00:00:00Z,Fluad Tetra Vaccine Seqirus,2022-10-09T00:00:00Z,Adjuvanted Quadrivalent Influenza Vaccine Seqirus,2023-11-11T00:00:00Z,Adjuvanted Quadrivalent Influenza Vaccine Seqirus,2024-11-30T00:00:00Z,Adjuvanted Quadrivalent Influenza Vaccine Seqirus,1,4
2267,837S1177,2025-05-03,61,Female,G76,Secondary,NA,NA,2021-02-17,2021-02-17,NA,NA,2022-12-08T00:00:00Z,Cell-based Quadrivalent Influenza Vaccine Seqirus,2023-12-17T00:00:00Z,Cell-based Quadrivalent Influenza Vaccine Seqirus,NA,NA,2,2
2268,837S0779,2024-05-30,85,Male,G62,Secondary,NA,NA,NA,NA,2021-10-21T00:00:00Z,Fluad Tetra Vaccine Seqirus,2022-10-01T00:00:00Z,Adjuvanted Quadrivalent Influenza Vaccine Seqirus,2023-10-16T00:00:00Z,Adjuvanted Quadrivalent Influenza Vaccine Seqirus,2024-10-10T00:00:00Z,Adjuvanted Quadrivalent Influenza Vaccine Seqirus,1,4
2268,837S0855,2024-05-30,85,Male,G62,Secondary,NA,NA,NA,NA,2021-10-21T00:00:00Z,Fluad Tetra Vaccine Seqirus,2022-10-01T00:00:00Z,Adjuvanted Quadrivalent Influenza Vaccine Seqirus,2023-10-16T00:00:00Z,Adjuvanted Quadrivalent Influenza Vaccine Seqirus,2024-10-10T00:00:00Z,Adjuvanted Quadrivalent Influenza Vaccine Seqirus,1,4
2269,837S0470,2024-05-21,64,Female,G44,Primary,2022-02-11,2022-02-11,2025-03-05,2025-03-13,2021-10-07T00:00:00Z,Flucelvax Tetra Vaccine Seqirus,2022-10-19T00:00:00Z,Cell-based Quadrivalent Influenza Vaccine Seqirus,2023-09-06T00:00:00Z,Cell-based Quadrivalent Influenza Vaccine Seqirus,2024-10-08T00:00:00Z,Adjuvanted Quadrivalent Influenza Vaccine Seqirus,1,4
2270,837S1138,2025-05-02,39,Female,G81,Primary,NA,NA,2021-09-02,2021-09-02,NA,NA,NA,NA,NA,NA,NA,NA,>4,0
2271,837S1175,2025-05-02,63,Male,G45,Primary,NA,NA,NA,NA,NA,NA,2022-10-12T00:00:00Z,Cell-based Quadrivalent Influenza Vaccine Seqirus,NA,NA,NA,NA,3,1
2272,837S0954,2024-05-30,32,Male,G53,Secondary,NA,NA,2022-01-16,2024-02-12,NA,NA,NA,NA,NA,NA,NA,NA,>4,0
2273,837S1235,2025-05-03,59,Female,G77,Secondary,2020-10-22,2020-10-22,2020-09-02,2021-12-29,NA,NA,2022-10-29T00:00:00Z,Cell-based Quadrivalent Influenza Vaccine Seqirus,2023-09-09T00:00:00Z,Cell-based Quadrivalent Influenza Vaccine Seqirus,NA,NA,2,2
2274,837S1011,2025-05-02,50,Female,G77,Primary,2020-05-26,2020-05-26,2021-07-27,2022-03-21,NA,NA,NA,NA,NA,NA,NA,NA,>4,0
2275,837S0544,2024-05-27,41,Female,G43,Primary,2021-10-10,2021-10-10,2020-08-12,2023-11-24,2021-11-21T00:00:00Z,Flucelvax Tetra Vaccine Seqirus,NA,NA,NA,NA,NA,NA,4,1
2276,837S1074,2025-05-03,71,Female,G41,Secondary,NA,NA,NA,NA,2021-11-21T00:00:00Z,Fluad Tetra Vaccine Seqirus,2022-12-01T00:00:00Z,Adjuvanted Quadrivalent Influenza Vaccine Seqirus,NA,NA,NA,NA,3,2
2277,837S1022,2025-05-03,88,Male,G13,Secondary,NA,NA,NA,NA,2021-10-19T00:00:00Z,Fluad Tetra Vaccine Seqirus,2022-09-07T00:00:00Z,Adjuvanted Quadrivalent Influenza Vaccine Seqirus,2023-10-24T00:00:00Z,Adjuvanted Quadrivalent Influenza Vaccine Seqirus,2024-10-27T00:00:00Z,Adjuvanted Quadrivalent Influenza Vaccine Seqirus,1,4
2278,837S1483,2025-05-07,66,Female,PA3,Secondary,NA,NA,2023-06-27,2023-12-27,2021-11-22T00:00:00Z,Flucelvax Tetra Vaccine Seqirus,2022-10-19T00:00:00Z,Cell-based Quadrivalent Influenza Vaccine Seqirus,NA,NA,NA,NA,3,2
2279,837S0558,2024-05-27,82,Male,G12,Secondary,NA,NA,2020-09-09,2021-12-20,2021-09-30T00:00:00Z,Fluad Tetra Vaccine Seqirus,2022-09-05T00:00:00Z,Adjuvanted Quadrivalent Influenza Vaccine Seqirus,2023-10-19T00:00:00Z,Adjuvanted Quadrivalent Influenza Vaccine Seqirus,2024-10-22T00:00:00Z,Adjuvanted Quadrivalent Influenza Vaccine Seqirus,1,4
2280,837S0252,2024-05-21,39,Female,G3,Primary,NA,NA,2020-12-22,2024-03-03,NA,NA,2022-11-25T00:00:00Z,Cell-based Quadrivalent Influenza Vaccine Seqirus,NA,NA,2024-11-20T00:00:00Z,Cell-based Quadrivalent Influenza Vaccine Seqirus,1,2
2281,837S1258,2025-05-03,78,Female,G69,Secondary,NA,NA,NA,NA,NA,NA,NA,NA,NA,NA,NA,NA,>4,0
2282,837S0572,2024-05-28,59,Male,ML11,Secondary,NA,NA,NA,NA,NA,NA,NA,NA,NA,NA,NA,NA,>4,0
2283,837S0829,2024-05-29,67,Female,G53,Primary,NA,NA,2020-03-29,2021-02-24,2021-12-05T00:00:00Z,Fluad Tetra Vaccine Seqirus,2022-10-20T00:00:00Z,Adjuvanted Quadrivalent Influenza Vaccine Seqirus,2023-12-02T00:00:00Z,Adjuvanted Quadrivalent Influenza Vaccine Seqirus,2024-10-24T00:00:00Z,Adjuvanted Quadrivalent Influenza Vaccine Seqirus,1,4
2284,837S1388,2025-05-07,58,Male,G77,Secondary,2022-03-07,2022-03-07,2021-09-01,2022-01-20,2021-10-23T00:00:00Z,Flucelvax Tetra Vaccine Seqirus,2022-10-27T00:00:00Z,Cell-based Quadrivalent Influenza Vaccine Seqirus,2023-10-13T00:00:00Z,Cell-based Quadrivalent Influenza Vaccine Seqirus,2024-12-07T00:00:00Z,Cell-based Quadrivalent Influenza Vaccine Seqirus,1,4
2285,837S0840,2024-05-28,65,Male,G46,Secondary,NA,NA,2021-05-31,2022-08-23,NA,NA,NA,NA,NA,NA,NA,NA,>4,0
2286,837S0237,2024-05-21,35,Female,G20,Secondary,NA,NA,2020-12-07,2022-10-18,2021-11-03T00:00:00Z,Flucelvax Tetra Vaccine Seqirus,NA,NA,NA,NA,NA,NA,4,1
2287,837S0719,2024-05-29,28,Female,G76,Primary,2021-12-15,2021-12-15,2020-11-04,2021-10-04,NA,NA,NA,NA,NA,NA,NA,NA,>4,0
2288,837S0811,2024-05-30,64,Male,G42,Secondary,NA,NA,2020-09-17,2024-05-23,2021-11-15T00:00:00Z,Flucelvax Tetra Vaccine Seqirus,NA,NA,NA,NA,NA,NA,4,1
2289,837S0245,2024-05-21,85,Female,G61,Primary,NA,NA,NA,NA,2021-10-20T00:00:00Z,Fluad Tetra Vaccine Seqirus,2022-11-18T00:00:00Z,Adjuvanted Quadrivalent Influenza Vaccine Seqirus,2023-12-11T00:00:00Z,Adjuvanted Quadrivalent Influenza Vaccine Seqirus,NA,NA,2,3
2290,837S1231,2025-05-03,58,Male,G43,Secondary,2022-01-05,2022-01-05,2021-08-17,2021-12-11,NA,NA,NA,NA,2023-09-10T00:00:00Z,Cell-based Quadrivalent Influenza Vaccine Seqirus,NA,NA,2,1
2291,837S0018,2024-05-22,79,Male,G76,Secondary,NA,NA,2022-05-03,2022-07-29,2021-10-31T00:00:00Z,Fluad Tetra Vaccine Seqirus,2022-10-27T00:00:00Z,Adjuvanted Quadrivalent Influenza Vaccine Seqirus,2023-11-12T00:00:00Z,Adjuvanted Quadrivalent Influenza Vaccine Seqirus,NA,NA,2,3
2292,837S0653,2024-05-24,75,Female,G66,Secondary,NA,NA,2023-08-22,2025-02-03,NA,NA,2022-10-18T00:00:00Z,Adjuvanted Quadrivalent Influenza Vaccine Seqirus,NA,NA,NA,NA,3,1
2293,837S1239,2025-05-02,33,Female,G81,Secondary,2021-12-30,2021-12-30,NA,NA,2021-10-03T00:00:00Z,Flucelvax Tetra Vaccine Seqirus,NA,NA,NA,NA,NA,NA,4,1
2294,837S0161,2024-05-21,57,Male,G72,Secondary,NA,NA,NA,NA,NA,NA,NA,NA,NA,NA,NA,NA,>4,0
2295,837S0644,2024-05-28,26,Female,G64,Secondary,NA,NA,NA,NA,2021-12-13T00:00:00Z,Flucelvax Tetra Vaccine Seqirus,NA,NA,2024-02-01T00:00:00Z,Cell-based Quadrivalent Influenza Vaccine Seqirus,NA,NA,2,2
2296,837S1044,2025-05-03,54,Female,G33,Secondary,NA,NA,2025-04-29,2025-04-29,NA,NA,NA,NA,NA,NA,NA,NA,>4,0
2297,837S1054,2025-05-03,80,Male,G73,Secondary,NA,NA,2025-05-06,2025-05-07,NA,NA,NA,NA,NA,NA,NA,NA,>4,0
2298,837S1173,2025-05-02,36,Female,G42,Primary,NA,NA,2020-07-23,2022-08-10,NA,NA,2022-09-15T00:00:00Z,Cell-based Quadrivalent Influenza Vaccine Seqirus,2023-10-09T00:00:00Z,Cell-based Quadrivalent Influenza Vaccine Seqirus,2024-12-20T00:00:00Z,Cell-based Quadrivalent Influenza Vaccine Seqirus,1,3
2299,837S0890,2024-05-30,76,Female,G51,Secondary,NA,NA,2021-01-12,2021-01-12,2021-10-20T00:00:00Z,Fluad Tetra Vaccine Seqirus,2022-09-21T00:00:00Z,Adjuvanted Quadrivalent Influenza Vaccine Seqirus,2023-11-02T00:00:00Z,Adjuvanted Quadrivalent Influenza Vaccine Seqirus,2024-10-06T00:00:00Z,Adjuvanted Quadrivalent Influenza Vaccine Seqirus,1,4
2300,837S0136,2024-05-22,69,Female,G62,Secondary,NA,NA,2021-10-20,2021-10-20,2021-11-04T00:00:00Z,Fluad Tetra Vaccine Seqirus,2022-09-30T00:00:00Z,Adjuvanted Quadrivalent Influenza Vaccine Seqirus,2023-10-12T00:00:00Z,Cell-based Quadrivalent Influenza Vaccine Seqirus,2024-10-31T00:00:00Z,Adjuvanted Quadrivalent Influenza Vaccine Seqirus,1,4
2300,837S0636,2024-05-28,69,Female,G62,Secondary,NA,NA,2021-10-20,2021-10-20,2021-11-04T00:00:00Z,Fluad Tetra Vaccine Seqirus,2022-09-30T00:00:00Z,Adjuvanted Quadrivalent Influenza Vaccine Seqirus,2023-10-12T00:00:00Z,Cell-based Quadrivalent Influenza Vaccine Seqirus,2024-10-31T00:00:00Z,Adjuvanted Quadrivalent Influenza Vaccine Seqirus,1,4
2301,837S1407,2025-05-07,44,Male,G52,Secondary,NA,NA,2020-10-08,2020-10-08,NA,NA,NA,NA,NA,NA,NA,NA,>4,0
2302,837S0215,2024-05-21,77,Female,G44,Secondary,NA,NA,2021-06-19,2021-11-06,2021-10-28T00:00:00Z,Fluad Tetra Vaccine Seqirus,2022-09-26T00:00:00Z,Adjuvanted Quadrivalent Influenza Vaccine Seqirus,2023-11-11T00:00:00Z,Adjuvanted Quadrivalent Influenza Vaccine Seqirus,2025-01-04T00:00:00Z,Adjuvanted Quadrivalent Influenza Vaccine Seqirus,1,4
2303,837S0353,2024-05-22,52,Female,PA28,Primary,NA,NA,2020-05-16,2020-05-16,NA,NA,NA,NA,NA,NA,NA,NA,>4,0
2304,837S0764,2024-05-28,78,Male,G44,Primary,2024-03-27,2024-03-27,2021-12-24,2021-12-24,2021-10-28T00:00:00Z,Fluad Tetra Vaccine Seqirus,2022-09-22T00:00:00Z,Adjuvanted Quadrivalent Influenza Vaccine Seqirus,2023-10-16T00:00:00Z,Adjuvanted Quadrivalent Influenza Vaccine Seqirus,2024-11-04T00:00:00Z,Adjuvanted Quadrivalent Influenza Vaccine Seqirus,1,4
2305,837S1358,2025-05-06,63,Female,G44,Primary,NA,NA,2021-02-24,2021-02-24,NA,NA,2022-11-13T00:00:00Z,Cell-based Quadrivalent Influenza Vaccine Seqirus,2023-10-12T00:00:00Z,Cell-based Quadrivalent Influenza Vaccine Seqirus,2025-03-22T00:00:00Z,Cell-based Quadrivalent Influenza Vaccine Seqirus,1,3
2306,837S0179,2024-05-21,72,Female,G51,Secondary,NA,NA,NA,NA,NA,NA,NA,NA,2024-01-16T00:00:00Z,Adjuvanted Quadrivalent Influenza Vaccine Seqirus,NA,NA,2,1
2307,837S0978,2024-05-30,66,Male,G53,Secondary,2021-07-14,2021-07-15,2021-12-23,2025-03-23,2021-12-05T00:00:00Z,Flucelvax Tetra Vaccine Seqirus,2022-11-16T00:00:00Z,Adjuvanted Quadrivalent Influenza Vaccine Seqirus,2023-12-01T00:00:00Z,Adjuvanted Quadrivalent Influenza Vaccine Seqirus,2024-09-23T00:00:00Z,Adjuvanted Quadrivalent Influenza Vaccine Seqirus,1,4
2308,837S1330,2025-05-06,64,Male,G12,Primary,NA,NA,NA,NA,2021-11-29T00:00:00Z,Flucelvax Tetra Vaccine Seqirus,NA,NA,NA,NA,NA,NA,4,1
2309,837S0438,2024-05-22,59,Female,G76,Primary,NA,NA,2021-12-21,2021-12-21,2021-10-17T00:00:00Z,Flucelvax Tetra Vaccine Seqirus,2022-09-09T00:00:00Z,Cell-based Quadrivalent Influenza Vaccine Seqirus,2023-10-06T00:00:00Z,Cell-based Quadrivalent Influenza Vaccine Seqirus,2024-10-10T00:00:00Z,Cell-based Quadrivalent Influenza Vaccine Seqirus,1,4
2310,837S1275,2025-05-02,64,Female,G77,Primary,2022-03-04,2022-03-04,2021-12-13,2021-12-13,2021-11-24T00:00:00Z,Flucelvax Tetra Vaccine Seqirus,2022-11-27T00:00:00Z,Cell-based Quadrivalent Influenza Vaccine Seqirus,2023-12-02T00:00:00Z,Cell-based Quadrivalent Influenza Vaccine Seqirus,NA,NA,2,3
2311,837S0316,2024-05-23,52,Male,G11,Primary,2022-03-16,2022-03-16,2020-09-09,2021-10-15,2021-12-07T00:00:00Z,Flucelvax Tetra Vaccine Seqirus,2022-11-22T00:00:00Z,Cell-based Quadrivalent Influenza Vaccine Seqirus,2023-09-28T00:00:00Z,Cell-based Quadrivalent Influenza Vaccine Seqirus,2024-12-10T00:00:00Z,Cell-based Quadrivalent Influenza Vaccine Seqirus,1,4
2312,837S1217,2025-05-03,36,Female,G51,Secondary,NA,NA,2022-01-02,2022-01-02,2021-12-08T00:00:00Z,Flucelvax Tetra Vaccine Seqirus,2022-10-30T00:00:00Z,Cell-based Quadrivalent Influenza Vaccine Seqirus,NA,NA,NA,NA,3,2
2313,837S0011,2024-05-21,38,Female,G42,Secondary,NA,NA,2022-01-06,2022-01-06,NA,NA,NA,NA,NA,NA,NA,NA,>4,0
2314,837S0535,2024-05-27,39,Female,G21,Primary,2021-12-24,2021-12-24,2021-06-29,2021-09-25,NA,NA,NA,NA,NA,NA,NA,NA,>4,0
2315,837S0517,2024-05-27,61,Female,G81,Primary,NA,NA,2021-06-09,2021-06-09,2021-12-08T00:00:00Z,Flucelvax Tetra Vaccine Seqirus,2023-01-09T00:00:00Z,Cell-based Quadrivalent Influenza Vaccine Seqirus,NA,NA,NA,NA,3,2
2316,837S0549,2024-05-28,37,Female,G15,Secondary,NA,NA,NA,NA,NA,NA,NA,NA,NA,NA,NA,NA,>4,0
2317,837S1201,2025-05-03,20,Female,G42,Secondary,NA,NA,2021-05-06,2025-05-03,NA,NA,NA,NA,NA,NA,NA,NA,>4,0
2318,837S0301,2024-05-22,23,Female,G2,Primary,NA,NA,2021-09-04,2021-09-04,NA,NA,NA,NA,NA,NA,NA,NA,>4,0
2319,837S0687,2024-05-27,77,Female,G81,Primary,NA,NA,2020-12-11,2020-12-11,2021-10-28T00:00:00Z,Fluad Tetra Vaccine Seqirus,2022-10-15T00:00:00Z,Adjuvanted Quadrivalent Influenza Vaccine Seqirus,2023-11-20T00:00:00Z,Adjuvanted Quadrivalent Influenza Vaccine Seqirus,2024-10-26T00:00:00Z,Adjuvanted Quadrivalent Influenza Vaccine Seqirus,1,4
2320,837S1146,2025-05-03,60,Male,PA2,Secondary,NA,NA,2020-10-31,2024-05-13,2021-12-05T00:00:00Z,Flucelvax Tetra Vaccine Seqirus,2022-10-30T00:00:00Z,Cell-based Quadrivalent Influenza Vaccine Seqirus,2023-10-15T00:00:00Z,Cell-based Quadrivalent Influenza Vaccine Seqirus,NA,NA,2,3
2321,837S0836,2024-05-29,19,Male,G43,Primary,NA,NA,2020-09-12,2020-12-03,NA,NA,NA,NA,NA,NA,NA,NA,>4,0
2322,837S0337,2024-05-23,50,Female,G32,Secondary,2021-12-19,2021-12-19,2020-05-04,2022-06-18,2021-10-01T00:00:00Z,Flucelvax Tetra Vaccine Seqirus,2022-11-18T00:00:00Z,Cell-based Quadrivalent Influenza Vaccine Seqirus,2023-11-08T00:00:00Z,Cell-based Quadrivalent Influenza Vaccine Seqirus,NA,NA,2,3
2323,837S1424,2025-05-07,33,Female,PA2,Secondary,NA,NA,2021-08-30,2021-08-30,NA,NA,NA,NA,NA,NA,2025-02-03T00:00:00Z,Cell-based Quadrivalent Influenza Vaccine Seqirus,1,1
2324,837S0096,2024-05-21,55,Female,G51,Primary,NA,NA,NA,NA,2021-12-09T00:00:00Z,Flucelvax Tetra Vaccine Seqirus,2022-11-27T00:00:00Z,Cell-based Quadrivalent Influenza Vaccine Seqirus,NA,NA,NA,NA,3,2
2325,837S0220,2024-05-21,31,Female,G42,Primary,NA,NA,2021-10-05,2021-10-05,NA,NA,NA,NA,2023-11-23T00:00:00Z,Cell-based Quadrivalent Influenza Vaccine Seqirus,NA,NA,2,1
2326,837S0944,2024-05-30,60,Male,G72,Secondary,NA,NA,NA,NA,NA,NA,NA,NA,NA,NA,NA,NA,>4,0
2327,837S0023,2024-05-22,66,Male,G69,Secondary,NA,NA,2022-04-10,2022-04-24,NA,NA,2022-10-07T00:00:00Z,Adjuvanted Quadrivalent Influenza Vaccine Seqirus,NA,NA,NA,NA,3,1
2327,837S0602,2024-05-28,66,Male,G69,Secondary,NA,NA,2022-04-10,2022-04-24,NA,NA,2022-10-07T00:00:00Z,Adjuvanted Quadrivalent Influenza Vaccine Seqirus,NA,NA,NA,NA,3,1
2328,837S1454,2025-05-08,81,Male,PA19,Secondary,NA,NA,NA,NA,2021-09-30T00:00:00Z,Fluad Tetra Vaccine Seqirus,2022-11-13T00:00:00Z,Adjuvanted Quadrivalent Influenza Vaccine Seqirus,2023-10-29T00:00:00Z,Adjuvanted Quadrivalent Influenza Vaccine Seqirus,2024-10-23T00:00:00Z,Adjuvanted Quadrivalent Influenza Vaccine Seqirus,1,4
2329,837S0663,2024-05-23,68,Male,G61,Primary,NA,NA,2021-07-07,2021-07-07,2021-11-09T00:00:00Z,Fluad Tetra Vaccine Seqirus,2022-09-30T00:00:00Z,Adjuvanted Quadrivalent Influenza Vaccine Seqirus,2023-10-09T00:00:00Z,Adjuvanted Quadrivalent Influenza Vaccine Seqirus,2024-12-09T00:00:00Z,Adjuvanted Quadrivalent Influenza Vaccine Seqirus,1,4
2330,837S0167,2024-05-22,40,Female,KA11,Secondary,2024-01-17,2024-01-17,2023-10-02,2024-06-03,NA,NA,NA,NA,NA,NA,NA,NA,>4,0
2331,837S0030,2024-05-21,51,Female,G46,Secondary,NA,NA,2022-01-24,2024-12-27,NA,NA,2022-11-03T00:00:00Z,Cell-based Quadrivalent Influenza Vaccine Seqirus,NA,NA,NA,NA,3,1
2332,837S0202,2024-05-21,33,Female,G45,Primary,NA,NA,NA,NA,NA,NA,NA,NA,NA,NA,NA,NA,>4,0
2333,837S0741,2024-05-29,29,Male,G42,Primary,NA,NA,NA,NA,NA,NA,NA,NA,2023-09-20T00:00:00Z,Cell-based Quadrivalent Influenza Vaccine Seqirus,NA,NA,2,1
2334,837S0510,2024-05-28,47,Male,G53,Secondary,NA,NA,NA,NA,NA,NA,NA,NA,2023-11-15T00:00:00Z,Cell-based Quadrivalent Influenza Vaccine Seqirus,NA,NA,2,1
2335,837S1052,2025-05-02,89,Female,G81,Primary,2023-09-19,2023-09-19,NA,NA,2021-10-13T00:00:00Z,Fluad Tetra Vaccine Seqirus,2022-09-24T00:00:00Z,Adjuvanted Quadrivalent Influenza Vaccine Seqirus,2024-01-08T00:00:00Z,Adjuvanted Quadrivalent Influenza Vaccine Seqirus,2024-10-13T00:00:00Z,Adjuvanted Quadrivalent Influenza Vaccine Seqirus,1,4
2336,837S0484,2024-05-22,78,Female,G46,Primary,NA,NA,NA,NA,2021-10-30T00:00:00Z,Fluad Tetra Vaccine Seqirus,2022-09-30T00:00:00Z,Adjuvanted Quadrivalent Influenza Vaccine Seqirus,2023-11-03T00:00:00Z,Adjuvanted Quadrivalent Influenza Vaccine Seqirus,2024-10-20T00:00:00Z,Adjuvanted Quadrivalent Influenza Vaccine Seqirus,1,4
2337,837S0175,2024-05-22,77,Male,G44,Secondary,2022-02-16,2022-02-16,2024-05-19,2024-05-20,2021-09-28T00:00:00Z,Fluad Tetra Vaccine Seqirus,2022-09-22T00:00:00Z,Adjuvanted Quadrivalent Influenza Vaccine Seqirus,2023-11-12T00:00:00Z,Adjuvanted Quadrivalent Influenza Vaccine Seqirus,2024-10-27T00:00:00Z,Adjuvanted Quadrivalent Influenza Vaccine Seqirus,1,4
2337,837S0761,2024-05-28,77,Male,G44,Secondary,2022-02-16,2022-02-16,2024-05-19,2024-05-20,2021-09-28T00:00:00Z,Fluad Tetra Vaccine Seqirus,2022-09-22T00:00:00Z,Adjuvanted Quadrivalent Influenza Vaccine Seqirus,2023-11-12T00:00:00Z,Adjuvanted Quadrivalent Influenza Vaccine Seqirus,2024-10-27T00:00:00Z,Adjuvanted Quadrivalent Influenza Vaccine Seqirus,1,4
2338,837S0551,2024-05-27,57,Female,G81,Primary,2022-01-05,2022-01-05,2020-03-06,2025-06-06,NA,NA,2022-09-12T00:00:00Z,Cell-based Quadrivalent Influenza Vaccine Seqirus,2023-09-11T00:00:00Z,Cell-based Quadrivalent Influenza Vaccine Seqirus,NA,NA,2,2
2339,837S0696,2024-05-28,83,Male,PA10,Secondary,2022-12-29,2022-12-29,2020-07-04,2024-08-15,2021-10-20T00:00:00Z,Fluad Tetra Vaccine Seqirus,2022-10-12T00:00:00Z,Adjuvanted Quadrivalent Influenza Vaccine Seqirus,2023-10-25T00:00:00Z,Adjuvanted Quadrivalent Influenza Vaccine Seqirus,NA,NA,2,3
2340,837S1190,2025-05-02,56,Female,G41,Secondary,NA,NA,2020-09-17,2022-01-03,2021-10-06T00:00:00Z,Flucelvax Tetra Vaccine Seqirus,2022-09-21T00:00:00Z,Cell-based Quadrivalent Influenza Vaccine Seqirus,2023-10-17T00:00:00Z,Cell-based Quadrivalent Influenza Vaccine Seqirus,2024-11-10T00:00:00Z,Cell-based Quadrivalent Influenza Vaccine Seqirus,1,4
2341,837S0488,2024-05-22,82,Female,G77,Primary,NA,NA,2023-01-04,2023-01-04,2021-10-20T00:00:00Z,Fluad Tetra Vaccine Seqirus,2022-09-18T00:00:00Z,Adjuvanted Quadrivalent Influenza Vaccine Seqirus,2023-10-29T00:00:00Z,Adjuvanted Quadrivalent Influenza Vaccine Seqirus,2024-10-19T00:00:00Z,Adjuvanted Quadrivalent Influenza Vaccine Seqirus,1,4
2342,837S1238,2025-05-02,66,Female,G77,Primary,NA,NA,NA,NA,2021-11-22T00:00:00Z,Flucelvax Tetra Vaccine Seqirus,2022-11-27T00:00:00Z,Cell-based Quadrivalent Influenza Vaccine Seqirus,2023-12-15T00:00:00Z,Adjuvanted Quadrivalent Influenza Vaccine Seqirus,2024-11-24T00:00:00Z,Adjuvanted Quadrivalent Influenza Vaccine Seqirus,1,4
2343,837S0770,2024-05-30,50,Female,KA1,Secondary,NA,NA,2024-03-27,2024-06-10,NA,NA,NA,NA,NA,NA,NA,NA,>4,0
2344,837S1055,2025-05-02,66,Female,G46,Primary,2021-02-26,2021-02-26,NA,NA,2021-11-25T00:00:00Z,Flucelvax Tetra Vaccine Seqirus,NA,NA,2023-11-16T00:00:00Z,Cell-based Quadrivalent Influenza Vaccine Seqirus,2024-09-24T00:00:00Z,Adjuvanted Quadrivalent Influenza Vaccine Seqirus,1,3
2345,837S1363,2025-05-06,80,Female,G14,Primary,NA,NA,2022-01-04,2022-01-04,2021-10-22T00:00:00Z,Fluad Tetra Vaccine Seqirus,2022-09-21T00:00:00Z,Adjuvanted Quadrivalent Influenza Vaccine Seqirus,2023-10-23T00:00:00Z,Adjuvanted Quadrivalent Influenza Vaccine Seqirus,2024-10-24T00:00:00Z,Adjuvanted Quadrivalent Influenza Vaccine Seqirus,1,4
2346,837S1062,2025-05-02,76,Male,G43,Primary,NA,NA,NA,NA,2021-11-06T00:00:00Z,Fluad Tetra Vaccine Seqirus,2022-10-13T00:00:00Z,Adjuvanted Quadrivalent Influenza Vaccine Seqirus,NA,NA,2024-11-30T00:00:00Z,Adjuvanted Quadrivalent Influenza Vaccine Seqirus,1,3
2347,837S0156,2024-05-21,49,Male,PA2,Secondary,NA,NA,2021-09-30,2023-06-20,NA,NA,2022-09-22T00:00:00Z,Cell-based Quadrivalent Influenza Vaccine Seqirus,NA,NA,NA,NA,3,1
2348,837S0511,2024-05-28,61,Male,G53,Secondary,NA,NA,2023-11-09,2024-06-16,2021-11-13T00:00:00Z,Flucelvax Tetra Vaccine Seqirus,NA,NA,NA,NA,NA,NA,4,1
2349,837S0458,2024-05-23,41,Male,G31,Secondary,NA,NA,2021-11-28,2021-11-28,NA,NA,NA,NA,NA,NA,NA,NA,>4,0
2350,837S0302,2024-05-23,82,Female,G53,Secondary,NA,NA,2020-12-23,2024-06-07,2021-10-17T00:00:00Z,Fluad Tetra Vaccine Seqirus,2022-10-29T00:00:00Z,Adjuvanted Quadrivalent Influenza Vaccine Seqirus,2023-10-01T00:00:00Z,Adjuvanted Quadrivalent Influenza Vaccine Seqirus,2024-12-05T00:00:00Z,Adjuvanted Quadrivalent Influenza Vaccine Seqirus,1,4
2351,837S0324,2024-05-22,85,Female,G44,Primary,NA,NA,NA,NA,NA,NA,2022-09-20T00:00:00Z,Adjuvanted Quadrivalent Influenza Vaccine Seqirus,2023-09-11T00:00:00Z,Adjuvanted Quadrivalent Influenza Vaccine Seqirus,2024-11-06T00:00:00Z,Adjuvanted Quadrivalent Influenza Vaccine Seqirus,1,3
2352,837S0321,2024-05-23,81,Male,G52,Secondary,2021-11-01,2021-11-01,NA,NA,2021-10-22T00:00:00Z,Fluad Tetra Vaccine Seqirus,2022-09-22T00:00:00Z,Adjuvanted Quadrivalent Influenza Vaccine Seqirus,2023-10-31T00:00:00Z,Adjuvanted Quadrivalent Influenza Vaccine Seqirus,2024-10-17T00:00:00Z,Adjuvanted Quadrivalent Influenza Vaccine Seqirus,1,4
2353,837S0703,2024-05-29,77,Female,G52,Primary,NA,NA,2020-05-06,2021-09-20,2021-11-02T00:00:00Z,Fluad Tetra Vaccine Seqirus,2022-09-22T00:00:00Z,Adjuvanted Quadrivalent Influenza Vaccine Seqirus,2023-12-17T00:00:00Z,Adjuvanted Quadrivalent Influenza Vaccine Seqirus,2024-10-12T00:00:00Z,Adjuvanted Quadrivalent Influenza Vaccine Seqirus,1,4
2354,837S0384,2024-05-23,64,Female,G61,Primary,NA,NA,NA,NA,2021-11-08T00:00:00Z,Flucelvax Tetra Vaccine Seqirus,2022-11-03T00:00:00Z,Cell-based Quadrivalent Influenza Vaccine Seqirus,2023-09-07T00:00:00Z,Cell-based Quadrivalent Influenza Vaccine Seqirus,2024-10-28T00:00:00Z,Adjuvanted Quadrivalent Influenza Vaccine Seqirus,1,4
2355,837S0067,2024-05-21,92,Male,G14,Secondary,NA,NA,NA,NA,2021-11-09T00:00:00Z,Fluad Tetra Vaccine Seqirus,2022-09-21T00:00:00Z,Adjuvanted Quadrivalent Influenza Vaccine Seqirus,NA,NA,NA,NA,3,2
2356,837S1390,2025-05-06,55,Male,G44,Primary,NA,NA,NA,NA,2021-09-26T00:00:00Z,Flucelvax Tetra Vaccine Seqirus,2022-09-09T00:00:00Z,Cell-based Quadrivalent Influenza Vaccine Seqirus,NA,NA,NA,NA,3,2
2357,837S1153,2025-05-02,18,Female,G41,Primary,NA,NA,NA,NA,NA,NA,NA,NA,NA,NA,NA,NA,>4,0
2358,837S0788,2024-05-29,50,Female,G3,Primary,NA,NA,NA,NA,NA,NA,NA,NA,NA,NA,NA,NA,>4,0
2359,837S0017,2024-05-21,63,Female,G73,Secondary,NA,NA,2021-06-21,2025-04-04,NA,NA,NA,NA,NA,NA,NA,NA,>4,0
2360,837S1229,2025-05-03,66,Male,G43,Secondary,2022-10-28,2022-10-28,2021-03-21,2022-09-27,2021-11-30T00:00:00Z,Flucelvax Tetra Vaccine Seqirus,NA,NA,NA,NA,NA,NA,4,1
2361,837S0916,2024-05-30,37,Male,G13,Secondary,2021-06-13,2021-12-26,2020-10-27,2021-11-18,NA,NA,NA,NA,NA,NA,NA,NA,>4,0
2362,837S0552,2024-05-28,72,Male,G81,Secondary,NA,NA,2021-06-26,2024-11-25,2021-11-04T00:00:00Z,Fluad Tetra Vaccine Seqirus,2022-10-29T00:00:00Z,Adjuvanted Quadrivalent Influenza Vaccine Seqirus,NA,NA,2024-12-14T00:00:00Z,Adjuvanted Quadrivalent Influenza Vaccine Seqirus,1,3
2363,837S1135,2025-05-03,72,Male,G43,Secondary,NA,NA,NA,NA,NA,NA,NA,NA,NA,NA,NA,NA,>4,0
2364,837S0115,2024-05-21,81,Female,ML8,Secondary,NA,NA,NA,NA,NA,NA,NA,NA,NA,NA,NA,NA,>4,0
2365,837S0409,2024-05-22,66,Male,G53,Primary,2021-11-11,2021-11-25,2023-04-04,2025-03-06,2021-12-13T00:00:00Z,Fluad Tetra Vaccine Seqirus,2022-11-23T00:00:00Z,Cell-based Quadrivalent Influenza Vaccine Seqirus,2023-11-11T00:00:00Z,Adjuvanted Quadrivalent Influenza Vaccine Seqirus,2024-11-07T00:00:00Z,Adjuvanted Quadrivalent Influenza Vaccine Seqirus,1,4
2366,837S1371,2025-05-06,76,Male,G41,Primary,NA,NA,2020-07-30,2023-07-28,2021-10-18T00:00:00Z,Fluad Tetra Vaccine Seqirus,2022-09-29T00:00:00Z,Adjuvanted Quadrivalent Influenza Vaccine Seqirus,2023-10-19T00:00:00Z,Adjuvanted Quadrivalent Influenza Vaccine Seqirus,2024-10-13T00:00:00Z,Adjuvanted Quadrivalent Influenza Vaccine Seqirus,1,4
2367,837S0718,2024-05-28,76,Female,FK2,Secondary,NA,NA,NA,NA,NA,NA,NA,NA,NA,NA,NA,NA,>4,0
2368,837S0520,2024-05-27,39,Male,G77,Primary,2021-09-07,2021-09-07,2020-11-14,2020-11-14,NA,NA,NA,NA,NA,NA,NA,NA,>4,0
2369,837S0449,2024-05-23,56,Female,G53,Secondary,2022-01-17,2022-01-17,2021-07-03,2022-03-04,NA,NA,2022-10-22T00:00:00Z,Cell-based Quadrivalent Influenza Vaccine Seqirus,NA,NA,NA,NA,3,1
2370,837S0733,2024-05-29,44,Female,G64,Secondary,2022-03-18,2022-03-18,2020-08-30,2021-12-27,2021-12-07T00:00:00Z,Flucelvax Tetra Vaccine Seqirus,NA,NA,2023-11-29T00:00:00Z,Cell-based Quadrivalent Influenza Vaccine Seqirus,2024-11-06T00:00:00Z,Cell-based Quadrivalent Influenza Vaccine Seqirus,1,3
2371,837S0262,2024-05-21,74,Female,G72,Secondary,NA,NA,2021-04-18,2021-04-18,NA,NA,NA,NA,NA,NA,NA,NA,>4,0
2372,837S1172,2025-05-03,65,Male,G52,Secondary,NA,NA,2025-01-14,2025-05-02,NA,NA,NA,NA,NA,NA,NA,NA,>4,0
2373,837S0747,2024-05-29,42,Male,G81,Secondary,2021-07-16,2021-07-16,2021-05-26,2022-03-26,NA,NA,NA,NA,NA,NA,NA,NA,>4,0
2374,837S0783,2024-05-29,67,Female,G61,Primary,NA,NA,2022-08-06,2022-08-06,2021-11-11T00:00:00Z,Fluad Tetra Vaccine Seqirus,2022-10-06T00:00:00Z,Adjuvanted Quadrivalent Influenza Vaccine Seqirus,2023-10-12T00:00:00Z,Adjuvanted Quadrivalent Influenza Vaccine Seqirus,2024-10-28T00:00:00Z,Adjuvanted Quadrivalent Influenza Vaccine Seqirus,1,4
2375,837S0988,2024-05-29,54,Female,G15,Primary,2021-09-10,2021-09-10,2021-08-12,2021-11-29,2021-11-21T00:00:00Z,Flucelvax Tetra Vaccine Seqirus,2022-09-20T00:00:00Z,Cell-based Quadrivalent Influenza Vaccine Seqirus,2023-11-01T00:00:00Z,Cell-based Quadrivalent Influenza Vaccine Seqirus,2024-10-23T00:00:00Z,Cell-based Quadrivalent Influenza Vaccine Seqirus,1,4
2376,837S0184,2024-05-21,80,Male,G81,Secondary,2024-07-31,2024-08-08,2021-04-17,2024-02-20,2021-10-16T00:00:00Z,Fluad Tetra Vaccine Seqirus,2022-10-08T00:00:00Z,Adjuvanted Quadrivalent Influenza Vaccine Seqirus,2023-10-16T00:00:00Z,Adjuvanted Quadrivalent Influenza Vaccine Seqirus,NA,NA,2,3
2377,837S0870,2024-05-30,65,Male,G66,Secondary,NA,NA,2021-01-09,2023-06-14,2021-10-01T00:00:00Z,Flucelvax Tetra Vaccine Seqirus,2022-10-19T00:00:00Z,Cell-based Quadrivalent Influenza Vaccine Seqirus,2023-11-01T00:00:00Z,Cell-based Quadrivalent Influenza Vaccine Seqirus,2024-11-21T00:00:00Z,Adjuvanted Quadrivalent Influenza Vaccine Seqirus,1,4
2378,837S1326,2025-05-06,71,Male,G11,Primary,NA,NA,NA,NA,2021-11-25T00:00:00Z,Fluad Tetra Vaccine Seqirus,2022-10-13T00:00:00Z,Adjuvanted Quadrivalent Influenza Vaccine Seqirus,NA,NA,NA,NA,3,2
2379,837S0107,2024-05-21,56,Female,PH1,Secondary,NA,NA,NA,NA,NA,NA,NA,NA,NA,NA,NA,NA,>4,0
2380,837S0467,2024-05-22,58,Female,G51,Primary,NA,NA,NA,NA,2021-12-07T00:00:00Z,Flucelvax Tetra Vaccine Seqirus,2022-11-10T00:00:00Z,Cell-based Quadrivalent Influenza Vaccine Seqirus,2023-09-06T00:00:00Z,Cell-based Quadrivalent Influenza Vaccine Seqirus,NA,NA,2,3
2381,837S1420,2025-05-07,50,Female,G41,Secondary,2022-01-05,2022-01-05,2021-09-18,2021-09-18,2021-10-17T00:00:00Z,Flucelvax Tetra Vaccine Seqirus,2022-09-28T00:00:00Z,Cell-based Quadrivalent Influenza Vaccine Seqirus,2023-10-09T00:00:00Z,Cell-based Quadrivalent Influenza Vaccine Seqirus,2025-01-05T00:00:00Z,Cell-based Quadrivalent Influenza Vaccine Seqirus,1,4
2382,837s1237,2025-05-03,73,Female,G51,Secondary,NA,NA,2025-04-25,2025-04-25,2021-11-06T00:00:00Z,Fluad Tetra Vaccine Seqirus,2022-10-12T00:00:00Z,Adjuvanted Quadrivalent Influenza Vaccine Seqirus,2023-11-16T00:00:00Z,Adjuvanted Quadrivalent Influenza Vaccine Seqirus,2024-11-10T00:00:00Z,Adjuvanted Quadrivalent Influenza Vaccine Seqirus,1,4
2383,837S0524,2024-05-27,42,Female,G53,Secondary,2021-12-27,2021-12-27,2021-05-18,2021-06-29,2021-10-02T00:00:00Z,Flucelvax Tetra Vaccine Seqirus,NA,NA,NA,NA,2024-12-01T00:00:00Z,Cell-based Quadrivalent Influenza Vaccine Seqirus,1,2
2384,837S0481,2024-05-23,80,Female,G73,Secondary,NA,NA,2020-08-12,2020-08-12,NA,NA,NA,NA,NA,NA,NA,NA,>4,0
2385,837S0554,2024-05-28,80,Female,G81,Secondary,NA,NA,2024-05-28,2024-06-19,2021-10-30T00:00:00Z,Fluad Tetra Vaccine Seqirus,2022-10-08T00:00:00Z,Adjuvanted Quadrivalent Influenza Vaccine Seqirus,2023-10-23T00:00:00Z,Adjuvanted Quadrivalent Influenza Vaccine Seqirus,NA,NA,2,3
2386,837S1047,2025-05-03,68,Male,G53,Secondary,NA,NA,2020-11-07,2021-11-12,2021-12-05T00:00:00Z,Flucelvax Tetra Vaccine Seqirus,2022-10-20T00:00:00Z,Adjuvanted Quadrivalent Influenza Vaccine Seqirus,2023-12-10T00:00:00Z,Adjuvanted Quadrivalent Influenza Vaccine Seqirus,2024-11-07T00:00:00Z,Adjuvanted Quadrivalent Influenza Vaccine Seqirus,1,4
2387,837S0660,2024-05-28,84,Male,G76,Secondary,2022-03-03,2022-04-09,2021-11-18,2024-02-20,2021-10-20T00:00:00Z,Fluad Tetra Vaccine Seqirus,2022-10-19T00:00:00Z,Adjuvanted Quadrivalent Influenza Vaccine Seqirus,2023-10-06T00:00:00Z,Adjuvanted Quadrivalent Influenza Vaccine Seqirus,NA,NA,2,3
2388,837S0126,2024-05-21,52,Male,G81,Secondary,2024-07-03,2024-07-03,2021-08-06,2025-01-27,2021-12-12T00:00:00Z,Flucelvax Tetra Vaccine Seqirus,NA,NA,NA,NA,NA,NA,4,1
2389,837S0609,2024-05-27,73,Female,G81,Primary,NA,NA,2024-09-29,2024-09-29,NA,NA,NA,NA,NA,NA,NA,NA,>4,0
2390,837S0772,2024-05-29,61,Female,G15,Secondary,NA,NA,2021-11-17,2025-06-01,NA,NA,NA,NA,NA,NA,NA,NA,>4,0
2391,837S0010,2024-05-21,54,Female,G43,Secondary,NA,NA,2020-11-10,2024-11-18,2021-11-08T00:00:00Z,Flucelvax Tetra Vaccine Seqirus,NA,NA,2023-10-08T00:00:00Z,Cell-based Quadrivalent Influenza Vaccine Seqirus,2024-11-30T00:00:00Z,Cell-based Quadrivalent Influenza Vaccine Seqirus,1,3
2392,837S0189,2024-05-21,31,Female,G72,Secondary,2021-06-13,2021-06-13,2020-03-02,2025-01-31,NA,NA,NA,NA,NA,NA,NA,NA,>4,0
2393,837S0730,2024-05-29,48,Male,G51,Primary,NA,NA,2021-03-20,2021-07-20,NA,NA,NA,NA,NA,NA,NA,NA,>4,0
2394,837S0519,2024-05-27,62,Male,G51,Secondary,NA,NA,2022-05-16,2022-05-16,NA,NA,NA,NA,NA,NA,NA,NA,>4,0
2395,837S1410,2025-05-07,74,Male,G73,Secondary,NA,NA,NA,NA,NA,NA,NA,NA,NA,NA,NA,NA,>4,0
2396,837S0248,2024-05-21,57,Female,G76,Primary,NA,NA,2020-05-28,2022-03-17,NA,NA,NA,NA,NA,NA,NA,NA,>4,0
2397,837S0359,2024-05-22,61,Female,G44,Primary,2022-01-07,2022-01-07,2021-12-13,2024-08-20,NA,NA,NA,NA,NA,NA,NA,NA,>4,0
2398,837S0830,2024-05-29,63,Female,G53,Primary,NA,NA,NA,NA,2021-11-27T00:00:00Z,Flucelvax Tetra Vaccine Seqirus,2022-11-17T00:00:00Z,Cell-based Quadrivalent Influenza Vaccine Seqirus,2023-11-25T00:00:00Z,Cell-based Quadrivalent Influenza Vaccine Seqirus,2024-12-05T00:00:00Z,Cell-based Quadrivalent Influenza Vaccine Seqirus,1,4
2399,837S0092,2024-05-21,45,Female,G72,Secondary,NA,NA,2024-05-19,2024-09-06,NA,NA,NA,NA,NA,NA,NA,NA,>4,0
2400,837S0759,2024-05-29,91,Female,G53,Secondary,NA,NA,2020-07-03,2022-08-23,2021-10-12T00:00:00Z,Fluad Tetra Vaccine Seqirus,2022-09-14T00:00:00Z,Adjuvanted Quadrivalent Influenza Vaccine Seqirus,2023-09-19T00:00:00Z,Adjuvanted Quadrivalent Influenza Vaccine Seqirus,2024-10-24T00:00:00Z,Adjuvanted Quadrivalent Influenza Vaccine Seqirus,1,4
2401,837S0113,2024-05-21,25,Male,G41,Secondary,NA,NA,NA,NA,NA,NA,NA,NA,NA,NA,NA,NA,>4,0
2402,837S1461,2025-05-06,69,Female,G53,Primary,2022-01-15,2022-01-16,2020-06-11,2022-01-03,NA,NA,NA,NA,NA,NA,NA,NA,>4,0
2403,837S0064,2024-05-21,90,Male,G13,Secondary,NA,NA,2024-01-01,2024-01-01,NA,NA,NA,NA,2023-10-20T00:00:00Z,Adjuvanted Quadrivalent Influenza Vaccine Seqirus,NA,NA,2,1
2404,837S1382,2025-05-07,77,Male,G63,Secondary,NA,NA,2024-09-19,2025-03-25,NA,NA,NA,NA,NA,NA,NA,NA,>4,0
2405,837S0675,2024-05-28,63,Female,KA6,Secondary,NA,NA,NA,NA,NA,NA,NA,NA,NA,NA,NA,NA,>4,0
